riskLevel,name,token_symbol,dc_Category,dc_EntryDate,dc_Summary,country_combined,ICODuration_combined,preICODuration_combined,rating_combined,ERC20_combined,is_Ethereum_based,token_type,price_USD,whitelist,kyc,bounty,teamSize_combined,tokensForSale_combined,distributedInICO_combined,has_softCap,has_hardCap,has_website,has_whitepaper,has_twitter,has_github,has_telegram
1,Tixl,MTXLT,,,,Germany,42.0,92.0,4.45,No,No,Payment,50.0,Yes,No,No,8.0,45000.0,0.05,No,No,Yes,Yes,Yes,Yes,Yes
1,Aenco,AEN,,,,Samoa,29.0,35.0,4.2,Yes,Yes,Utility,0.1,Yes,Yes,No,22.5,600000000.0,0.15,Yes,Yes,Yes,Yes,Yes,Yes,Yes
1,Verasity,VRA,,,,Cayman Islands,5.0,,4.3,Yes,Yes,Utility,0.0106,Yes,Yes,No,16.0,6245750000.0,0.5,Yes,Yes,Yes,Yes,Yes,Yes,Yes
2,Howdoo,uDoo,Scam,13/11/2019,"Howdoo say they are a new type of Social Media platform built on the blockchain with their own utility token called the UDOO. However, after an initial ICO in mid 2018, 2 subsequent funding rounds, 3 token swaps blamed on a variety of factors from a Coinbene hacking which resulted in 18+ Million UDOO being burned to smart contracts being compromised, they have yet to produce a working platform, beyond a very basic Beta version. A recent token swap was conducted from 26th Aug to the end of October, during which time all ""Old-UDOO"" holders were locked out and unable to trade for 2 months and new UDOO were issued to 3 exchanges during this time.The UDOO was listed on a Chinese exchange MXC on the premise of attracting Chinese investors/traders and during the month of Sept (The Pump) the value of UDOO went from $0.006 up to $0.12. Within days after the token swap was completed, the UDOO had already fallen to near all-time lows and it was announced recently that UDOO would delist from MXC (citing internal review). Howdoo is actively promoting the sale of ""Nodes"" for UDOO and offering as much as 30% per annum returns, yet Howdoo are still not on any blockchain nor are they in fact running any Nodes.They have a history of making exaggerated announcements to attract attention with very little validity and embellishing the truth. One such example is that Howdoo will partner with Huawei to provide an OEM app on all future phones, when in fact the reality at the time was that Howdoo was listed on the Huawei app store. There is a constant turnover of new investors who do not conduct their own research and as older investors have left their losses and moved on, and anyone asking about the recent past token swap and exchange listings as well as the blatant pump & dump gets banned and or referred to as fudders in their Telegram chat.",Cayman Islands,30.0,31.0,4.3,Yes,Yes,Utility,0.0689,Yes,Yes,Yes,18.0,311111110.0,0.35,No,Yes,Yes,Yes,Yes,Yes,Yes
1,IQeon,IQN,,,,Estonia,42.0,9.0,4.0,Yes,Yes,Utility,2.15,No,No,Yes,21.5,7000000.0,0.7,Yes,Yes,Yes,Yes,Yes,Yes,Yes
1,QuarkChain,QKC,Scam,03/05/2019,"Even they had mainnet event, price dropped day by day.",USA,1.0,,4.5,Yes,Yes,Utility,0.0187,No,No,No,13.0,2000000000.0,0.2,Yes,Yes,Yes,Yes,Yes,Yes,Yes
1,Enkronos,ENK,,,,Slovenia,63.0,19.0,2.95,Yes,Yes,Utility,0.6299,Yes,No,Yes,21.0,500000000.0,0.51,Yes,Yes,Yes,Yes,Yes,Yes,Yes
1,Eristica,ERT,,,,Singapore,62.0,30.0,4.0,Yes,Yes,Utility,0.02,No,Yes,No,12.0,156905453.0,0.68,Yes,Yes,Yes,Yes,Yes,Yes,Yes
1,Spiking,SPIKE,,,,Cayman Islands,12.0,169.0,4.4,Yes,Yes,Utility,0.01,Yes,Yes,Yes,41.5,3250000000.0,0.65,Yes,Yes,Yes,Yes,Yes,Yes,Yes
1,Ternio,TERN,,,,USA,14.0,150.0,4.6,No,No,Utility,0.1,No,Yes,Yes,10.0,1000000000.0,0.49,Yes,Yes,Yes,Yes,Yes,Yes,Yes
1,Ubex,UBEX,,,,Switzerland,132.0,,4.0,Yes,Yes,Utility,0.0023,No,Yes,Yes,30.0,2880000000.0,0.72,Yes,Yes,Yes,Yes,Yes,Yes,Yes
1,Cloudbric,CLB,,,,Singapore,9.0,30.0,4.4,Yes,Yes,Utility,0.0158,No,Yes,Yes,26.5,440000000.0,0.44,Yes,Yes,Yes,Yes,Yes,Yes,Yes
1,Crypterium,CRPT,Scam,18/04/2019,"A more than year after ICO there is no working product. Team missed all the deadlines and is updating WP over and over. Endless fake promises, lies  and ""soon"" and  ""in couple of weeks"" statements with no real progress. Permanent withdrawal issues from their fake Instachange.net website. Team selling big amounts of tokens and dumping. Investors are banned on all social platforms (Telegram, Reddit, Medium, Twitter). A lot of fake users are celebrating non-existing services.  Fake HitBTC price contest. Rented CEO with no executive power,  just a Youtube ""actor"" for their channel. They say Crypterium is having offices in Moscow, London and USA however their addresses are unknown and they don´t want to reveal them. ICO founders involved in scams like Storiqa, Genexi, KYC.Legal and others. Founder  Gorbunov involved in money stealing connected to  Skolkovo Technology Hub in Russia and Moscow travelcard.",Estonia,75.0,,3.65,Yes,Yes,Utility,1.5,No,No,No,9.0,,0.7,Yes,Yes,Yes,Yes,Yes,No,Yes
1,Menlo One,ONE,Scam,15/01/2019,Dead ass a door nail.,Cayman Islands,28.0,27.0,4.35,Yes,Yes,Utility,0.0177,Yes,Yes,No,10.0,354000000.0,0.3,No,Yes,Yes,Yes,Yes,Yes,Yes
1,Paytomat,PTI,,,,Estonia,30.0,16.0,4.0,No,No,Utility,0.5652,Yes,Yes,Yes,19.0,17555000.0,0.8,Yes,Yes,Yes,Yes,Yes,Yes,Yes
1,Bidooh,DOOH,,,,Gibraltar,56.0,,4.1,Yes,Yes,Utility,0.0005,Yes,Yes,No,22.0,126000000000.0,0.7,Yes,Yes,Yes,Yes,Yes,Yes,Yes
1,Blockpass,PASS,,,,Hong Kong,183.0,,4.2,Yes,Yes,Utility,0.1167,Yes,Yes,No,16.0,400000000.0,0.4,Yes,Yes,Yes,Yes,Yes,Yes,Yes
1,Cappasity,CAPP,Scam,08/12/2019,It was a promising ICO back than. They failed to deliver on any promises and after severe criticism the the discussion channel is just an announcement channel now. Multiple users reportet on twitter that they got blocked simply for asking questions.,Cayman Islands,28.0,,4.0,Yes,Yes,Utility,0.008,No,No,No,18.5,663000000.0,0.7,No,Yes,Yes,Yes,Yes,Yes,Yes
1,Dacxi,DAC,Deceased,29/01/2019,"Coins never released to public, No activity on their social app, no progress on there other applications, no trading on the Dacxi exchange, deleted some of there social pages.",Singapore,50.0,,4.1,Yes,Yes,Utility,0.0092,No,No,Yes,17.0,10000000000.0,0.2,Yes,Yes,Yes,Yes,Yes,Yes,Yes
1,Mandala,MDX,Scam,14/02/2020,"Team vanished - possible  exit scamWebsite doesn't work  https://mandalaex.com/Possible exit scam planned from the start of the ICO. They raised money, spent as little as possible to put out crapy exchange and vanished with the money left by the looks of it.",Cayman Islands,42.0,40.0,3.7,Yes,Yes,Utility,0.07,Yes,Yes,No,27.0,400000000.0,0.65,Yes,Yes,Yes,Yes,Yes,Yes,Yes
1,Sparkle,SPRKL,,,,Canada,48.0,10.0,4.2,Yes,Yes,Utility,0.2393,No,Yes,Yes,9.5,19698000.0,0.6,Yes,Yes,Yes,Yes,Yes,Yes,Yes
1,Tokpie,TKP,,,,Hong Kong,65.0,13.0,4.0,Yes,Yes,Utility,0.3508,Yes,Yes,Yes,11.0,,0.65,Yes,Yes,Yes,Yes,Yes,Yes,Yes
1,AMO Coin,AMO,,,,Singapore,7.0,7.0,4.2,Yes,Yes,Utility,0.0022,No,Yes,Yes,57.0,8000000000.0,0.4,No,Yes,Yes,Yes,Yes,Yes,Yes
1,aQuest,AQU,,,,Slovenia,43.0,28.0,3.9,Yes,Yes,Utility,0.5742,No,No,Yes,12.5,200000000.0,0.3611,Yes,Yes,Yes,Yes,Yes,Yes,Yes
2,Auctus,AUC,Deceased,17/01/2020,"CEO Raphael Vantroost took a chunk from the ICO funds and wiped Auctus from his LinkedIn back in 2018. Team nowhere to be found. Last relevant github commit on Jan 4, 2019",British Virgin Islands,10.0,3.0,3.9,Yes,Yes,Utility,0.283,Yes,Yes,No,18.0,54060000.0,0.51,Yes,Yes,Yes,Yes,Yes,Yes,Yes
1,BitCanna,BCNA,,,,Netherlands,227.0,14.0,4.05,No,No,Payment,0.12,Yes,Yes,Yes,20.0,252000000.0,0.6,Yes,Yes,Yes,Yes,Yes,Yes,Yes
1,Bitdepositary,BDT,Scam,15/12/2018,SCAM !!! Team buying sports cars whilst jetting off everywhere.,Malta,77.0,28.0,4.0,Yes,Yes,Utility,0.1,Yes,Yes,No,21.0,750000000.0,0.63,Yes,Yes,Yes,Yes,Yes,Yes,Yes
1,BolttCoin,BOLTT,,,,Estonia,14.0,31.0,4.0,Yes,Yes,Utility,0.5,Yes,Yes,Yes,19.0,170000000.0,0.6,Yes,Yes,Yes,Yes,Yes,Yes,Yes
1,Dataeum,XDT,,,,Estonia,60.0,60.0,4.2,Yes,Yes,Utility,0.03,Yes,Yes,No,18.0,500000000.0,0.5,No,Yes,Yes,Yes,Yes,Yes,Yes
1,DexAge,DXG,,,,Nigeria,16.0,31.0,4.1,Yes,Yes,Utility,0.0008,Yes,No,Yes,18.0,2750000000.0,0.55,Yes,Yes,Yes,Yes,Yes,Yes,Yes
1,ECOMI,OMI,,,,Singapore,1.0,75.0,4.1,Yes,Yes,Utility,0.05,Yes,Yes,Yes,24.5,500000000.0,0.5,Yes,Yes,Yes,Yes,Yes,Yes,Yes
2,EtherInc,ETI,Scam,17/03/2019,"eInc Organization is a smart contract with predefined protocol (eInc protocol) and running on EtherInc blockchain, every eInc has a unique name and will be maintained by eIncNS (eInc organizations name service) smart contract.",Australia,10.0,8.0,4.3,Yes,Yes,Utility,0.1,Yes,Yes,Yes,15.0,450000000.0,0.4511,Yes,Yes,Yes,Yes,Yes,Yes,Yes
1,Faceter,FACE,Deceased,02/07/2018,Way below the ico pricehttps://coinmarketcap.com/currencies/faceter/,South Africa,43.0,0.0,4.5,Yes,Yes,Utility,0.0279,Yes,Yes,No,12.0,408000000.0,0.408,Yes,Yes,Yes,Yes,Yes,Yes,Yes
1,Fiii,Fiii,,,,Hong Kong,60.0,19.0,3.8,No,No,Utility,0.12,No,Yes,Yes,28.5,750000000.0,0.17,Yes,Yes,Yes,Yes,Yes,Yes,Yes
1,Fortem Capital,FCQ,,,,Estonia,3.0,,4.0,Yes,Yes,Utility,0.2,No,Yes,No,15.5,168000000.0,0.8,Yes,Yes,Yes,Yes,Yes,Yes,Yes
1,FortFC,FFCT,Deceased,11/09/2019,"The project team has not managed to attract the necessary amount of investments. Therefore, ICO FortFC is declared unfulfilled.",Russia,165.0,95.0,4.0,Yes,Yes,Utility,0.2259,Yes,Yes,Yes,29.5,231000000.0,0.77,Yes,Yes,Yes,Yes,Yes,Yes,Yes
1,FRELDO,FRECNX,,,,Canada,7.0,,3.8,Yes,Yes,Utility,0.4,Yes,Yes,Yes,23.0,1250000.0,0.75,Yes,Yes,Yes,Yes,Yes,Yes,Yes
1,HighBank,HIGH,,,,British Virgin Islands,121.0,27.0,3.85,Yes,Yes,Utility,1.0,No,Yes,Yes,20.0,40000000.0,0.4,Yes,Yes,Yes,Yes,Yes,Yes,Yes
1,HubrisOne,HBRS,,,,UK,89.0,,3.5,Yes,Yes,Utility,0.01,No,Yes,Yes,7.5,600000000.0,0.6,Yes,Yes,Yes,Yes,Yes,Yes,Yes
1,Hurify,HUR,,,,Canada,27.0,6.0,4.0,Yes,Yes,Utility,158.0,No,Yes,No,13.0,151250000.0,0.6,Yes,Yes,Yes,Yes,Yes,Yes,Yes
1,JOYS,JOYS,,,,Russia,72.0,15.0,3.55,Yes,Yes,Utility,0.05,No,Yes,Yes,24.0,3500000000.0,0.35,Yes,Yes,Yes,Yes,Yes,Yes,Yes
1,Kaiser,KISC,,,,Kyrgyzstan,10.0,11.0,3.6,Yes,Yes,Utility,0.08,No,Yes,No,40.5,4000000000.0,0.6,Yes,Yes,Yes,Yes,Yes,Yes,Yes
1,Kuende,KUE,,,,Switzerland,28.0,69.0,4.0,Yes,Yes,Utility,0.0041,Yes,Yes,No,35.0,1780000000.0,0.5,Yes,Yes,Yes,Yes,Yes,Yes,Yes
1,LivenPay,LVN,,,,Australia,122.0,292.0,4.0,Yes,Yes,Utility,0.015,No,Yes,No,15.0,3000000000.0,0.3,Yes,Yes,Yes,Yes,Yes,Yes,Yes
1,LocalCoinSwap,LCS,,,,Hong Kong,61.0,16.0,4.3,Yes,Yes,Utility,0.4,No,No,Yes,12.0,70000000.0,0.7,Yes,Yes,Yes,Yes,Yes,Yes,Yes
1,Peculium,PCL,,,,France,31.0,3.0,3.9,Yes,Yes,Utility,0.01,No,Yes,Yes,39.5,5000000000.0,0.25,Yes,Yes,Yes,Yes,Yes,Yes,Yes
1,Peoplewave,PWV,,,,Singapore,6.0,49.0,4.0,Yes,Yes,Utility,0.087,No,Yes,Yes,27.0,504000000.0,0.42,Yes,Yes,Yes,Yes,Yes,Yes,Yes
1,RedCab,REDC,,,,Egypt,115.0,20.0,4.1,Yes,Yes,Utility,0.0912,Yes,No,Yes,28.0,62000000.0,0.62,No,Yes,Yes,Yes,Yes,Yes,Yes
1,Remiit,REMI,,,,Singapore,1.0,29.0,4.0,Yes,Yes,Utility,0.0009,Yes,Yes,No,20.5,6000000000.0,0.4,Yes,Yes,Yes,Yes,Yes,Yes,Yes
1,Snapparazzi,SNPC,,,,Malta,45.0,28.0,3.8,Yes,Yes,Utility,0.18,No,Yes,No,14.5,514500000.0,0.7,Yes,Yes,Yes,Yes,Yes,Yes,Yes
1,Talao,TALAO,,,,France,25.0,26.0,4.1,Yes,Yes,Utility,0.46,Yes,Yes,No,16.5,100500000.0,0.67,Yes,Yes,Yes,Yes,Yes,Yes,Yes
1,Terawatt,LED,,,,Netherlands,91.0,116.0,3.6,Yes,Yes,Utility,0.4,No,Yes,Yes,17.0,65000000.0,0.65,Yes,Yes,Yes,Yes,Yes,Yes,Yes
1,TerraGreen,TGN,,,,Malaysia,129.0,,4.4,No,No,Utility,0.1,No,Yes,Yes,17.5,108000000.0,0.4,Yes,Yes,Yes,Yes,Yes,Yes,Yes
1,Truegame,TGAME,,,,Costa Rica,14.0,41.0,4.7,Yes,Yes,Utility,0.0736,Yes,No,Yes,21.0,210000000.0,0.7,Yes,Yes,Yes,Yes,Yes,Yes,Yes
1,Viberate,VIB,,,,Slovenia,0.0,,3.95,Yes,Yes,Utility,0.1,No,No,No,30.0,120000000.0,,Yes,Yes,Yes,Yes,Yes,Yes,Yes
1,W Green Pay,WGP,,,,Singapore,1.0,11.0,3.3,Yes,No,Utility,2.0,No,Yes,Yes,28.5,200000000.0,0.2,Yes,Yes,Yes,Yes,Yes,Yes,Yes
1,W12,W12,,,,Singapore,41.0,61.0,3.9,Yes,Yes,Utility,0.08,Yes,Yes,Yes,12.0,240000000.0,0.6,Yes,Yes,Yes,Yes,Yes,Yes,Yes
1,Wemark,WMK,,,,Israel,11.0,14.0,4.0,Yes,Yes,Utility,0.1954,Yes,Yes,Yes,30.0,46500000.0,0.34,Yes,Yes,Yes,Yes,Yes,Yes,Yes
1,WolfpackBOT,WOLF,,,,Bahamas,348.0,61.0,3.6,No,No,Utility,0.15,No,Yes,Yes,17.5,240000000.0,0.8,Yes,Yes,Yes,Yes,Yes,Yes,Yes
1,XRT,XRT,,,,India,50.0,29.0,3.05,Yes,Yes,Utility,0.0696,No,Yes,No,25.0,330000000.0,0.66,Yes,Yes,Yes,Yes,Yes,Yes,Yes
1,Aerum,XRM,,,,Seychelles,89.0,77.0,4.0,Yes,Yes,Utility,4.4982,Yes,Yes,Yes,20.0,200000000.0,0.2,Yes,Yes,Yes,Yes,Yes,Yes,Yes
1,AllSesame,SST,,,,Estonia,101.0,9.0,3.85,Yes,Yes,Utility,0.001,Yes,No,Yes,27.0,6000000000.0,0.6,Yes,Yes,Yes,Yes,Yes,Yes,Yes
1,Armacoin,GZM,,,,UK,345.0,,3.4,Yes,Yes,Utility,1.0,Yes,No,Yes,6.0,300000000.0,0.3,Yes,Yes,Yes,Yes,Yes,Yes,Yes
1,Birdchain,BIRD,,,,Estonia,91.0,,4.05,Yes,Yes,Utility,0.013,No,No,No,26.0,441000000.0,0.43,Yes,Yes,Yes,Yes,Yes,Yes,Yes
1,BQT,BQTX,,,,UK,181.0,31.0,3.85,Yes,Yes,Utility,1.08,Yes,Yes,Yes,34.0,200000000.0,,Yes,Yes,Yes,Yes,Yes,Yes,Yes
1,Bytus,BYTS,,,,USA,30.0,31.0,4.1,Yes,Yes,Utility,0.59,No,Yes,No,16.0,50000000.0,0.758,Yes,Yes,Yes,Yes,Yes,Yes,Yes
1,Crypto Angel,ANGEL,,,,Serbia,31.0,,3.95,Yes,Yes,Utility,0.4048,No,No,No,10.0,15000000.0,0.8333,Yes,Yes,Yes,Yes,Yes,Yes,Yes
1,CyClean,CCL,,,,Singapore,55.0,17.0,4.3,Yes,Yes,Utility,0.0278,Yes,Yes,Yes,24.0,1200000000.0,0.3,Yes,Yes,Yes,Yes,Yes,Yes,Yes
1,DateCoin,DTC,Parody,11/05/2019,Coins to pay in dating app. They are lying about numer of users. Telegram channels are dead. Only admins and 2 or 3 people say anything.  They delete messages on telegram which are inconviniet for them  and blockin users for asking question.  Daily volume on exchanges is about 4$.,Belize,61.0,30.0,4.1,Yes,Yes,Utility,0.141,Yes,Yes,No,20.0,303000000.0,0.65,Yes,Yes,Yes,Yes,Yes,Yes,Yes
1,Discoin,DSCN,Deceased,19/01/2020,More then just another Cryptonight ASIC copy failure.Coin was created for online shopping.,Hong Kong,30.0,46.0,4.5,No,No,Utility,0.0182,No,Yes,No,5.0,250000000.0,0.25,Yes,Yes,Yes,Yes,Yes,Yes,Yes
1,DIW Token,DIW,,,,Marshall Islands,28.0,14.0,4.2,Yes,Yes,Utility,0.069,No,Yes,Yes,19.5,700000000.0,0.7,No,Yes,Yes,Yes,Yes,Yes,Yes
2,Elysian,ELY,Deceased,31/12/2018,"Shitcoin of a shitcoin worst team, worse CEO Leo Ameri complete idiot ruined the company had no idea how to do a cap table sad sitcoin",Belize,20.0,13.0,4.3,Yes,Yes,Utility,0.12,Yes,Yes,Yes,21.0,230000000.0,0.23,Yes,Yes,Yes,Yes,Yes,Yes,Yes
1,Etheal,HEAL,,,,Estonia,28.0,16.0,4.2,Yes,Yes,Utility,0.7592,Yes,Yes,No,20.0,92000000.0,0.565,Yes,Yes,Yes,Yes,Yes,Yes,Yes
1,Futurepia,PIA,,,,Northern Mariana Islands,1.0,60.0,4.0,No,No,Utility,0.0048,No,Yes,No,27.5,6660000000.0,0.3,No,No,Yes,Yes,Yes,Yes,Yes
1,FXPay,FXP,,,,UK,91.0,91.0,3.9,Yes,Yes,Utility,1.6,Yes,Yes,No,5.0,200000000.0,0.4,Yes,Yes,Yes,Yes,Yes,Yes,Yes
1,GAMB,GMB,,,,Malta,0.0,27.0,4.15,Yes,Yes,Utility,0.0557,Yes,Yes,No,38.0,1750000000.0,0.35,Yes,Yes,Yes,Yes,Yes,Yes,Yes
1,Gamblica,GMBC,,,,Malta,214.0,,4.1,Yes,Yes,Utility,0.042,No,Yes,No,12.5,723925462.0,0.6,Yes,Yes,Yes,Yes,Yes,Yes,Yes
1,Iagon,IAG,Scam,24/08/2019,Organisation and lead people have pulled a runner - disappeared and taken the money with them.  Uncontactable.,Norway,90.0,30.0,4.2,Yes,Yes,Utility,0.12,No,Yes,Yes,27.0,700000000.0,0.7,Yes,Yes,Yes,Yes,Yes,Yes,Yes
1,ICOVO,OVO,,,,Switzerland,31.0,14.0,3.7,Yes,Yes,Utility,0.3,Yes,Yes,Yes,15.0,120000000.0,0.6,Yes,Yes,Yes,Yes,Yes,Yes,Yes
1,IOU,IOUX,,,,UK,153.0,31.0,4.2,Yes,Yes,Utility,0.28,Yes,Yes,Yes,33.0,200000000.0,0.575,No,No,Yes,Yes,Yes,Yes,Yes
1,IZX,IZX,,,,Singapore,44.0,16.0,4.2,Yes,Yes,Utility,0.01,No,Yes,No,17.5,5000000000.0,0.5,Yes,Yes,Yes,Yes,Yes,Yes,Yes
2,JSEcoin,JSE,Deceased,07/04/2020,JSEcoin closed down and will stop the project;,UK,92.0,,3.95,Yes,Yes,Utility,0.0026,Yes,Yes,Yes,11.5,5000000000.0,0.5,No,Yes,Yes,Yes,Yes,Yes,Yes
1,Jury.Online,JOT,,,,Estonia,77.0,21.0,4.1,Yes,Yes,Utility,0.51,No,No,No,10.0,21000000.0,0.7,Yes,Yes,Yes,Yes,Yes,Yes,Yes
1,Marginless,MRS,,,,UK,50.0,1.0,3.5,Yes,Yes,Utility,0.055,No,Yes,No,19.5,210000000.0,0.7,Yes,Yes,Yes,Yes,Yes,Yes,Yes
1,MeconCash,MCH,,,,South Korea,1.0,1.0,4.1,No,No,Payment,0.1914,Yes,Yes,No,12.5,,0.1,Yes,Yes,Yes,Yes,Yes,Yes,Yes
1,MoneyToken,IMT,Scam,23/06/2019,Came up with big expectations  to give loan and ended up scamming people. Blocking every  investors on telegram and buying telegram users to look good for ousiders.  Its been a year and no work been done no updates . Ceo left the company No AMA nothing . Pure scam raised 38 million dollars in ICO 1 year back and did absolutely no work  . Pure Scam . Dont even look to invest .,UK,120.0,,4.2,Yes,Yes,Utility,0.005,Yes,Yes,No,17.5,10120000.0,0.45,Yes,Yes,Yes,Yes,Yes,Yes,Yes
1,Omnitude,ECOM,,,,UK,68.0,17.0,4.3,Yes,No,Utility,0.46,No,Yes,Yes,19.0,55000000.0,0.55,Yes,Yes,Yes,Yes,Yes,Yes,Yes
2,Paymon,PMNT,,,,Russia,34.0,3.0,4.3,Yes,Yes,Utility,0.015,Yes,No,Yes,22.5,850000000.0,0.85,Yes,Yes,Yes,Yes,Yes,Yes,Yes
1,Pledgecamp,PLG,,,,Cayman Islands,29.0,,3.9,Yes,Yes,Utility,0.0001,Yes,Yes,Yes,23.5,30000000000.0,0.2,No,Yes,Yes,Yes,Yes,Yes,Yes
1,qiibee,QBX,,,,Switzerland,30.0,,4.1,Yes,Yes,Utility,0.0205,Yes,Yes,Yes,30.5,673400000.0,0.51,Yes,Yes,Yes,Yes,Yes,Yes,Yes
2,Rentberry,BERRY,Scam,25/06/2018,"Rentberry ICO has been officially declared as complete ""Fraud and Scam""  Bitcoin forum.  30 out 35 Rentberry employee LinkedIn profile are not available for public view.",Gibraltar,85.0,,4.0,Yes,Yes,Utility,0.347,No,No,No,31.5,400000000.0,0.7,Yes,Yes,Yes,Yes,Yes,Yes,Yes
1,SID Token,SIDT,,,,Gibraltar,136.0,139.0,4.1,No,No,Utility,0.0113,Yes,Yes,No,24.0,10250000000.0,0.41,No,Yes,Yes,Yes,Yes,Yes,Yes
2,SKYFchain,SKYFT,,,,Estonia,158.0,5.0,4.6,Yes,Yes,Utility,0.065,Yes,No,Yes,17.5,528000000.0,0.44,Yes,Yes,Yes,Yes,Yes,Yes,Yes
1,Slate,SLX,,,,Canada,20.0,29.0,3.9,No,No,Utility,0.03,Yes,Yes,Yes,16.0,4560000000.0,0.48,Yes,Yes,Yes,Yes,Yes,Yes,Yes
1,Streamity,STM,,,,Singapore,42.0,,4.05,Yes,Yes,Utility,0.2,Yes,No,Yes,23.5,110200000.0,0.7,Yes,Yes,Yes,Yes,Yes,Yes,Yes
1,Sudan Gold Coin,SGC,Scam,02/05/2019,"Scam. Over 2 years of promices, but still no ICO, no token's exchange",Italy,38.0,31.0,3.5,Yes,Yes,Utility,2.47,Yes,Yes,Yes,10.0,15550000.0,0.622,Yes,Yes,Yes,Yes,Yes,Yes,Yes
1,Swace,SWACE,,,,Lithuania,11.0,92.0,4.4,Yes,Yes,Utility,0.02,No,Yes,No,6.0,135000000.0,0.05,Yes,Yes,Yes,Yes,Yes,Yes,Yes
1,SyncFab,MFG,,,,USA,28.0,92.0,4.0,Yes,Yes,Utility,0.12,No,No,No,18.5,300000000.0,,Yes,Yes,Yes,Yes,Yes,Yes,Yes
1,TV-TWO,TTV,,,,Liechtenstein,61.0,,4.1,Yes,Yes,Utility,0.035,No,Yes,No,21.0,500000000.0,0.75,Yes,Yes,Yes,Yes,Yes,Yes,Yes
1,Vernam,VRN,Scam,03/05/2019,https://www.linkedin.com/in/ivan-georgiev-8ba76239/ and his partners raised 250000ETH from ICO pre-sale and exited.,Bulgaria,31.0,20.0,4.2,Yes,Yes,Utility,0.085,Yes,Yes,Yes,23.0,500000000.0,0.5,Yes,Yes,Yes,Yes,Yes,Yes,Yes
1,WePower,WPR,,,,Gibraltar,1.0,31.0,4.2,Yes,Yes,Utility,125.0,Yes,Yes,Yes,20.0,80000000.0,0.1,Yes,Yes,Yes,Yes,Yes,Yes,Yes
1,XchangeRate,XRR,,,,Seychelles,64.0,16.0,4.1,Yes,Yes,Utility,0.059,No,No,Yes,15.5,200000000.0,0.8,Yes,Yes,Yes,Yes,Yes,Yes,Yes
1,XYO Network,XYO,Scam,10/08/2019,Scam coin that is selling hyped up Rapsberry Pi for $400 and used fraudulent advertising to get the unsuspecting to buy their coins and products which are worthless. Currently being investigated by the SEC for fraud.,USA,62.0,,4.15,Yes,Yes,Utility,0.007,Yes,Yes,Yes,25.0,100000000000.0,0.47,No,Yes,Yes,Yes,Yes,Yes,Yes
1,BitDegree,BDG,,,,Lithuania,28.0,,3.8,Yes,Yes,Utility,0.075,No,No,No,17.5,336600000.0,0.51,Yes,Yes,Yes,Yes,Yes,Yes,Yes
2,Bubbletone,UMT,Deceased,18/03/2019,Volume been equal to 0 since the start. only trades on HitBTC; never been added to coinmarketcap.com,Russia,87.0,37.0,4.4,No,No,Utility,0.17,Yes,Yes,Yes,25.5,500000000.0,0.5,No,Yes,Yes,Yes,Yes,Yes,Yes
2,Etheera,ETA,Scam,09/01/2019,"Etheera is a pump dump scam period.as quoted by ""freeatnet"" sourced from ""https://github.com/forkdelta/tokenbase/issues/1089""Beyond that, the market trading by direct contract appears to be wash trading, with buyer and seller most frequently the same:https://etherscan.io/tx/0x1413b7b7cfd13c26ff459575d6795819ed9db456f5392bdccda55307c5cb813b#eventlogwhen the case was closed on github Etheera changed the topic from ""Etheera changed the title Etheera (ETA) Token listing request Token listing request on 15 Nov 2018"" so it doesn't stick out so easily.Forkdelta even gave them the benefit of the doubt to redeem themselves as quoted""Etheera appears to be an ICO scam – or, at the very least, a dumb investment. The company has no product – not even an MVP or beta – available to the public. Despite the complete lack of any product or service, the company is launching a token sale with a ridiculous hard cap of $116 million USD.— https://bitcoinexchangeguide.com/etheera-eta-ico/If you believe the decision made was an error, you may ask for additional review. Please attach additional resources that would help address the concerns of lined above. In this case, links to user reviews of your beta would work in your favor""still no listing since.",Switzerland,113.0,,3.4,Yes,Yes,Utility,0.0012,No,Yes,No,14.5,75000000000.0,0.7,No,Yes,Yes,Yes,Yes,Yes,Yes
1,Fox Trading,FOXT,Scam,12/04/2019,Fox Trading (FOXT) is a cryptocurrency token and operates on the Ethereum platform,Estonia,16.0,7.0,3.9,Yes,Yes,Utility,0.49,Yes,Yes,Yes,8.0,7000000.0,0.7,Yes,Yes,Yes,Yes,Yes,Yes,Yes
1,Friendz,FDZ,Deceased,04/08/2019,Far below ICO price.Contact Telegram Group: Disabled.,Switzerland,19.0,,4.6,Yes,Yes,Utility,0.0427,Yes,Yes,No,18.0,1500000000.0,0.5,Yes,Yes,Yes,Yes,Yes,No,Yes
1,ICON,ICX,Parody,31/08/2019,Was promoted by Scam artists and P-reps that were even promoting bitconnneeeeeeeect as „legit“.,Japan,0.0,,3.8,Yes,Yes,Payment,0.1052,No,No,No,37.0,400230000.0,,No,Yes,Yes,Yes,Yes,Yes,Yes
1,Jobchain,JOB,,,,Austria,217.0,366.0,4.3,Yes,Yes,Utility,0.01,Yes,Yes,No,6.0,1000000000.0,0.01,Yes,Yes,Yes,Yes,Yes,Yes,Yes
1,Mambocoin,MBC,,,,Russia,20.0,36.0,4.1,Yes,Yes,Utility,0.0475,Yes,Yes,Yes,11.0,,0.75,Yes,Yes,Yes,Yes,Yes,Yes,Yes
2,BitRewards,BIT Token,Scam,21/06/2018,"no roadmap, no whitepaper, no github, dev is gone",Singapore,49.0,78.0,4.3,Yes,Yes,Utility,0.0198,Yes,Yes,No,33.0,1280000000.0,0.64,Yes,Yes,Yes,Yes,Yes,Yes,Yes
2,Cryptonia Poker,CPC Token,Scam,06/08/2018,CEO cashed out and abandoned project.,UK,31.0,20.0,4.0,Yes,Yes,Utility,0.08,No,No,No,12.0,750000000.0,0.75,No,Yes,Yes,Yes,Yes,Yes,Yes
1,Gaia,GEP,,,,Malta,89.0,61.0,3.7,Yes,Yes,Utility,0.01,No,Yes,No,13.5,,0.3,Yes,Yes,Yes,Yes,Yes,No,Yes
1,Hedge,HDG,,,,Slovenia,30.0,,3.9,Yes,Yes,Utility,0.6732,No,No,No,8.5,30000000.0,0.6,Yes,Yes,Yes,Yes,Yes,Yes,No
1,JoyToken,JOY Token,Scam,22/12/2018,David Sui thean behind joytoken and repux icon scammed millions from investors and bounty hunters.,UK,32.0,108.0,2.8,Yes,Yes,Utility,0.14,Yes,Yes,Yes,16.0,700000000.0,0.5,Yes,Yes,Yes,Yes,Yes,Yes,Yes
0,MOBILINK-COIN,MOBL,,,,Philippines,50.0,23.0,3.5,Yes,Yes,Utility,0.1,Yes,Yes,No,22.5,3100000000.0,,Yes,Yes,Yes,Yes,Yes,Yes,Yes
0,Monaco Estate,MEST,,,,Switzerland,29.0,29.0,3.7,Yes,Yes,Utility,0.348,Yes,Yes,No,4.0,73400000.0,0.734,Yes,Yes,Yes,Yes,Yes,Yes,Yes
0,Monart,MART,,,,Malta,58.0,30.0,3.8,Yes,Yes,Utility,0.0449,Yes,Yes,No,25.0,1000000000.0,0.66,Yes,Yes,Yes,Yes,Yes,No,Yes
0,NAi,NAi,,,,UK,121.0,83.0,3.7,Yes,Yes,Utility,1.3,No,Yes,Yes,7.5,8000000.0,0.4,Yes,Yes,Yes,Yes,Yes,Yes,Yes
0,Native Video Box,NVB,,,,Russia,118.0,30.0,4.1,Yes,Yes,Utility,1.0,No,No,No,21.0,,,No,Yes,Yes,Yes,Yes,Yes,Yes
0,NEO,NEO,,,,China,32.0,,4.25,No,No,Payment,0.032,No,No,No,16.0,20000000.0,,No,No,Yes,Yes,Yes,Yes,No
0,Neurochain,NCC,,,,France,27.0,20.0,3.4,Yes,No,Utility,0.116,Yes,Yes,No,16.0,279257833.0,0.09,Yes,Yes,Yes,Yes,Yes,Yes,Yes
0,NEXT,NEXTX,,,,Netherlands,39.0,,4.2,No,No,Utility,1.1094,No,No,missingData,13.0,2500000.0,0.08,Yes,Yes,Yes,Yes,Yes,Yes,Yes
0,Nokenchain,NOKN,,,,France,87.0,57.0,3.9,No,No,Utility,0.0218,No,Yes,Yes,5.5,20000000.0,0.0952,Yes,Yes,Yes,Yes,Yes,No,Yes
0,NonZero,NZO,,,,Cayman Islands,211.0,212.0,4.2,Yes,Yes,Utility,0.1,No,Yes,Yes,27.0,540000000.0,0.6,No,Yes,Yes,Yes,Yes,Yes,Yes
0,Nordcoin Mining,NRDC,,,,Estonia,31.0,,3.8,Yes,Yes,Utility,1.0,No,Yes,Yes,12.0,10965000.0,0.85,Yes,Yes,Yes,Yes,Yes,Yes,Yes
0,OFNOG,OFNOG,,,,UK,61.0,29.0,3.6,Yes,Yes,Utility,0.1,No,No,No,15.0,250000000.0,0.5,Yes,Yes,Yes,Yes,Yes,Yes,Yes
0,Online,OIO,,,,Romania,21.0,24.0,4.2,Yes,Yes,Utility,0.04,No,Yes,No,20.0,1750000000.0,,Yes,Yes,Yes,Yes,Yes,Yes,Yes
0,OpenBrix,BRIX,,,,UK,91.0,54.0,3.8,Yes,Yes,Utility,295.34,Yes,Yes,Yes,27.0,125000000.0,0.25,Yes,Yes,Yes,Yes,Yes,No,Yes
0,Pantercon,PANX,,,,Austria,61.0,29.0,3.8,Yes,Yes,Utility,0.0238,Yes,Yes,Yes,9.5,500000000.0,0.5,Yes,Yes,Yes,Yes,Yes,Yes,Yes
0,PDATA,PDATA,,,,Germany,35.0,,4.0,Yes,Yes,Utility,0.8,No,Yes,No,17.5,24000000.0,1.0,Yes,Yes,Yes,Yes,Yes,Yes,Yes
0,Philanthor,PTH,,,,USA,60.0,61.0,3.85,Yes,Yes,Utility,0.0197,No,Yes,Yes,11.0,700000000.0,0.35,No,Yes,Yes,Yes,Yes,Yes,Yes
0,Power Ledger,POWR,,,,Australia,28.0,,3.45,Yes,Yes,Utility,0.088,No,No,No,9.0,350000000.0,0.35,No,No,Yes,Yes,Yes,No,Yes
0,PrimeX,PXC,,,,Indonesia,78.0,,3.3,No,No,Utility,0.2,No,Yes,No,8.5,15000000.0,0.75,Yes,Yes,Yes,Yes,Yes,Yes,Yes
0,Profede,PATO,,,,Estonia,106.0,91.0,3.9,Yes,Yes,Utility,0.01,No,Yes,No,15.0,3000000000.0,0.5,Yes,Yes,Yes,Yes,Yes,Yes,Yes
0,Properbuz,XPZ,,,,UK,128.0,31.0,3.7,Yes,Yes,Utility,0.0116,No,Yes,No,10.0,40000000000.0,0.4,Yes,No,Yes,Yes,Yes,Yes,Yes
0,Provoco,VOCO,,,,Lithuania,159.0,36.0,3.9,Yes,Yes,Utility,0.1695,Yes,Yes,No,23.5,51000000.0,0.51,Yes,Yes,Yes,Yes,Yes,Yes,Yes
0,QLC Chain,QLC,,,,Singapore,31.0,,3.45,Yes,Yes,Utility,0.3497,No,Yes,No,10.5,240000000.0,0.4,No,Yes,Yes,Yes,Yes,Yes,Yes
0,Qtum,QTUM,,,,Singapore,5.0,,4.0,Yes,Yes,Payment,0.3,No,No,No,18.0,51000000.0,,No,No,Yes,Yes,Yes,Yes,No
0,RECORD Foundation,RCD,,,,Singapore,61.0,,3.7,Yes,Yes,Utility,0.1,No,Yes,No,9.5,150000000.0,0.5,Yes,Yes,Yes,Yes,Yes,Yes,Yes
0,RepuX,RepuX,,,,Poland,30.0,108.0,3.4,Yes,Yes,Utility,0.2,No,No,Yes,17.0,500000000.0,0.5,Yes,Yes,Yes,Yes,Yes,Yes,Yes
0,RewardMob,RMOB,,,,Canada,121.0,14.0,3.7,No,No,Utility,1.0,No,Yes,Yes,8.0,1500000000.0,0.65,No,No,Yes,Yes,Yes,Yes,Yes
0,SafeCrypt,SFC Token,,,,Latvia,174.0,37.0,4.3,Yes,Yes,Utility,0.0458,Yes,No,Yes,14.0,1075000000.0,0.7,No,No,Yes,Yes,Yes,Yes,Yes
0,Second Life Coin,Second Life Coin / SLC,,,,Turkey,135.0,92.0,3.7,No,No,Utility,0.02,No,No,No,5.0,50560000.0,0.04,Yes,Yes,Yes,Yes,Yes,No,Yes
0,SKARA,SKRT,,,,UK,15.0,55.0,4.0,Yes,Yes,Utility,0.835,No,No,No,19.0,,0.7,Yes,Yes,Yes,Yes,Yes,Yes,Yes
0,skychain,SKCH,,,,Russia,41.0,20.0,4.15,Yes,Yes,Utility,1.0,No,No,No,17.0,14000000.0,,Yes,Yes,Yes,Yes,Yes,Yes,Yes
0,SmartContractChain,SCC Token,,,,Switzerland,77.0,,3.8,Yes,Yes,Utility,0.8,No,Yes,No,20.0,45.0,0.75,Yes,Yes,Yes,Yes,Yes,Yes,Yes
0,SOFIN,SOFIN,,,,Russia,181.0,13.0,3.7,Yes,Yes,Utility,0.4,Yes,Yes,No,7.0,4000000.0,0.9,Yes,Yes,Yes,Yes,Yes,Yes,Yes
0,SprintX,SPTX,,,,Switzerland,29.0,14.0,3.3,Yes,Yes,Utility,0.45,No,Yes,Yes,22.0,299000000.0,0.65,Yes,Yes,Yes,Yes,Yes,No,Yes
0,stableDEX,STDEX,,,,Estonia,58.0,,3.45,Yes,Yes,Utility,0.03,No,Yes,Yes,3.0,45000000.0,0.45,No,No,Yes,Yes,Yes,Yes,Yes
0,Stellargold,XLMG,,,,Netherlands,194.0,17.0,3.6,No,No,Utility,0.232492,No,Yes,Yes,7.0,10000000.0,0.09,Yes,Yes,Yes,Yes,Yes,No,Yes
0,SurruS,SURR,,,,Estonia,61.0,,3.8,Yes,Yes,Utility,0.084,No,Yes,No,6.0,516000000.0,0.6,Yes,Yes,Yes,Yes,Yes,Yes,Yes
0,SVPER,SVP,,,,Mauritius,60.0,34.0,3.6,Yes,Yes,Utility,0.0679,Yes,Yes,Yes,32.0,700000000.0,0.7,Yes,Yes,Yes,Yes,Yes,Yes,Yes
0,TE-FOOD,TFOOD,,,,Switzerland,28.0,,3.8,Yes,Yes,Utility,0.05,Yes,Yes,No,18.0,400000000.0,0.4,No,No,Yes,Yes,Yes,No,Yes
0,The Sun Exchange,SUNEX,,,,South Africa,224.0,29.0,3.9,Yes,Yes,Utility,0.1,No,Yes,No,13.5,166666667.0,0.5,Yes,Yes,Yes,Yes,Yes,Yes,Yes
0,Time Money,TXM,,,,Latvia,90.0,47.0,3.7,Yes,Yes,Utility,0.1,Yes,No,No,10.0,220000000.0,0.55,Yes,Yes,Yes,Yes,Yes,Yes,Yes
0,Tokenroll,TKR,,,,Estonia,30.0,,3.7,No,No,Utility,0.03,No,Yes,No,5.0,30000000.0,0.3,Yes,Yes,Yes,Yes,Yes,Yes,Yes
0,Tombola,TBL,,,,Hong Kong,30.0,31.0,3.8,Yes,Yes,Utility,0.0451,No,No,Yes,15.0,250000000.0,0.5,Yes,Yes,Yes,Yes,Yes,Yes,Yes
0,Toyken,Toyken,,,,USA,17.0,27.0,3.7,No,No,Utility,0.06,No,No,Yes,3.0,85250000.0,0.8525,No,Yes,Yes,Yes,Yes,Yes,Yes
0,Tradershub,THT,,,,Slovenia,21.0,9.0,3.8,Yes,Yes,Utility,0.2,Yes,Yes,No,16.5,50031000.0,0.6,Yes,Yes,Yes,Yes,Yes,Yes,Yes
0,Trends Project,TRND,,,,Hong Kong,49.0,30.0,3.8,Yes,Yes,Utility,0.25,Yes,Yes,Yes,11.5,85000000.0,0.85,Yes,Yes,Yes,Yes,Yes,Yes,Yes
0,Triffic,GPS,,,,British Virgin Islands,60.0,14.0,3.85,No,No,Utility,0.05,Yes,Yes,No,10.0,400000000.0,0.4,Yes,Yes,Yes,Yes,Yes,Yes,Yes
0,Triggmine,TRG,,,,Estonia,30.0,14.0,3.9,Yes,Yes,Utility,0.0205,Yes,No,No,15.0,279000000.0,0.45,Yes,Yes,Yes,Yes,Yes,Yes,Yes
0,Truefeedback,Truefeedback Token / TFB,,,,Turkey,10.0,14.0,3.8,Yes,Yes,Utility,0.0002,No,No,No,9.0,3100000000.0,0.31,Yes,Yes,Yes,Yes,Yes,Yes,Yes
0,TTC PROTOCOL,,,,,British Virgin Islands,30.0,3.0,3.55,Yes,Yes,Utility,0.175,No,Yes,Yes,19.0,250000000.0,0.25,Yes,Yes,Yes,Yes,Yes,Yes,Yes
0,Ubcoin Market,UBC,,,,United Arab Emirates,147.0,82.0,3.6,Yes,Yes,Utility,0.0343,No,No,Yes,8.5,325000000.0,0.5,Yes,Yes,Yes,Yes,Yes,Yes,Yes
0,VENOTY,VNTY,,,,Romania,44.0,31.0,3.7,No,No,Utility,0.5051,No,No,Yes,18.0,4000000.0,0.085,Yes,Yes,Yes,Yes,Yes,Yes,Yes
0,Viewo,VEO,,,,Hong Kong,365.0,30.0,4.1,Yes,Yes,Utility,0.2,No,Yes,Yes,15.0,564062500.0,0.28,Yes,Yes,Yes,Yes,Yes,Yes,Yes
0,VinChain,VIN,,,,USA,73.0,23.0,4.0,Yes,No,Utility,0.025,No,Yes,Yes,31.0,600000000.0,0.6,Yes,Yes,Yes,Yes,Yes,Yes,Yes
0,WAR FIELD,GLDR,,,,United Arab Emirates,112.0,28.0,3.7,Yes,Yes,Utility,0.01,No,Yes,Yes,16.0,2571000000.0,,Yes,Yes,Yes,Yes,Yes,No,Yes
0,WDX,WDX,,,,Bulgaria,44.0,,3.7,Yes,Yes,Utility,0.55,No,Yes,Yes,13.0,30000000.0,0.6,Yes,Yes,Yes,Yes,Yes,No,Yes
0,Whyral,WRL,,,,Singapore,46.0,46.0,3.8,Yes,Yes,Utility,121.0,Yes,Yes,Yes,24.5,150000000.0,0.69,Yes,Yes,Yes,Yes,Yes,Yes,Yes
0,Windhan Energy,WHN,,,,Estonia,27.0,24.0,3.5,Yes,Yes,Utility,1.0971,No,Yes,No,22.0,190000000.0,0.76,Yes,Yes,Yes,Yes,Yes,No,Yes
0,Wizebit,WIZE,,,,Estonia,71.0,59.0,3.7,Yes,No,Utility,0.4,No,Yes,No,29.5,250000000.0,0.5,Yes,Yes,Yes,Yes,Yes,Yes,Yes
0,WMpro,WMPRO,,,,Poland,72.0,,3.0,Yes,Yes,Utility,0.31,No,Yes,No,18.0,,0.6,Yes,Yes,Yes,Yes,Yes,Yes,Yes
0,WorldWiFi,WT,,,,Singapore,30.0,78.0,3.9,Yes,Yes,Utility,0.134,No,Yes,No,18.5,342000000.0,0.33,Yes,Yes,Yes,Yes,Yes,Yes,Yes
0,Xenchain,XENC,,,,Singapore,14.0,,3.8,Yes,Yes,Utility,0.16,Yes,Yes,Yes,12.0,105800000.0,0.529,No,Yes,Yes,Yes,Yes,Yes,Yes
0,ZeroBank,ZB,,,,Singapore,0.0,18.0,3.8,Yes,Yes,Utility,0.075,Yes,Yes,Yes,20.0,640000000.0,0.3,Yes,Yes,Yes,Yes,Yes,No,Yes
0,ZeroEdge.Bet,Zerocoin/ ZERO,,,,UK,108.0,15.0,2.8,Yes,Yes,Utility,0.0175,Yes,No,Yes,26.0,777000000.0,0.6,Yes,Yes,Yes,Yes,Yes,Yes,Yes
0,3cCoin,3cCoin,,,,Bulgaria,31.0,,3.6,No,No,Utility,1.596,No,No,Yes,10.0,53000000.0,0.53,Yes,Yes,Yes,Yes,Yes,No,Yes
0,Accounting Blockchain,TAB,,,,Malta,77.0,,3.0,Yes,Yes,Utility,0.01,Yes,Yes,Yes,12.0,8140000000.0,0.37,Yes,Yes,Yes,Yes,Yes,No,Yes
0,Aclyd,ACLYD,,,,Bermuda,98.0,,3.8,Yes,Yes,Utility,0.07,No,Yes,No,13.0,160000000.0,0.65,Yes,Yes,Yes,Yes,Yes,Yes,Yes
0,ADAMANT Messenger,ADM,,,,Ireland,151.0,42.0,3.65,No,No,Utility,0.174,No,No,No,5.5,73500000.0,0.75,Yes,Yes,Yes,Yes,Yes,Yes,Yes
0,AI Crypto,AIC,,,,Singapore,29.0,14.0,4.0,Yes,Yes,Utility,0.0023,Yes,Yes,Yes,14.0,5000000000.0,0.5,Yes,Yes,Yes,Yes,Yes,No,Yes
0,Airsave Travel,ASTC,,,,UK,91.0,69.0,3.8,Yes,Yes,Utility,0.3,No,Yes,Yes,16.0,22000000.0,,Yes,Yes,Yes,Yes,Yes,No,Yes
0,Airwallet,AIR,,,,Singapore,85.0,,3.5,Yes,Yes,Utility,0.001,No,Yes,Yes,14.0,1200000000.0,0.3,Yes,Yes,Yes,Yes,Yes,No,Yes
0,Akropolis,AKT,,,,Gibraltar,0.0,,3.8,Yes,Yes,Utility,0.008,Yes,Yes,No,5.5,320000000.0,0.08,No,No,Yes,Yes,Yes,Yes,Yes
0,Apollo Septem,APO,,,,Romania,177.0,29.0,3.5,Yes,Yes,Utility,0.0486,No,No,Yes,12.5,180000000.0,0.6,Yes,Yes,Yes,Yes,Yes,Yes,Yes
0,Astrome ICO,SPW,,,,France,62.0,,3.7,Yes,Yes,Utility,1.1212,No,Yes,No,7.0,400000000.0,0.4,Yes,Yes,Yes,Yes,Yes,No,Yes
0,Asura Coin,ASA,,,,New Zealand,59.0,,4.2,No,No,Utility,0.0062,Yes,Yes,Yes,12.5,650000000.0,0.65,No,Yes,Yes,Yes,Yes,Yes,Yes
0,Aurum,AURUM,,,,Russia,56.0,61.0,3.5,Yes,Yes,Utility,0.0402,No,No,Yes,12.0,300000000.0,0.8,Yes,Yes,Yes,Yes,Yes,No,Yes
0,Auxledger,XAL,,,,United Arab Emirates,120.0,,3.5,Yes,Yes,Utility,0.5,Yes,Yes,Yes,24.5,10000000.0,0.1,No,Yes,Yes,Yes,Yes,Yes,Yes
0,Aventus,AVT,,,,UK,0.0,,3.35,Yes,Yes,Utility,3.6603,No,No,No,17.0,6000000.0,0.6,No,Yes,Yes,Yes,Yes,Yes,Yes
0,Aworker,WORK,,,,Estonia,0.0,21.0,4.2,Yes,Yes,Utility,0.0058,Yes,Yes,Yes,14.0,48000000000.0,0.4,No,Yes,Yes,Yes,Yes,No,No
0,BankDex,SAM Token,,,,Hong Kong,121.0,42.0,3.5,Yes,Yes,Utility,0.019,No,No,No,21.0,450000000.0,0.45,Yes,Yes,Yes,Yes,Yes,Yes,Yes
0,Bayan Token,BYT,,,,Singapore,122.0,49.0,3.5,Yes,Yes,Utility,0.8,No,Yes,Yes,23.0,178000000.0,0.89,Yes,Yes,Yes,Yes,Yes,No,Yes
0,Bit Agro,AGRO,,,,Estonia,91.0,10.0,3.7,Yes,Yes,Utility,,No,Yes,Yes,2.0,,,Yes,Yes,Yes,Yes,Yes,Yes,Yes
0,Bitcollar,BOR Token,,,,Hong Kong,52.0,6.0,3.5,Yes,Yes,Utility,0.11889902,No,Yes,No,8.5,300000000.0,0.55,No,No,Yes,Yes,Yes,Yes,Yes
0,BitGuild,PLAT,,,,Cayman Islands,21.0,,3.6,Yes,Yes,Utility,0.0047,Yes,Yes,No,9.0,4500000000.0,0.45,No,Yes,Yes,Yes,Yes,Yes,Yes
0,Bittrace,BTRC,,,,UK,135.0,41.0,3.5,Yes,Yes,Utility,0.8,Yes,Yes,No,10.5,125000000.0,0.625,Yes,Yes,Yes,Yes,Yes,No,Yes
0,Bitzon,BTZ,,,,Canada,190.0,7.0,3.9,Yes,No,Utility,0.05,No,Yes,Yes,7.0,8125000000.0,0.65,Yes,Yes,Yes,Yes,Yes,No,Yes
0,Blackbox Foundation,BBOS,,,,Hong Kong,31.0,93.0,4.1,Yes,Yes,Utility,0.16,Yes,Yes,Yes,23.0,345800000.0,0.3458,Yes,Yes,Yes,Yes,Yes,Yes,Yes
0,Blue Whale,BWX,,,,Singapore,30.0,14.0,3.5,Yes,No,Utility,0.001,Yes,Yes,Yes,22.5,52800000000.0,0.5,Yes,Yes,Yes,Yes,Yes,No,Yes
0,BNC Token,BNC,,,,New Zealand,18.0,,3.5,Yes,Yes,Utility,1.0,No,Yes,No,6.0,10300000.0,0.103,No,No,Yes,Yes,Yes,Yes,Yes
0,BRIKCOIN,BRIKCOIN (BRIK),,,,UK,273.0,91.0,4.15,Yes,Yes,Utility,0.0126,Yes,Yes,No,7.5,500000000.0,0.5,No,Yes,Yes,Yes,Yes,No,Yes
0,BuddToken,BUDD,,,,UK,34.0,21.0,4.0,Yes,Yes,Utility,0.75,No,Yes,Yes,26.0,10000000.0,0.5,Yes,Yes,Yes,Yes,Yes,No,Yes
0,Burency,BUY token,,,,United Arab Emirates,42.0,39.0,3.15,Yes,Yes,Utility,0.14,No,Yes,No,28.5,448000000.0,0.64,Yes,Yes,Yes,Yes,Yes,Yes,Yes
0,Canlead,CAND,,,,UK,60.0,38.0,3.2,Yes,Yes,Utility,0.0333,Yes,Yes,Yes,13.0,600000000.0,0.6,Yes,Yes,Yes,Yes,Yes,No,Yes
0,Cartesi,CTSI,,,,Seychelles,1.0,60.0,3.6,Yes,Yes,Utility,0.015,No,Yes,No,10.0,100000000.0,0.1,No,Yes,Yes,Yes,Yes,Yes,Yes
0,Caspian,CSP,,,,Cayman Islands,2.0,,3.5,Yes,Yes,Utility,0.0487,Yes,Yes,No,11.5,400000000.0,0.4,No,Yes,Yes,Yes,Yes,No,Yes
0,Chek,CHK,,,,Russia,77.0,28.0,3.4,Yes,Yes,Utility,0.1,No,No,No,16.5,300000000.0,0.75,Yes,Yes,Yes,Yes,Yes,Yes,Yes
0,Cloverdex,CLDX,,,,Australia,28.0,61.0,3.5,Yes,Yes,Utility,0.21,Yes,Yes,No,5.5,80000000.0,0.8,Yes,Yes,Yes,Yes,Yes,No,Yes
0,Codex,CODX,,,,USA,19.0,53.0,3.95,Yes,Yes,Utility,0.055,Yes,Yes,No,16.5,400000.0,0.4,No,Yes,Yes,Yes,Yes,Yes,Yes
0,CoinDeal,CLD token,,,,Malta,140.0,,4.1,No,No,Utility,,No,Yes,No,4.5,45000000.0,0.9,Yes,Yes,Yes,Yes,Yes,No,Yes
0,concertVR,CVT Token,,,,Germany,260.0,7.0,4.1,Yes,Yes,Utility,0.0798,Yes,Yes,No,15.0,,0.55,Yes,Yes,Yes,Yes,Yes,No,Yes
0,Contractium.io,CTU,,,,British Virgin Islands,80.0,95.0,3.5,Yes,Yes,Utility,0.014,No,Yes,Yes,13.5,1500000000.0,0.5,Yes,Yes,Yes,Yes,Yes,Yes,Yes
0,CPOLLO,CPLO,,,,Netherlands,42.0,,3.7,Yes,Yes,Utility,0.0012,No,Yes,No,8.5,10000000000.0,0.5,Yes,Yes,Yes,Yes,Yes,Yes,Yes
0,Cremit,CRMT,,,,Poland,241.0,138.0,3.55,Yes,Yes,Utility,0.75,No,No,No,12.0,84000000.0,0.4,Yes,Yes,Yes,Yes,Yes,Yes,Yes
0,Crypto Asset Rating,ANSA,,,,USA,204.0,,3.5,Yes,Yes,Utility,0.5,Yes,Yes,No,13.0,16500000.0,0.8,Yes,Yes,Yes,Yes,Yes,No,Yes
0,Cryptopus,CPP,,,,Panama,95.0,60.0,3.9,Yes,Yes,Utility,0.3,Yes,Yes,No,13.0,35000000.0,0.35,Yes,Yes,Yes,Yes,Yes,Yes,Yes
0,CyBit,CBT Token,,,,USA,150.0,51.0,3.5,Yes,Yes,Utility,0.25,No,Yes,Yes,12.0,7000000000.0,,Yes,Yes,Yes,Yes,Yes,No,Yes
0,Dago Mining,DAGO,,,,Spain,60.0,396.0,3.5,Yes,Yes,Utility,1.0,No,Yes,Yes,11.0,150000000.0,,Yes,Yes,Yes,Yes,Yes,No,Yes
0,Datarius,DTRC,,,,Costa Rica,31.0,19.0,3.8,Yes,Yes,Utility,1.0,No,Yes,Yes,15.5,200000000.0,0.73,Yes,Yes,Yes,Yes,Yes,Yes,Yes
0,DCoin,DCO,,,,Singapore,51.0,9.0,3.5,Yes,Yes,Utility,1.0,No,No,No,14.5,2000000.0,0.5,Yes,Yes,Yes,Yes,Yes,Yes,Yes
0,Decentraland,MANA,,,,Argentina,0.0,,3.6,Yes,Yes,Utility,0.024,No,No,No,12.0,,0.4,No,Yes,Yes,Yes,Yes,Yes,No
0,DENcoin,DEN,,,,Nigeria,29.0,30.0,3.5,Yes,Yes,Utility,0.01,Yes,Yes,Yes,7.0,20000000.0,0.4,Yes,Yes,Yes,Yes,Yes,Yes,Yes
0,DNAtix,DNAtix,,,,Israel,30.0,91.0,4.0,Yes,Yes,Utility,0.8,Yes,Yes,No,17.5,80000000.0,0.53,Yes,Yes,Yes,Yes,Yes,Yes,Yes
0,ecxx.com Digital Asset Exchange,ECXX,,,,Singapore,35.0,30.0,3.35,Yes,Yes,Utility,0.5,Yes,Yes,No,15.0,20000000.0,,No,Yes,Yes,Yes,Yes,No,Yes
0,eHarvestHub,EHH,,,,USA,73.0,14.0,4.2,Yes,Yes,Utility,0.3,Yes,Yes,No,16.5,75744444.0,0.6011,Yes,Yes,Yes,Yes,Yes,Yes,Yes
0,Elementh,EEE,,,,Singapore,29.0,30.0,3.8,Yes,Yes,Utility,0.14,No,Yes,Yes,14.0,217500000.0,0.72,Yes,Yes,Yes,Yes,Yes,Yes,Yes
0,eLYQD,LYQD,,,,USA,82.0,6.0,3.5,Yes,Yes,Utility,0.0024,No,No,Yes,12.0,,0.6,Yes,Yes,Yes,Yes,Yes,No,Yes
0,Etherisc,DIP,,,,Switzerland,28.0,,4.2,Yes,Yes,Utility,0.0911,Yes,Yes,No,18.0,300000000.0,0.3,No,Yes,Yes,Yes,Yes,Yes,Yes
0,Everest,ID,,,,USA,29.0,,3.6,Yes,Yes,Utility,0.09,No,Yes,No,18.0,,0.38,Yes,Yes,Yes,Yes,Yes,Yes,Yes
0,Exmo Coin,EXO,,,,UK,30.0,,3.6,Yes,Yes,Utility,1.0,No,No,No,11.0,295000000.0,,No,Yes,Yes,Yes,Yes,Yes,Yes
0,EZ365,EZ365,,,,Malta,127.0,17.0,3.35,Yes,Yes,Utility,0.1,No,Yes,Yes,15.0,30000000.0,0.15,Yes,Yes,Yes,Yes,Yes,Yes,Yes
0,FLUX Token Sale,FLUX COIN,,,,Estonia,44.0,30.0,4.1,Yes,Yes,Utility,0.5,Yes,Yes,No,18.5,,0.4,Yes,Yes,Yes,Yes,Yes,Yes,Yes
0,Gameflip - FLIP,FLP,,,,USA,56.0,14.0,3.3,Yes,Yes,Utility,5.85,No,No,No,16.0,43200000.0,0.432,Yes,Yes,Yes,Yes,Yes,Yes,Yes
0,GoldBox.io,GOX,,,,China,62.0,,3.3,Yes,Yes,Utility,0.2,No,No,No,10.0,40000000.0,0.2,No,No,Yes,Yes,Yes,Yes,Yes
0,GOTOGOD,OGOD,,,,Luxembourg,122.0,9.0,3.5,Yes,Yes,Utility,0.03,No,Yes,No,10.0,545000000.0,0.545,Yes,Yes,Yes,Yes,Yes,Yes,Yes
0,GPCC  - Global Protected Crypto Copyright,GPCCT,,,,UK,92.0,52.0,4.0,Yes,Yes,Utility,0.15,Yes,Yes,No,11.5,166000000.0,0.83,No,Yes,Yes,Yes,Yes,Yes,Yes
0,GreenX,GEX,,,,Singapore,77.0,,3.6,Yes,Yes,Utility,0.2,Yes,Yes,Yes,14.0,225000000.0,0.6,Yes,Yes,Yes,Yes,Yes,Yes,Yes
0,Guarium,GUAR,,,,UK,288.0,86.0,3.6,Yes,Yes,Utility,0.94,Yes,No,No,18.5,14000000000.0,0.4,Yes,Yes,Yes,Yes,Yes,No,Yes
0,Helix3,HLX,,,,USA,92.0,,3.5,Yes,Yes,Utility,0.0336,Yes,Yes,Yes,14.5,267732000.0,0.3,Yes,Yes,Yes,Yes,Yes,Yes,Yes
0,Housinet,HIN,,,,Estonia,69.0,41.0,4.3,Yes,Yes,Utility,0.01,No,No,Yes,13.5,10000000000.0,0.3,Yes,Yes,Yes,Yes,Yes,No,Yes
0,Humanixr,HNX,,,,Poland,30.0,28.0,3.6,Yes,Yes,Utility,2.8,No,No,No,6.0,20000000.0,0.4,Yes,Yes,Yes,Yes,Yes,Yes,Yes
0,Instant Sponsor,SPON,,,,USA,44.0,,3.65,Yes,Yes,Utility,0.1,Yes,Yes,No,6.0,400000000.0,0.63,Yes,Yes,Yes,Yes,Yes,No,Yes
0,Investa,INV Token,,,,UK,61.0,60.0,3.5,Yes,Yes,Utility,1.0,No,Yes,Yes,7.0,30000000.0,0.6,Yes,Yes,Yes,Yes,Yes,Yes,Yes
0,Investx,INX,,,,UK,0.0,46.0,4.2,Yes,Yes,Utility,1.0092,No,Yes,No,10.0,34375000.0,0.9091,Yes,Yes,Yes,Yes,Yes,Yes,Yes
0,IPStock,IPS,,,,Switzerland,60.0,58.0,3.6,Yes,Yes,Utility,0.8337,Yes,Yes,Yes,14.0,30000000.0,0.5,Yes,Yes,Yes,Yes,Yes,No,Yes
0,Jibrel Network,JNT,,,,Switzerland,35.0,30.0,4.2,Yes,Yes,Utility,0.25,No,No,No,11.0,160000000.0,0.6,No,Yes,Yes,Yes,Yes,Yes,Yes
0,King Slayer,KGS,,,,China,31.0,50.0,4.2,Yes,No,Utility,0.1,Yes,No,No,6.0,26930000.0,0.54,Yes,Yes,Yes,Yes,Yes,Yes,Yes
0,KRATOS,TOS,,,,Singapore,120.0,44.0,3.5,Yes,Yes,Utility,0.2953,Yes,Yes,No,28.0,165000000.0,0.55,Yes,Yes,Yes,Yes,Yes,Yes,Yes
0,LetsTrip,LetsTrip / LST,,,,Russia,38.0,,3.5,No,No,Utility,0.0083,No,No,Yes,9.0,1250000000.0,,Yes,Yes,Yes,Yes,Yes,Yes,Yes
0,LimonX,LMXC,,,,France,31.0,214.0,3.5,No,No,Utility,0.445457549,No,Yes,Yes,6.5,3600000.0,0.9,No,Yes,Yes,Yes,Yes,No,Yes
0,Livepeer,LPT,,,,USA,6.0,,3.5,Yes,Yes,Utility,25.0,No,No,No,5.5,6300000.0,0.63,No,No,Yes,Yes,Yes,Yes,missingData
0,Local Token Exchange,LTE,,,,Spain,121.0,31.0,3.5,Yes,Yes,Utility,0.2916,Yes,Yes,No,12.5,44660000.0,0.58,Yes,Yes,Yes,Yes,Yes,Yes,Yes
0,Loyakk,LYK,,,,UK,138.0,7.0,4.2,Yes,Yes,Utility,0.65,Yes,No,No,17.0,60000000.0,0.34,No,Yes,Yes,Yes,Yes,Yes,Yes
0,Luckbox,LCK,,,,Isle of Man,7.0,31.0,3.5,Yes,Yes,Utility,0.0687,Yes,Yes,No,20.0,204000000.0,0.34,No,Yes,Yes,Yes,Yes,No,Yes
0,Lympo,LYM,,,,Estonia,11.0,11.0,4.25,Yes,Yes,Utility,0.021,No,Yes,No,21.0,650000000.0,0.65,No,No,Yes,Yes,Yes,No,Yes
0,MACH Project,MACH,,,,South Korea,41.0,2.0,4.25,Yes,Yes,Utility,0.83,Yes,Yes,Yes,21.0,40000000.0,0.2,No,No,Yes,Yes,Yes,Yes,Yes
0,Market.space,MASP,,,,Estonia,51.0,,3.6,Yes,Yes,Utility,0.35,No,Yes,No,19.0,,0.6,Yes,Yes,Yes,Yes,Yes,No,Yes
0,MaxData,MXD,,,,Gibraltar,30.0,,3.8,Yes,Yes,Utility,0.1,Yes,Yes,Yes,18.5,,0.5,Yes,Yes,Yes,Yes,Yes,No,Yes
0,mCoin,MCN,,,,UK,82.0,,3.6,No,No,Utility,0.05,No,Yes,No,6.0,800000000.0,0.025,Yes,Yes,Yes,Yes,Yes,No,Yes
0,MDL Talent Hub,MDL,,,,Russia,32.0,19.0,4.1,No,No,Utility,0.05,Yes,Yes,No,11.0,400000000.0,0.4,Yes,Yes,Yes,Yes,Yes,Yes,Yes
0,MediBloc,MED,,,,Gibraltar,18.0,13.0,3.1,No,No,Utility,0.015,No,No,No,15.0,5000000000.0,0.5,Yes,Yes,Yes,Yes,Yes,Yes,Yes
0,MediChain,MCU,,,,UK,60.0,14.0,3.7,Yes,Yes,Utility,1.0,Yes,Yes,No,29.0,40000000.0,0.4,Yes,Yes,Yes,Yes,Yes,Yes,Yes
0,MediLiVes,MLIV,,,,UK,60.0,31.0,3.8,Yes,Yes,Utility,0.008,No,Yes,No,19.0,6000000000.0,0.5,Yes,Yes,Yes,Yes,Yes,Yes,Yes
0,MEDoctor,MTEL,,,,Switzerland,272.0,21.0,3.5,Yes,Yes,Utility,1.0,No,No,Yes,20.0,53900000.0,0.581,Yes,Yes,Yes,Yes,Yes,No,Yes
0,Miner Edge,MET,,,,Anguilla,204.0,29.0,1.9,Yes,Yes,Utility,0.8,No,Yes,Yes,16.0,42000000.0,0.7,Yes,Yes,Yes,Yes,Yes,No,Yes
0,Mix Rent,MIX,,,,Ireland,7.0,10.0,3.6,Yes,Yes,Utility,0.006,No,Yes,No,8.0,52000000.0,0.52,Yes,Yes,Yes,Yes,Yes,No,Yes
0,Money Rebel,MRP,,,,Slovenia,7.0,29.0,3.35,Yes,Yes,Utility,0.059,No,Yes,No,18.0,904000000.0,0.6,Yes,Yes,Yes,Yes,Yes,No,Yes
0,MorCrypto Exchange,MOR coin,,,,Nigeria,45.0,5.0,3.7,Yes,Yes,Utility,0.18,No,No,Yes,5.0,50000000.0,0.5,No,No,Yes,Yes,Yes,Yes,Yes
0,Nuggets,NUG,,,,UK,12.0,20.0,3.65,Yes,Yes,Utility,0.0086,No,No,No,10.0,,0.35,Yes,Yes,Yes,Yes,Yes,No,Yes
0,Okschain,OKS,,,,Estonia,48.0,30.0,3.7,Yes,Yes,Utility,0.001,No,Yes,Yes,4.5,12090000000.0,0.78,Yes,Yes,Yes,Yes,Yes,Yes,Yes
0,Ophelius Labs,OPPL,,,,USA,198.0,16.0,3.5,Yes,Yes,Utility,0.35,Yes,Yes,No,4.0,42857143.0,0.21,Yes,Yes,Yes,Yes,Yes,No,Yes
0,ORCA,ORCA,,,,Estonia,31.0,,4.25,Yes,Yes,Utility,0.06,Yes,Yes,Yes,27.5,276000000.0,0.42,No,Yes,Yes,Yes,Yes,Yes,Yes
0,ORS ICO,ORST,,,,Switzerland,14.0,,3.8,Yes,Yes,Utility,0.5,Yes,Yes,No,12.0,500000000.0,0.6,Yes,Yes,Yes,Yes,Yes,Yes,Yes
0,OTPPAY,OTP,,,,India,65.0,29.0,4.2,Yes,Yes,Utility,0.037,No,Yes,No,17.5,600000000.0,0.6,Yes,Yes,Yes,Yes,Yes,Yes,Yes
0,OZOTOP,OZO,,,,Cayman Islands,109.0,32.0,4.0,No,No,Utility,0.217294028,No,No,Yes,12.0,292131143.0,0.26,Yes,Yes,Yes,Yes,Yes,Yes,Yes
0,PLAAK,PLK,,,,Singapore,93.0,43.0,4.2,Yes,Yes,Utility,1.42,No,No,No,16.0,20000000.0,0.2,Yes,Yes,Yes,Yes,Yes,No,Yes
0,Poseidon,OCEAN,,,,Malta,4.0,36.0,3.6,No,No,Utility,0.2176,No,Yes,Yes,18.5,17986537775.0,0.5,Yes,Yes,Yes,Yes,Yes,No,Yes
0,Pumped,MTT,,,,Germany,74.0,,3.3,Yes,Yes,Utility,,Yes,Yes,No,18.5,500000000.0,,No,Yes,Yes,Yes,Yes,Yes,Yes
0,QAN Blockchain Platform,QARK,,,,Estonia,63.0,,3.5,Yes,Yes,Utility,0.27,No,Yes,Yes,9.0,88888800.0,0.27,No,Yes,Yes,Yes,Yes,Yes,Yes
0,RigoBlock,GRG,,,,Switzerland,41.0,,3.75,Yes,Yes,Utility,1.5525,Yes,Yes,No,9.0,3000000.0,0.3,Yes,Yes,Yes,Yes,Yes,Yes,Yes
0,Rudrcoin,RC Token,,,,India,119.0,13.0,3.5,No,No,Utility,0.3,Yes,No,No,13.0,38220000.0,0.65,No,Yes,Yes,Yes,Yes,Yes,Yes
0,RxEAL,RXL,,,,Seychelles,60.0,21.0,4.0,Yes,Yes,Utility,0.594,No,Yes,No,17.5,53760000.0,0.56,Yes,Yes,Yes,Yes,Yes,Yes,Yes
0,Seal,SEAL,,,,Netherlands,14.0,27.0,4.2,Yes,Yes,Utility,0.7,No,Yes,No,13.5,492000000.0,0.41,Yes,Yes,Yes,Yes,Yes,No,Yes
0,SecureCryptoPayments,SEC,,,,Estonia,61.0,35.0,3.0,Yes,Yes,Utility,0.2143,No,Yes,No,11.0,121000000.0,0.6,Yes,Yes,Yes,Yes,Yes,Yes,Yes
0,Securypto,SCU,,,,Netherlands,119.0,,3.0,Yes,Yes,Utility,0.1176,No,Yes,No,10.5,700000000.0,0.7,Yes,Yes,Yes,Yes,Yes,Yes,Yes
0,Shard,SHARD,,,,UK,28.0,7.0,3.45,No,No,Utility,0.6113,No,No,Yes,4.0,20000000.0,0.8,Yes,Yes,Yes,Yes,Yes,Yes,Yes
0,SharkGate,SHKG,,,,UK,88.0,31.0,3.5,Yes,Yes,Utility,0.0383,Yes,Yes,Yes,18.0,500000000.0,0.5,Yes,Yes,Yes,Yes,Yes,Yes,Yes
0,Sheng World,Sheng,,,,Singapore,35.0,35.0,3.45,Yes,Yes,Utility,0.1,No,Yes,No,9.5,500000000.0,0.14,Yes,Yes,Yes,Yes,Yes,Yes,Yes
0,Signals,SGN,,,,Czech Republic,49.0,39.0,3.6,Yes,Yes,Utility,0.3627,No,Yes,Yes,9.0,75000000.0,0.5,Yes,Yes,Yes,Yes,Yes,No,Yes
0,Silent,SLNT,,,,Switzerland,31.0,128.0,3.4,Yes,Yes,Utility,0.1531,Yes,Yes,No,5.0,200000000.0,0.4,Yes,Yes,Yes,Yes,Yes,No,Yes
0,SingularityNET,AGI,,,,Switzerland,0.0,,4.0,Yes,Yes,Utility,0.1,Yes,Yes,No,15.0,500000000.0,0.5,No,No,Yes,Yes,Yes,Yes,Yes
0,Smart City Eco,SCE,,,,Serbia,122.0,28.0,3.9,No,No,Utility,0.01,No,No,No,10.0,5000000000.0,0.5,Yes,Yes,Yes,Yes,Yes,Yes,Yes
0,Smart Trip Platform,TASH,,,,USA,221.0,59.0,4.2,Yes,Yes,Utility,0.01,No,Yes,Yes,12.5,3000000000.0,0.6,Yes,Yes,Yes,Yes,Yes,No,Yes
0,STAY,STAY,,,,Singapore,59.0,29.0,3.6,Yes,Yes,Utility,1.166,Yes,Yes,No,12.0,30000000.0,0.8,Yes,Yes,Yes,Yes,Yes,Yes,Yes
0,StepChain,STEP,,,,Unknown,3.0,,3.45,Yes,Yes,Utility,0.0015,No,Yes,No,11.0,,,No,Yes,Yes,Yes,Yes,No,Yes
0,Stoby,STB,,,,France,61.0,,3.7,Yes,Yes,Utility,0.2264,Yes,Yes,Yes,17.0,25000000.0,0.8,Yes,Yes,Yes,Yes,Yes,Yes,Yes
0,Swachhcoin,SCX,,,,India,87.0,28.0,4.0,Yes,Yes,Utility,0.072,No,Yes,Yes,32.0,214099889.0,0.69,Yes,Yes,Yes,Yes,Yes,Yes,Yes
0,SWAPS.NETWORK,SWAP token,,,,Singapore,14.0,,3.4,Yes,Yes,Utility,0.043,No,No,No,13.0,7000000.0,0.7,No,Yes,Yes,Yes,Yes,Yes,Yes
0,Switcoin,SWIT,,,,Netherlands,42.0,28.0,3.2,Yes,Yes,Utility,0.01,No,Yes,No,5.0,70000000.0,0.7,Yes,Yes,Yes,Yes,Yes,Yes,Yes
0,Theta Network,THETA,,,,USA,31.0,,3.3,Yes,Yes,Utility,0.15,No,No,No,4.0,600000000.0,0.5,No,Yes,Yes,Yes,Yes,Yes,No
0,TimeBox,TB Coin,,,,Taiwan,158.0,17.0,4.5,Yes,Yes,Utility,0.2519,No,Yes,No,19.5,100000000.0,0.5,Yes,Yes,Yes,Yes,Yes,Yes,Yes
0,Tokedo,TKD,,,,Isle of Man,27.0,,3.9,Yes,Yes,Utility,0.4286,Yes,Yes,Yes,13.5,39375354.0,0.5,No,Yes,Yes,Yes,Yes,Yes,Yes
0,Travelertoken,TLT,,,,Germany,21.0,60.0,3.5,Yes,Yes,Utility,0.05,Yes,Yes,No,18.0,600000000.0,0.67,No,Yes,Yes,Yes,Yes,No,Yes
0,Tresorio HUB,HUB,,,,France,61.0,118.0,3.5,Yes,Yes,Utility,0.0158,Yes,Yes,No,39.0,1400000000.0,0.7,Yes,Yes,Yes,Yes,Yes,No,Yes
0,Tripterium T50,T50,,,,Cayman Islands,77.0,,3.8,Yes,Yes,Utility,0.0278,No,Yes,Yes,8.0,870000000.0,0.87,Yes,Yes,Yes,Yes,Yes,No,Yes
0,unitalent,TAT,,,,Switzerland,91.0,152.0,3.7,Yes,Yes,Utility,0.2,Yes,Yes,Yes,22.0,100000000.0,0.5,Yes,Yes,Yes,Yes,Yes,No,Yes
0,UnitedFans,GOAL,,,,Liechtenstein,31.0,14.0,3.0,Yes,Yes,Utility,0.0239,No,Yes,Yes,15.0,84500000.0,0.65,Yes,Yes,Yes,Yes,Yes,No,Yes
0,Upthinity,UPZ,,,,British Virgin Islands,92.0,,3.5,Yes,Yes,Utility,0.1,No,Yes,No,8.0,375000000.0,0.75,Yes,Yes,Yes,Yes,Yes,No,Yes
0,Velix.ID,VXD,,,,Singapore,28.0,10.0,4.2,Yes,Yes,Utility,1.0,Yes,No,Yes,23.0,35000000.0,0.35,Yes,Yes,Yes,Yes,Yes,Yes,Yes
0,Volum,VLM,,,,Estonia,141.0,20.0,3.4,Yes,Yes,Utility,0.35,No,Yes,No,18.0,236800000.0,0.74,Yes,Yes,Yes,Yes,Yes,No,Yes
0,XCHNG,XCHNG,,,,Cayman Islands,31.0,,4.0,Yes,Yes,Utility,,Yes,Yes,Yes,26.0,2000000000.0,0.4,No,No,Yes,Yes,Yes,Yes,Yes
0,Xmoneta,XMN,,,,Latvia,130.0,31.0,3.5,Yes,Yes,Utility,0.0139,Yes,Yes,Yes,17.0,1000000000.0,0.25,Yes,Yes,Yes,Yes,Yes,Yes,Yes
0,XTRD,XTRD,,,,Cayman Islands,39.0,,3.5,Yes,Yes,Utility,0.1,Yes,Yes,Yes,6.0,476228844.0,0.5,No,Yes,Yes,Yes,Yes,No,Yes
0,Zealeum,ZEAL,,,,UK,142.0,,3.5,Yes,Yes,Utility,0.0257,No,Yes,Yes,19.0,600000000.0,0.6,Yes,Yes,Yes,Yes,Yes,Yes,Yes
0,180NF,NF,,,,British Virgin Islands,24.0,,3.2,No,No,Utility,0.17,No,No,No,4.0,30000000.0,0.01,Yes,Yes,Yes,Yes,Yes,No,Yes
0,AcuteCoin,XAC,,,,UK,4.0,29.0,3.0,No,No,Utility,0.6,No,No,Yes,8.0,10000000.0,,No,No,Yes,Yes,Yes,Yes,Yes
0,AdEx,ADX,,,,Russia,0.0,,3.35,Yes,Yes,Utility,0.2399,No,No,No,15.0,46800000.0,,No,Yes,Yes,Yes,Yes,Yes,missingData
0,AgriChain,AGRI,,,,Australia,101.0,,3.3,Yes,Yes,Utility,0.075,Yes,Yes,No,10.5,500000000.0,0.5,No,No,Yes,Yes,Yes,No,Yes
0,Algebraix Data,ALX,,,,USA,67.0,31.0,3.65,Yes,Yes,Utility,0.004,No,Yes,No,14.5,100000000000.0,0.25,No,Yes,Yes,Yes,Yes,Yes,Yes
0,AllStocks,AST Token,,,,Israel,76.0,,3.4,Yes,Yes,Utility,0.87,Yes,No,No,8.0,25000000.0,0.5,No,Yes,Yes,Yes,Yes,Yes,Yes
0,Ambrosus,AMB,,,,Switzerland,30.0,,3.25,Yes,Yes,Utility,0.294,No,No,No,19.5,,,No,Yes,Yes,Yes,Yes,Yes,Yes
0,AppCoins,APPC,,,,Singapore,7.0,14.0,3.85,Yes,Yes,Utility,0.1,No,No,No,21.0,450000000.0,,Yes,Yes,Yes,Yes,Yes,Yes,No
0,APRES,APS,,,,Germany,274.0,,3.4,Yes,Yes,Utility,0.008,No,No,No,5.0,3750000000.0,0.75,No,Yes,Yes,Yes,Yes,No,Yes
0,Arizn,AALT,,,,South Africa,62.0,30.0,3.4,Yes,Yes,Utility,0.0216,No,Yes,Yes,24.5,840000000.0,0.7,Yes,Yes,Yes,Yes,Yes,Yes,Yes
0,Asgard,ASG,,,,United Arab Emirates,90.0,89.0,2.9,Yes,Yes,Utility,0.166,No,No,Yes,8.5,17500000000.0,0.7,Yes,Yes,Yes,Yes,Yes,No,Yes
0,ASOBI COIN,ABX,,,,Estonia,210.0,,3.7,Yes,Yes,Utility,0.0091,No,Yes,No,13.5,8250000000.0,0.5,Yes,Yes,Yes,Yes,Yes,Yes,Yes
0,BeEasy,ETKN,,,,Cyprus,149.0,46.0,3.6,Yes,Yes,Utility,124.0,Yes,Yes,No,10.0,160000.0,0.64,No,Yes,Yes,Yes,Yes,Yes,Yes
0,BETEX,BETEX,,,,Hong Kong,45.0,58.0,3.8,Yes,Yes,Utility,3.0,No,Yes,No,15.0,3000000.0,0.3,Yes,Yes,Yes,Yes,Yes,Yes,Yes
0,Bidium,BIDIUM,,,,Estonia,29.0,,4.1,Yes,Yes,Utility,0.02,Yes,Yes,No,10.0,800000000.0,0.8,Yes,Yes,Yes,Yes,Yes,No,Yes
0,BitChord,BCD Token,,,,Panama,138.0,,3.5,Yes,Yes,Utility,0.21,No,No,Yes,6.0,67100000.0,0.61,Yes,Yes,Yes,Yes,Yes,No,Yes
0,BitFence,HNY,,,,USA,183.0,30.0,3.9,Yes,Yes,Utility,0.1123,No,No,Yes,7.5,500000000.0,0.5,Yes,Yes,Yes,Yes,Yes,Yes,Yes
0,Bizavest Analytics Platform,Bizc,,,,Nigeria,150.0,30.0,3.4,Yes,Yes,Utility,0.4,Yes,Yes,No,14.0,45000000.0,0.45,Yes,Yes,Yes,Yes,Yes,Yes,Yes
0,Blockchain Ventureon,VNN,,,,Canada,97.0,62.0,4.0,No,No,Utility,23.912,Yes,No,No,10.5,1000000.0,0.78,Yes,Yes,Yes,Yes,Yes,No,Yes
0,Bob's Repair,BOB,,,,USA,36.0,31.0,3.5,Yes,Yes,Utility,0.1273,Yes,Yes,No,16.5,180000000.0,0.5,Yes,Yes,Yes,Yes,Yes,No,Yes
0,Bond Film Platform,BFP,,,,USA,154.0,,3.7,Yes,No,Utility,0.1,No,Yes,No,8.5,500000000.0,0.03,Yes,Yes,Yes,Yes,Yes,No,Yes
0,BOOSTO,BST Token,,,,Singapore,61.0,62.0,4.0,Yes,Yes,Utility,0.0147,Yes,Yes,Yes,9.5,1000000000.0,0.5,Yes,Yes,Yes,Yes,Yes,Yes,Yes
0,BotGaming,BOT Token,,,,Canada,28.0,28.0,3.0,Yes,Yes,Utility,0.01,Yes,No,No,12.5,,0.6,Yes,Yes,Yes,Yes,Yes,Yes,Yes
0,Brickchain,BSC,,,,UK,11.0,13.0,3.3,Yes,Yes,Utility,0.8374,No,No,No,5.0,8000000.0,0.8,No,Yes,Yes,Yes,Yes,No,Yes
0,CashBet,CBC,,,,USA,17.0,27.0,3.5,Yes,Yes,Utility,0.75,Yes,Yes,No,22.5,142975000.0,0.3325,Yes,Yes,Yes,Yes,Yes,Yes,Yes
0,Change Bank,CAG,,,,Singapore,30.0,,3.6,Yes,Yes,Utility,0.6685,No,No,No,10.0,50000000.0,0.4,No,Yes,Yes,Yes,Yes,No,Yes
0,ClearAid,CAID,,,,Estonia,181.0,199.0,3.6,Yes,Yes,Utility,0.15,No,Yes,No,7.5,50000000.0,0.5,Yes,Yes,Yes,Yes,Yes,No,Yes
0,CoinJanitor,JAN,,,,Cyprus,30.0,,4.3,Yes,Yes,Utility,0.16,No,Yes,Yes,9.5,50000000.0,0.5,No,Yes,Yes,Yes,Yes,No,Yes
0,CoinMetro,XCM,,,,Hong Kong,38.0,31.0,3.45,Yes,Yes,Utility,0.1392,No,No,No,14.5,250000000.0,0.5,Yes,Yes,Yes,Yes,Yes,No,Yes
0,Coinxes,CXG,,,,UK,182.0,60.0,3.9,Yes,Yes,Utility,0.2,Yes,Yes,No,16.0,117000000.0,0.65,Yes,Yes,Yes,Yes,Yes,Yes,Yes
0,Color,CLR,,,,Singapore,33.0,,3.7,Yes,Yes,Utility,0.1025,Yes,Yes,Yes,30.0,250000000.0,0.625,No,No,Yes,Yes,Yes,No,Yes
0,CommerceBlock,CBT,,,,UK,21.0,,3.6,Yes,Yes,Utility,0.0624,No,No,No,11.0,400000000.0,0.4,Yes,Yes,Yes,Yes,Yes,Yes,Yes
0,Cowrium,CWR,,,,Nigeria,150.0,30.0,4.1,No,No,Utility,0.075,No,No,Yes,5.0,1000000000.0,0.5,No,No,Yes,Yes,Yes,Yes,Yes
0,CryptoLeaf,CLF,,,,Ireland,37.0,13.0,3.4,Yes,Yes,Utility,0.1124,No,No,No,8.0,50000000.0,0.62,Yes,Yes,Yes,Yes,Yes,No,Yes
0,Curaizon,CTKN,,,,UK,92.0,7.0,3.2,Yes,Yes,Utility,0.2,No,Yes,No,7.0,250000000.0,0.5,No,Yes,Yes,Yes,Yes,No,Yes
0,Cures,CURES,,,,Bulgaria,88.0,61.0,3.6,Yes,Yes,Utility,0.0957,No,Yes,No,26.0,175000000.0,0.35,Yes,Yes,Yes,Yes,Yes,No,Yes
0,DatabrokerDAO,DTX,,,,Belgium,30.0,37.0,3.9,Yes,Yes,Utility,0.2785,No,Yes,Yes,14.0,108000000.0,0.48,No,Yes,Yes,Yes,Yes,Yes,Yes
0,DeepToken,DTA,,,,Singapore,73.0,,2.6,Yes,Yes,Utility,0.0075,Yes,No,No,5.5,1000000000.0,0.1,No,Yes,Yes,Yes,Yes,No,Yes
0,Dein Anteil,DAT Token,,,,Russia,91.0,30.0,3.4,Yes,Yes,Utility,170.95,Yes,No,Yes,7.0,300000000.0,0.6,Yes,Yes,Yes,Yes,Yes,Yes,Yes
0,DIVO,DIVO,,,,Seychelles,19.0,6.0,3.4,Yes,Yes,Utility,0.01,No,No,No,6.5,300000000.0,0.05,No,Yes,Yes,Yes,Yes,No,Yes
0,Dusk Network,DUSK,,,,Netherlands,113.0,,3.55,Yes,No,Utility,0.0193,No,Yes,No,6.5,500000000.0,,Yes,Yes,Yes,Yes,Yes,Yes,Yes
0,ELAD Network,ELAD,,,,UK,71.0,61.0,3.4,Yes,Yes,Utility,0.1196,No,No,Yes,19.0,100000000.0,0.7,Yes,Yes,Yes,Yes,Yes,Yes,Yes
0,eMusic,EMU,,,,USA,180.0,6.0,4.15,Yes,Yes,Utility,0.35,Yes,Yes,No,17.0,225000000.0,0.45,Yes,Yes,Yes,Yes,Yes,No,Yes
0,eSports,ERT,,,,Germany,177.0,,3.2,Yes,Yes,Utility,1.15,No,No,No,15.0,24000000.0,0.4,No,No,Yes,Yes,Yes,No,Yes
0,EventChain,EVC,,,,Canada,31.0,,3.3,Yes,Yes,Utility,1.4731,No,No,No,16.5,54600000.0,0.65,No,No,Yes,Yes,Yes,Yes,Yes
0,eWaiter,WTR,,,,Russia,65.0,65.0,3.3,Yes,Yes,Utility,0.05,No,No,No,13.0,8000000.0,1.0,Yes,Yes,Yes,Yes,Yes,Yes,Yes
0,Fishcoin,FISH,,,,Singapore,16.0,13.0,3.4,Yes,Yes,Utility,0.0062,No,Yes,No,27.0,5000000000.0,0.4,No,Yes,Yes,Yes,Yes,Yes,Yes
0,Fondocoin,FDC,,,,UK,29.0,45.0,3.4,Yes,Yes,Utility,0.2,No,Yes,No,6.0,100000000.0,0.5,Yes,Yes,Yes,Yes,Yes,Yes,Yes
0,Forest Foundation,FRST,,,,British Virgin Islands,19.0,,3.5,Yes,Yes,Utility,0.0032,No,No,No,13.5,2200000000.0,0.55,Yes,Yes,Yes,Yes,Yes,No,Yes
0,FRESCO,FRES,,,,Switzerland,25.0,5.0,3.5,Yes,Yes,Utility,0.102,Yes,Yes,No,16.5,500000000.0,0.6,Yes,Yes,Yes,Yes,Yes,Yes,Yes
0,Goldiam,GOL,,,,Serbia,59.0,,3.5,Yes,Yes,Utility,0.5223,No,Yes,Yes,35.0,28301260.0,0.8762,Yes,Yes,Yes,Yes,Yes,Yes,Yes
0,Gooreo,OREO,,,,Turkey,46.0,22.0,3.2,Yes,Yes,Utility,0.01,No,No,Yes,10.0,440000000.0,0.5,Yes,Yes,Yes,Yes,Yes,Yes,Yes
0,Grabameal,GAM Token,,,,New Zealand,48.0,68.0,3.4,Yes,Yes,Utility,0.01,No,No,No,15.0,800000000.0,0.4,No,Yes,Yes,Yes,Yes,Yes,Yes
0,Grain.io,GRAIN,,,,Switzerland,21.0,34.0,3.2,Yes,Yes,Utility,0.0291,Yes,Yes,No,8.0,,0.3,Yes,Yes,Yes,Yes,Yes,No,Yes
0,Green Funding Coin,GFC,,,,Japan,59.0,89.0,3.4,No,No,Utility,0.02,No,No,No,3.0,5400000000.0,0.54,Yes,Yes,Yes,Yes,Yes,Yes,Yes
0,H-Education World,HIDU,,,,Belize,120.0,30.0,3.4,No,No,Utility,1.0,Yes,Yes,Yes,3.0,100000000.0,0.1,Yes,Yes,Yes,Yes,Yes,No,Yes
0,HashCard,HSHC,,,,Hong Kong,42.0,,2.7,Yes,Yes,Utility,0.1,Yes,Yes,Yes,3.5,90000000.0,0.6,Yes,Yes,Yes,Yes,Yes,No,Yes
0,HexanCoin,HXC,,,,India,79.0,36.0,2.7,Yes,Yes,Utility,0.15,No,Yes,Yes,7.0,110000000.0,0.5,Yes,Yes,Yes,Yes,Yes,Yes,Yes
0,IAT,IAT,,,,Singapore,29.0,,3.1,Yes,Yes,Utility,0.01,Yes,Yes,No,11.0,2000000000.0,0.4444,Yes,Yes,Yes,Yes,Yes,No,Yes
0,Iconiq Holding,ICNQ,,,,Germany,30.0,,4.4,Yes,Yes,Utility,1.158,No,No,No,14.0,,0.5,Yes,No,Yes,Yes,Yes,Yes,Yes
0,iCumulate,ICU,,,,Gibraltar,21.0,7.0,3.4,Yes,Yes,Utility,0.01,No,Yes,Yes,10.0,2350000000.0,0.5,Yes,Yes,Yes,Yes,Yes,Yes,Yes
0,Impala,ICM,,,,Mauritius,181.0,60.0,3.4,No,No,Utility,0.18,Yes,Yes,No,14.0,175500000.0,0.65,Yes,Yes,Yes,Yes,Yes,Yes,Yes
0,Influ,Intos,,,,Sweden,140.0,,3.4,Yes,Yes,Utility,0.02,No,No,No,9.0,225000000.0,0.15,Yes,Yes,Yes,Yes,Yes,Yes,Yes
0,InsCoin for Knox Project,INSC,,,,Estonia,38.0,15.0,3.5,Yes,Yes,Utility,0.0564,No,Yes,No,17.5,270000000.0,0.54,Yes,Yes,Yes,Yes,Yes,No,Yes
0,Intiva,NTVA,,,,USA,48.0,20.0,3.4,Yes,Yes,Utility,0.5,Yes,Yes,No,14.0,120000000.0,0.0845,No,Yes,Yes,Yes,Yes,No,Yes
0,IXTUS,IXTUS,,,,Singapore,48.0,,3.5,Yes,Yes,Utility,0.0585,Yes,Yes,Yes,7.5,660000000.0,0.44,Yes,Yes,Yes,Yes,Yes,Yes,Yes
0,Kleos,KLS,,,,Italy,56.0,,3.4,Yes,Yes,Utility,0.078,No,No,No,6.0,150000000.0,0.5,Yes,Yes,Yes,Yes,Yes,Yes,Yes
0,Kurecoin,KRC,,,,Nigeria,29.0,,3.4,Yes,Yes,Utility,0.65,Yes,No,No,11.0,50000000.0,0.5,Yes,Yes,Yes,Yes,Yes,Yes,Yes
0,Laari Travel,LAAR,,,,Singapore,60.0,,3.2,Yes,Yes,Utility,1.0,No,No,No,10.5,21000000.0,0.5,Yes,Yes,Yes,Yes,Yes,No,Yes
0,LabStart,LAB,,,,France,30.0,30.0,3.6,Yes,Yes,Utility,1.546,Yes,Yes,No,13.5,80.0,0.8,Yes,Yes,Yes,Yes,Yes,Yes,Yes
0,LCCX - London Crypto Currency Exchange,LXT,,,,UK,49.0,,3.0,Yes,Yes,Utility,0.15,No,Yes,No,11.5,60000000.0,0.6,Yes,Yes,Yes,Yes,Yes,No,Yes
0,LifeTask,TASK,,,,Malta,300.0,61.0,3.4,Yes,Yes,Utility,0.01,No,Yes,No,25.0,420000000.0,0.6,Yes,Yes,Yes,Yes,Yes,Yes,Yes
0,LinkCoin,LKN,,,,Canada,17.0,,3.4,Yes,Yes,Utility,0.0159,No,Yes,No,12.5,500000000.0,,Yes,Yes,Yes,Yes,Yes,No,Yes
0,Medipedia,MEP,,,,Singapore,62.0,27.0,3.55,Yes,Yes,Utility,0.01,Yes,Yes,No,10.0,1300000000.0,0.5,Yes,Yes,Yes,Yes,Yes,Yes,Yes
0,MILC,MILC,,,,Germany,83.0,60.0,3.4,Yes,Yes,Utility,5.59,Yes,Yes,Yes,18.0,20800000.0,0.52,No,Yes,Yes,Yes,Yes,No,Yes
0,Mobius Network,MOBI,,,,USA,57.0,0.0,3.8,No,No,Utility,0.16,No,No,No,5.0,266400000.0,0.3,Yes,Yes,Yes,Yes,Yes,Yes,Yes
0,MOONX,MM,,,,Switzerland,35.0,,2.95,Yes,Yes,Utility,0.0823,No,Yes,Yes,13.0,720000000.0,0.3,No,Yes,Yes,Yes,Yes,No,Yes
0,Multichain Ventures,TKS,,,,Cayman Islands,60.0,,3.4,No,No,Utility,0.05,No,Yes,No,7.5,25000000.0,0.1,No,No,Yes,Yes,Yes,Yes,Yes
0,Negexc,NGX,,,,Indonesia,91.0,10.0,3.4,Yes,Yes,Utility,0.001,No,No,Yes,6.5,1551000000.0,0.47,Yes,Yes,Yes,Yes,Yes,Yes,Yes
0,NOMAD.space,NSP,,,,USA,119.0,121.0,3.4,Yes,No,Utility,0.1,No,No,Yes,16.0,112000000.0,0.51,Yes,Yes,Yes,Yes,Yes,Yes,Yes
0,Oasis City,OSC,,,,Singapore,58.0,60.0,2.9,Yes,Yes,Utility,0.0057,No,Yes,No,30.0,3000000000.0,0.5,Yes,Yes,Yes,Yes,Yes,No,Yes
0,ODUWA,OWC,,,,USA,30.0,90.0,3.4,Yes,Yes,Utility,0.9,Yes,Yes,No,7.0,,0.85,Yes,Yes,Yes,Yes,Yes,No,Yes
0,Oryx Token,ORX,,,,Turkey,36.0,12.0,3.1,Yes,Yes,Utility,0.055,No,No,No,9.5,40000000.0,0.4,Yes,Yes,Yes,Yes,Yes,Yes,Yes
0,PantheonX,XPN,,,,Singapore,10.0,25.0,3.4,Yes,Yes,Utility,0.041,No,Yes,No,16.5,240000000.0,0.3,Yes,Yes,Yes,Yes,Yes,Yes,Yes
0,PayBlok,PBLK,,,,UK,27.0,61.0,3.4,Yes,Yes,Utility,0.1,Yes,Yes,Yes,13.5,150000000.0,0.6,Yes,Yes,Yes,Yes,Yes,Yes,Yes
0,PAYSURA,IPC,,,,Germany,30.0,,3.4,Yes,Yes,Utility,0.0632,Yes,No,No,11.0,264000000.0,0.6,No,Yes,Yes,Yes,Yes,Yes,Yes
0,PHI Token,PHI,,,,Malta,13.0,5.0,3.9,Yes,Yes,Utility,1.618,No,Yes,No,13.0,24157817.0,0.618,No,No,Yes,Yes,Yes,No,Yes
0,PIXBY Project,PIXBY,,,,Malaysia,35.0,4.0,3.05,Yes,Yes,Utility,0.013,No,Yes,No,5.0,92900000.0,0.62,Yes,Yes,Yes,Yes,Yes,Yes,Yes
0,Presale Ventures,ENT Token,,,,Israel,61.0,121.0,2.7,Yes,Yes,Utility,0.2988,No,No,Yes,10.0,24000000.0,0.6,Yes,Yes,Yes,Yes,Yes,Yes,Yes
0,PryvateCoin,PVC,,,,Cayman Islands,114.0,,3.6,Yes,Yes,Utility,0.6,Yes,Yes,No,13.0,32500000.0,0.65,No,Yes,Yes,Yes,Yes,Yes,Yes
0,Quadrant,eQUAD,,,,Singapore,0.0,,4.0,Yes,Yes,Utility,0.05,Yes,Yes,No,9.5,400000000.0,0.4,Yes,Yes,Yes,Yes,Yes,No,Yes
0,Records Keeper,XRK,,,,Gibraltar,60.0,6.0,3.4,No,No,Utility,0.0462,Yes,Yes,Yes,6.0,,,No,Yes,Yes,Yes,Yes,Yes,Yes
0,REMME,REM,,,,British Virgin Islands,9.0,21.0,4.3,Yes,Yes,Utility,0.04,No,No,No,17.5,500000000.0,0.5,Yes,Yes,Yes,Yes,Yes,Yes,No
0,Renaissance Engineering,RETOKEN,,,,Turkey,45.0,,3.4,No,No,Utility,0.0086,Yes,Yes,No,5.0,62500000.0,0.35,Yes,Yes,Yes,Yes,Yes,No,Yes
0,ROOMDAO,RDC,,,,Georgia,38.0,30.0,3.6,Yes,Yes,Utility,0.1254,Yes,Yes,Yes,15.5,39600000.0,0.66,Yes,Yes,Yes,Yes,Yes,Yes,Yes
0,Rouge,RGE,,,,Estonia,34.0,13.0,3.4,Yes,Yes,Utility,0.076,No,Yes,No,8.0,500000000.0,0.5,Yes,Yes,Yes,Yes,Yes,Yes,Yes
0,Safe.ad,SAFE,,,,Andorra,15.0,44.0,3.4,Yes,Yes,Utility,1.0,No,Yes,Yes,7.0,10000000.0,0.72,Yes,Yes,Yes,Yes,Yes,Yes,Yes
0,Savage,SAVG,,,,USA,13.0,,3.2,Yes,Yes,Utility,0.001,No,Yes,No,5.0,30000000000.0,0.75,Yes,Yes,Yes,Yes,Yes,Yes,Yes
0,Sentinel Protocol,UPP,,,,Singapore,0.0,3.0,3.45,Yes,Yes,Utility,0.12,No,No,No,14.0,39000000.0,0.263,No,No,Yes,Yes,Yes,No,Yes
0,SETHER,SETH,,,,Romania,0.0,41.0,3.65,Yes,Yes,Utility,3.6,No,No,No,15.0,55000000.0,0.55,No,Yes,Yes,Yes,Yes,Yes,Yes
0,SOAR,SKYM,,,,Singapore,30.0,152.0,4.0,Yes,Yes,Utility,0.2,Yes,Yes,Yes,17.5,130000000.0,0.372,No,Yes,Yes,Yes,Yes,Yes,Yes
0,Sociall,SCL,,,,Australia,29.0,,3.35,Yes,Yes,Utility,0.6029,No,No,No,14.0,47500000.0,,No,No,Yes,Yes,Yes,Yes,Yes
0,SonoCoin,SONO,,,,Switzerland,121.0,121.0,3.65,No,No,Utility,1.6607,No,Yes,No,12.0,55000000.0,0.55,Yes,Yes,Yes,Yes,Yes,Yes,Yes
0,Spectre,SXDT,,,,British Virgin Islands,23.0,,3.2,Yes,Yes,Utility,0.13,No,No,No,10.0,,,No,No,Yes,Yes,Yes,No,Yes
0,SportGift,SPORTG,,,,Ecuador,76.0,75.0,3.6,Yes,Yes,Utility,0.05,No,No,No,5.5,520000000.0,0.52,Yes,Yes,Yes,Yes,Yes,Yes,Yes
0,SSOT Health Foundation,SEHR,,,,USA,30.0,30.0,3.4,Yes,Yes,Utility,0.03,Yes,Yes,Yes,5.0,500000000.0,0.5,Yes,Yes,Yes,Yes,Yes,Yes,Yes
0,SuchApp,SPS,,,,Isle of Man,31.0,22.0,4.0,Yes,Yes,Utility,0.05,Yes,Yes,Yes,19.5,1250000000.0,,No,Yes,Yes,Yes,Yes,No,Yes
0,SunContract,SNC,,,,Slovenia,34.0,,3.4,Yes,Yes,Utility,0.0226,No,No,No,17.0,,,No,Yes,Yes,Yes,Yes,Yes,No
0,SwissBorg,CHSB,,,,Switzerland,34.0,,3.6,Yes,Yes,Utility,0.1,No,Yes,No,22.0,,,No,Yes,Yes,Yes,Yes,Yes,Yes
0,Synthestech,STT,,,,Switzerland,119.0,31.0,3.2,Yes,Yes,Utility,1.5,Yes,No,No,6.0,14250000.0,0.79,Yes,Yes,Yes,Yes,Yes,Yes,Yes
0,ThreeFold Network,TFT,,,,Belgium,21.0,,3.4,No,No,Utility,0.15,No,Yes,No,26.5,,,No,No,Yes,Yes,Yes,Yes,Yes
0,TITA Project,TTN,,,,Nigeria,31.0,62.0,3.4,Yes,Yes,Utility,0.0395,Yes,No,No,11.0,100000000.0,0.4,Yes,Yes,Yes,Yes,Yes,Yes,Yes
0,TokenBacon,BAK,,,,Taiwan,63.0,,3.45,No,No,Utility,0.044,No,No,No,12.0,,,Yes,Yes,Yes,Yes,Yes,Yes,Yes
0,tokens.net,DTR,,,,UK,20.0,,3.15,Yes,Yes,Utility,0.01,No,No,No,5.0,1500000.0,0.4,No,Yes,Yes,Yes,Yes,No,No
0,TokenStars ACE,ACE,,,,Russia,51.0,29.0,3.1,Yes,Yes,Utility,0.6458,No,No,No,11.0,99000000.0,0.6,No,Yes,Yes,Yes,Yes,Yes,No
0,Tomocoin,TOMO,,,,Singapore,19.0,,3.9,Yes,Yes,Utility,0.25,Yes,Yes,No,10.0,20000000.0,0.4,No,Yes,Yes,Yes,Yes,Yes,Yes
0,Tracoin,TCN Token,,,,South Africa,79.0,30.0,4.1,Yes,Yes,Utility,0.6,Yes,No,No,7.0,20000000.0,0.67,Yes,Yes,Yes,Yes,Yes,Yes,Yes
0,Trade Pharma Network,TXP,,,,Belgium,43.0,28.0,2.15,Yes,Yes,Utility,0.07,Yes,No,No,4.0,500000000.0,0.5,Yes,Yes,Yes,Yes,Yes,No,Yes
0,Travelvee,TRAVEL,,,,Bulgaria,441.0,46.0,3.2,Yes,Yes,Utility,1.0,No,Yes,No,6.5,,,Yes,Yes,Yes,Yes,Yes,Yes,Yes
0,Tripago,TPG Token,,,,UK,58.0,18.0,3.4,Yes,Yes,Utility,0.036,No,No,Yes,15.0,400000000.0,0.4,Yes,Yes,Yes,Yes,Yes,Yes,Yes
0,TrustVerse,TVS,,,,Singapore,26.0,26.0,3.2,Yes,Yes,Utility,0.1019,No,Yes,No,12.5,400000000.0,0.4,No,Yes,Yes,Yes,Yes,No,Yes
0,uKit,UKT,,,,Russia,71.0,21.0,3.55,Yes,Yes,Utility,0.02,No,Yes,Yes,12.0,550000000.0,0.55,Yes,Yes,Yes,Yes,Yes,Yes,Yes
0,UnfoldU,UNFLD,,,,India,53.0,53.0,4.35,Yes,Yes,Utility,42.61814944,No,Yes,No,6.0,200000000.0,0.39,Yes,Yes,Yes,Yes,Yes,No,Yes
0,VIARIUM,VRX,,,,Russia,1.0,55.0,3.65,Yes,Yes,Utility,0.05,No,Yes,No,9.0,250000000.0,0.52,Yes,Yes,Yes,Yes,Yes,No,Yes
0,VIBEHub,VIBE,,,,USA,30.0,14.0,3.4,Yes,Yes,Utility,0.014,No,No,No,5.0,160200000.0,0.6,No,Yes,Yes,Yes,Yes,Yes,Yes
0,Warrior Token,WRT,,,,USA,30.0,60.0,3.4,Yes,Yes,Utility,95.7058,Yes,Yes,No,13.5,35000000.0,0.35,Yes,Yes,Yes,Yes,Yes,Yes,Yes
0,WOX,WOX,,,,Estonia,29.0,59.0,3.7,Yes,Yes,Utility,0.048,Yes,Yes,No,4.5,250000000.0,0.25,No,Yes,Yes,Yes,Yes,Yes,Yes
0,WTX HUB,WTXH,,,,UK,162.0,55.0,3.4,Yes,Yes,Utility,0.2,No,Yes,No,14.5,200000000.0,0.8,No,Yes,Yes,Yes,Yes,Yes,missingData
0,WULET,WU,,,,Estonia,394.0,242.0,3.4,No,No,Utility,0.58,Yes,Yes,Yes,13.0,63700000.0,0.7,Yes,Yes,Yes,Yes,Yes,Yes,Yes
0,Xtribe,XRBT,,,,Switzerland,143.0,31.0,3.1,Yes,Yes,Utility,0.0197,Yes,Yes,Yes,7.0,1200000000.0,0.6,Yes,Yes,Yes,Yes,Yes,No,Yes
0,zeosX,ZEOS,,,,Indonesia,116.0,74.0,3.4,Yes,Yes,Utility,0.0316,Yes,Yes,Yes,19.0,,0.75,Yes,Yes,Yes,Yes,Yes,Yes,Yes
0,108 Token,108T,,,,Cayman Islands,91.0,,3.45,Yes,Yes,Utility,1.0,Yes,Yes,No,7.0,1200000000000.0,0.97,Yes,No,Yes,Yes,Yes,Yes,Yes
0,2TF,2TF,,,,Cayman Islands,36.0,9.0,3.3,Yes,Yes,Utility,0.0779,Yes,Yes,No,8.0,180000000.0,0.6,Yes,Yes,Yes,Yes,Yes,No,missingData
0,300cubits TEU,TEU,,,,Hong Kong,30.0,,3.7,Yes,Yes,Utility,1.692,Yes,Yes,Yes,6.0,2000000.0,0.18,No,Yes,Yes,Yes,Yes,Yes,Yes
0,aGifttoken Stage I,aGifttoken / AGT,,,,Romania,187.0,,3.55,Yes,Yes,Utility,1.0,No,Yes,No,7.0,20000000.0,0.67,Yes,Yes,Yes,Yes,Yes,Yes,Yes
0,Akilos,ALS,,,,UK,61.0,,3.3,Yes,Yes,Utility,0.7178,No,No,No,9.0,10000000.0,0.67,Yes,Yes,Yes,Yes,Yes,Yes,Yes
0,AllSporter,ALL,,,,UK,59.0,19.0,3.3,Yes,Yes,Utility,0.23,No,Yes,No,26.0,,0.55,Yes,Yes,Yes,Yes,Yes,Yes,Yes
0,Alphacon,ALP,,,,Singapore,21.0,40.0,4.0,Yes,Yes,Utility,0.0005,Yes,Yes,No,54.0,7500000000.0,0.3,Yes,Yes,Yes,Yes,Yes,Yes,No
0,Alphanu,ANU,,,,Taiwan,4.0,60.0,3.7,Yes,Yes,Utility,0.0025,Yes,Yes,No,15.0,200000000.0,,No,No,Yes,Yes,Yes,No,Yes
0,Alprockz,APZ,,,,Switzerland,149.0,91.0,3.7,Yes,Yes,Utility,0.6037,Yes,Yes,No,19.5,26250000.0,0.6,No,Yes,Yes,Yes,Yes,No,Yes
0,AMCHART,AMC,,,,USA,29.0,120.0,3.6,Yes,Yes,Utility,1.0,Yes,Yes,No,5.5,115000000.0,0.95,Yes,Yes,Yes,Yes,Yes,Yes,Yes
0,AMMUT NETWORK,XAMM,,,,UK,92.0,,3.1,Yes,Yes,Utility,0.0957,No,No,No,6.0,180000000.0,0.6,No,Yes,Yes,Yes,Yes,No,Yes
0,APO Finance,APO,,,,USA,28.0,,3.3,Yes,Yes,Utility,0.0041,No,No,Yes,5.0,210000000.0,0.4,Yes,Yes,Yes,Yes,Yes,Yes,Yes
0,Argyle,RGL,,,,Marshall Islands,113.0,,2.7,Yes,Yes,Utility,10.0,Yes,Yes,No,10.5,100000000.0,0.6,Yes,Yes,Yes,Yes,Yes,Yes,Yes
0,Atisios,ATIS,,,,France,89.0,29.0,3.3,Yes,Yes,Utility,0.0095,No,No,Yes,3.5,1380000000.0,0.69,Yes,Yes,Yes,Yes,Yes,Yes,Yes
0,Augur,REP,,,,USA,45.0,,3.7,Yes,Yes,Utility,0.6,No,No,No,13.0,11000000.0,,No,No,Yes,Yes,Yes,Yes,No
0,Aussie Digital,AUD,,,,Australia,14.0,,3.15,Yes,Yes,Utility,0.01,No,No,No,18.0,25000000000.0,0.6,Yes,Yes,Yes,Yes,Yes,Yes,Yes
0,Baanx.com,BAANX,,,,UK,60.0,48.0,3.7,Yes,Yes,Utility,125.0,Yes,Yes,No,17.0,700000000.0,0.56,Yes,Yes,Yes,Yes,Yes,No,Yes
0,Betmatch,XBM,,,,Estonia,31.0,,3.3,Yes,Yes,Utility,0.0392,No,No,No,9.0,500000000.0,0.5,No,Yes,Yes,Yes,Yes,No,Yes
0,BitcoinBlink,Blink Stock Token/BSTK,,,,Estonia,183.0,,3.3,Yes,Yes,Utility,0.02,No,Yes,Yes,2.0,600000000.0,0.6,No,Yes,Yes,Yes,Yes,No,Yes
0,BitImage,BIM,,,,Seychelles,42.0,28.0,3.5,Yes,Yes,Utility,0.0036,No,No,Yes,13.0,6200000000.0,0.62,Yes,Yes,Yes,Yes,Yes,Yes,Yes
0,Bitrus,BTRS,,,,Malta,138.0,,3.3,Yes,Yes,Utility,0.07,No,No,No,14.5,80000000.0,0.354,No,No,Yes,Yes,Yes,No,Yes
0,Bitto Exchange,BITTO,,,,UK,211.0,13.0,3.6,Yes,Yes,Utility,1.0,Yes,No,No,9.5,12000000.0,0.5381,Yes,Yes,Yes,Yes,Yes,Yes,Yes
0,Blockkonnect,XBT Token,,,,UK,58.0,,3.3,Yes,Yes,Utility,0.015,No,No,No,5.0,108324000.0,0.68,Yes,Yes,Yes,Yes,Yes,Yes,Yes
0,Börser,BOR,,,,Costa Rica,89.0,183.0,2.7,Yes,Yes,Utility,1.0,No,No,No,8.0,60000000.0,0.6,Yes,Yes,Yes,Yes,Yes,Yes,Yes
0,Capitual,CPB,,,,Malta,213.0,,3.5,Yes,Yes,Utility,0.15,No,Yes,No,8.0,,,No,Yes,Yes,Yes,Yes,Yes,Yes
0,Carna Life,CLC,,,,UK,58.0,31.0,3.3,Yes,Yes,Utility,0.03,No,Yes,No,12.0,4800000000.0,0.48,Yes,Yes,Yes,Yes,Yes,No,Yes
0,CBNT,CBNT,,,,Singapore,29.0,,3.3,Yes,Yes,Utility,,No,No,Yes,13.0,6000000000.0,0.6,Yes,No,Yes,Yes,Yes,Yes,Yes
0,ClinicAll,CHT,,,,Gibraltar,333.0,,3.25,Yes,Yes,Utility,1.0,No,Yes,No,6.0,100000000.0,,Yes,Yes,Yes,Yes,Yes,No,Yes
0,CODEO TOKEN,CODEO,,,,British Virgin Islands,30.0,,3.1,Yes,Yes,Utility,0.01,No,No,Yes,3.0,12000000000.0,0.4,No,No,Yes,Yes,Yes,No,Yes
0,Coinstantine,CSN,,,,Netherlands,60.0,45.0,3.6,Yes,Yes,Utility,0.25,No,No,Yes,9.0,100000000.0,0.9,Yes,Yes,Yes,Yes,Yes,Yes,No
0,Cryptocoin Insurance,CCIN,,,,Russia,56.0,,3.3,Yes,Yes,Utility,0.1316,No,No,Yes,12.0,75000000.0,0.75,Yes,Yes,Yes,Yes,No,Yes,missingData
0,CryptoRobotics,ROBO,,,,Gibraltar,31.0,33.0,3.3,Yes,Yes,Payment,0.0798,Yes,Yes,Yes,17.5,57600000.0,0.4,Yes,Yes,Yes,Yes,Yes,Yes,Yes
0,Cryptyk,CTK Token,,,,USA,72.0,288.0,3.6,Yes,Yes,Utility,125.0,No,Yes,Yes,20.0,250000000.0,0.33,Yes,Yes,Yes,Yes,Yes,No,Yes
0,DAV,DAV,,,,Switzerland,14.0,,3.2,Yes,Yes,Utility,0.046,Yes,Yes,No,27.5,1771428571.0,0.4,No,Yes,Yes,Yes,Yes,Yes,Yes
0,Dexive,DVХ,,,,UK,14.0,,3.3,Yes,Yes,Utility,0.01,No,No,missingData,5.0,334000000.0,0.55,Yes,Yes,Yes,Yes,Yes,Yes,Yes
0,DIC Resort Private Token Offering,DIC,,,,United Arab Emirates,166.0,92.0,3.3,Yes,Yes,Utility,,No,Yes,No,4.0,29500000.0,,Yes,Yes,Yes,Yes,Yes,No,Yes
0,Dizcovery Network,DIZ,,,,Norway,53.0,22.0,2.4,Yes,Yes,Utility,0.35,Yes,No,No,9.5,600000000.0,0.6,No,Yes,Yes,Yes,Yes,Yes,Yes
0,DomusCoins,DOC,,,,UK,89.0,,3.3,Yes,Yes,Utility,1.0,No,Yes,No,4.5,10000000.0,0.01,Yes,Yes,Yes,Yes,Yes,No,Yes
0,echarge.work,ECHG,,,,Switzerland,229.0,96.0,3.3,Yes,Yes,Utility,0.14,No,Yes,Yes,25.0,1000000000.0,0.5,No,Yes,Yes,Yes,Yes,No,Yes
0,ECONEUARK,ECOEC,,,,Russia,90.0,30.0,3.3,Yes,Yes,Utility,21.2745483,No,No,No,8.5,5500000.0,0.64,No,No,Yes,Yes,Yes,Yes,Yes
0,Empleos.io,PLEO,,,,Georgia,20.0,20.0,3.3,No,No,Utility,0.5,Yes,Yes,Yes,10.5,70000000.0,0.5,Yes,Yes,Yes,Yes,Yes,Yes,Yes
0,Fusion,FSN,,,,Singapore,9.0,,3.25,Yes,Yes,Utility,2.0775,No,No,No,15.5,28672000.0,0.35,No,Yes,Yes,Yes,Yes,Yes,Yes
0,Genesis Vision,GVT,,,,Russia,31.0,20.0,3.9,Yes,Yes,Utility,1.0,No,No,No,21.0,33000000.0,,No,Yes,Yes,Yes,Yes,Yes,Yes
0,Glyff,GLY,,,,UK,131.0,89.0,2.9,Yes,Yes,Utility,0.16481,No,Yes,Yes,4.5,32500000.0,0.65,No,No,Yes,Yes,Yes,Yes,Yes
0,Gnosis,GNO,,,,Germany,0.0,,3.4,Yes,Yes,Utility,29.85,No,No,No,10.0,10000000.0,,No,No,Yes,Yes,Yes,No,No
0,GoldeNugget,GNTO,,,,Switzerland,30.0,,3.9,Yes,Yes,Utility,0.97,Yes,Yes,No,8.0,19500000.0,,Yes,Yes,Yes,Yes,Yes,Yes,Yes
0,GUTS Tickets,GET,,,,Netherlands,30.0,,3.3,Yes,Yes,Utility,1.233,No,No,No,7.5,36900000.0,0.41,Yes,Yes,Yes,Yes,Yes,No,missingData
0,Hybrid Betting,HYB,,,,UK,62.0,66.0,3.5,Yes,Yes,Utility,0.22,Yes,No,No,6.0,50000000.0,0.55,Yes,Yes,Yes,Yes,Yes,Yes,Yes
0,Hydrostandart.io,<U+041D>RS,,,,Switzerland,182.0,,3.3,Yes,Yes,Utility,0.5,No,Yes,No,7.0,17395000.0,0.86975,No,Yes,Yes,Yes,Yes,Yes,Yes
0,Impresso,XIM,,,,Switzerland,13.0,13.0,3.15,Yes,Yes,Utility,0.77,Yes,Yes,No,0.0,76720000.0,0.7672,Yes,Yes,Yes,Yes,Yes,Yes,Yes
0,IP.Gold,IPG,,,,Seychelles,43.0,,4.0,Yes,Yes,Utility,1.0,No,Yes,No,1.0,13000000.0,0.65,Yes,Yes,Yes,Yes,Yes,No,Yes
0,K Tune,KTT,,,,Switzerland,31.0,,3.3,Yes,Yes,Utility,0.0375,No,Yes,No,11.0,,0.1,Yes,Yes,Yes,Yes,Yes,Yes,Yes
0,Koilop,KLP,,,,Poland,79.0,,3.3,Yes,Yes,Utility,0.0228,No,Yes,Yes,13.0,600000000.0,0.7,Yes,Yes,Yes,Yes,Yes,Yes,Yes
0,Kriptotrackers Token,KTS,,,,Mexico,31.0,,3.3,Yes,Yes,Utility,0.9571,Yes,Yes,Yes,10.0,650000.0,0.65,Yes,Yes,Yes,Yes,Yes,Yes,Yes
0,Lancer Network,LNW,,,,Russia,103.0,60.0,3.4,Yes,Yes,Utility,0.01,No,Yes,Yes,8.5,880000000.0,0.59,Yes,Yes,Yes,Yes,Yes,No,Yes
0,LOVR Pre-ICO,LVR,,,,Germany,60.0,91.0,2.6,Yes,Yes,Utility,1.16,No,Yes,No,12.5,2500000.0,0.025,No,No,Yes,Yes,Yes,Yes,Yes
0,MAESTRO,MAE,,,,Singapore,5.0,,3.3,Yes,Yes,Utility,0.0492,Yes,Yes,No,17.5,620000000.0,0.62,No,Yes,Yes,Yes,Yes,Yes,Yes
0,Melior AI,MEL,,,,Ireland,33.0,,3.3,Yes,Yes,Utility,0.12,Yes,Yes,No,19.0,223000000.0,0.558,Yes,Yes,Yes,Yes,Yes,Yes,Yes
0,MIN,MIN,,,,Ireland,29.0,14.0,3.3,No,No,Utility,0.0228,No,Yes,Yes,9.5,6000000000.0,0.6,Yes,Yes,Yes,Yes,Yes,No,Yes
0,MoonTrader,MOON,,,,Moldova,30.0,30.0,3.3,Yes,Yes,Utility,0.65,No,No,No,8.0,2400000.0,0.798,Yes,Yes,Yes,Yes,Yes,No,Yes
0,Morpheus Network,MRPH,,,,Seychelles,31.0,15.0,3.35,Yes,Yes,Utility,0.5,No,Yes,Yes,21.5,52000000.0,0.52,Yes,Yes,Yes,Yes,Yes,No,Yes
0,Mountable,MNT token,,,,Indonesia,49.0,7.0,3.3,Yes,Yes,Utility,3e-05,No,No,No,9.5,750000000.0,0.75,Yes,Yes,Yes,Yes,Yes,Yes,Yes
0,Muse Protocol,MUSE,,,,USA,7.0,,4.0,No,No,Utility,0.0226,No,Yes,No,3.5,400000000.0,0.4,Yes,Yes,Yes,Yes,Yes,Yes,Yes
0,Muzika,MZK,,,,South Korea,30.0,,3.3,Yes,Yes,Utility,0.0983,Yes,Yes,Yes,26.0,205000000.0,0.205,No,Yes,Yes,Yes,Yes,Yes,Yes
0,Namek,NMK,,,,France,55.0,27.0,3.05,Yes,Yes,Utility,0.1134,Yes,Yes,Yes,1.0,160000000.0,0.4,Yes,Yes,Yes,Yes,Yes,Yes,Yes
0,Out of the Cloud,OUT Token,,,,USA,38.0,31.0,3.3,Yes,Yes,Utility,0.15,No,Yes,Yes,9.0,700000000.0,0.7,Yes,Yes,Yes,Yes,Yes,Yes,Yes
0,Payportal,PPTL,,,,India,27.0,27.0,3.3,Yes,Yes,Utility,0.8636,Yes,Yes,Yes,9.0,20000000.0,0.7,Yes,Yes,Yes,Yes,Yes,Yes,Yes
0,PeruCoin,PRU,,,,Unknown,185.0,62.0,3.3,Yes,Yes,Utility,7.0,No,Yes,Yes,4.0,1900000.0,,Yes,Yes,Yes,Yes,Yes,Yes,Yes
0,PlayTrip,PLTC,,,,Switzerland,16.0,6.0,3.3,Yes,Yes,Utility,0.0599,Yes,Yes,No,20.0,750000000.0,0.5,Yes,Yes,Yes,Yes,No,No,missingData
0,Propy,PRO,,,,USA,31.0,,3.5,Yes,Yes,Utility,1.0,No,No,No,18.0,100000000.0,0.35,No,Yes,Yes,Yes,Yes,No,No
0,Rateonium,RTC,,,,Macedonia,31.0,16.0,4.3,Yes,Yes,Utility,0.0376,Yes,Yes,No,17.0,665414296.0,0.83,Yes,Yes,Yes,Yes,Yes,Yes,Yes
0,Ravn's Korrax,KRX,,,,Dominican Republic,28.0,27.0,4.2,No,No,Utility,0.07,No,No,No,19.0,750000000.0,0.41,No,Yes,Yes,Yes,Yes,No,Yes
0,RE CITY HOUSE (RECH),RECH,,,,Greece,56.0,,3.4,No,No,Utility,0.017,Yes,No,missingData,15.0,18600000.0,0.62,Yes,Yes,Yes,Yes,Yes,No,Yes
0,redBUX,redBUX,,,,Germany,35.0,24.0,2.9,Yes,Yes,Utility,0.0118,Yes,Yes,No,7.5,13000000000.0,0.65,No,Yes,Yes,Yes,Yes,No,Yes
0,Reflexion Lounge (XRLO),XRLO,,,,UK,31.0,30.0,4.0,Yes,Yes,Utility,0.0287,Yes,No,No,2.0,90000000.0,0.45,Yes,Yes,Yes,Yes,Yes,No,Yes
0,Revain,R,,,,Russia,14.0,,3.15,Yes,Yes,Utility,0.05,No,No,No,7.0,700000000.0,,Yes,Yes,Yes,Yes,Yes,Yes,missingData
0,RiverMount,RM,,,,South Korea,88.0,,3.1,Yes,Yes,Utility,0.9,Yes,Yes,Yes,11.0,20000000.0,0.2,Yes,Yes,Yes,Yes,Yes,No,Yes
0,Safinus,SAF,,,,Cayman Islands,61.0,22.0,3.8,Yes,Yes,Utility,1.0,Yes,Yes,Yes,20.0,37000000.0,0.92,No,Yes,Yes,Yes,Yes,Yes,Yes
0,ScriptDrop,AHC,,,,USA,13.0,,3.35,Yes,Yes,Utility,0.07,No,No,No,5.5,410000000.0,0.41,No,No,Yes,Yes,Yes,No,No
0,SETiToken,SETI,,,,United Arab Emirates,10.0,16.0,3.3,Yes,Yes,Utility,0.85,No,Yes,No,9.0,120000000.0,0.2,Yes,Yes,Yes,Yes,Yes,No,Yes
0,SHOP Protocol,SHOP,,,,USA,112.0,,3.3,Yes,Yes,Utility,0.5,No,No,No,29.0,105000000.0,0.35,No,Yes,Yes,Yes,Yes,Yes,Yes
0,Shopereum,XSHOP,,,,China,7.0,7.0,4.3,Yes,Yes,Utility,0.02,No,No,No,7.0,180000000.0,0.3,No,No,Yes,Yes,Yes,Yes,Yes
0,Smartlands,SLT,,,,Cyprus,18.0,,3.4,No,No,Utility,0.5,No,No,No,12.0,50000000.0,0.5,No,Yes,Yes,Yes,Yes,Yes,Yes
0,Snovian.Space,SNOV,,,,Ukraine,30.0,56.0,3.15,Yes,Yes,Utility,0.1,No,No,No,15.0,,0.622,No,No,Yes,Yes,Yes,No,Yes
0,Snovio,SNOV,,,,Ukraine,31.0,56.0,3.25,Yes,Yes,Utility,0.01,No,No,No,7.0,1500000000.0,0.6,No,Yes,Yes,Yes,Yes,No,Yes
0,Stampify,STAMP,,,,Estonia,60.0,,3.25,Yes,Yes,Utility,2.32,No,No,No,9.5,75000000.0,0.75,Yes,Yes,Yes,Yes,Yes,Yes,No
0,Subaj Global Network,SBJ,,,,Germany,90.0,44.0,3.3,Yes,Yes,Utility,0.05,No,Yes,Yes,14.0,2500000000.0,0.5,Yes,Yes,Yes,Yes,Yes,No,Yes
0,Swapy Network,SWAPY,,,,Cayman Islands,30.0,31.0,3.5,Yes,Yes,Utility,0.65,Yes,Yes,Yes,1.0,50000000.0,0.5,Yes,Yes,Yes,Yes,Yes,Yes,Yes
0,Swiftex Exchange,SWFT,,,,UK,92.0,,1.85,Yes,Yes,Utility,0.0004,No,No,No,7.0,30000000.0,0.6,Yes,Yes,Yes,Yes,Yes,Yes,Yes
0,The Divi Project,DIVX,,,,Saint Kitts and Nevis,27.0,,3.3,Yes,Yes,Utility,0.8131,No,No,No,10.5,,,Yes,Yes,Yes,Yes,Yes,Yes,missingData
0,Token Changer,TOC,,,,UK,61.0,34.0,3.3,Yes,Yes,Utility,0.15,No,No,Yes,8.0,300000000.0,0.3,No,No,Yes,Yes,Yes,Yes,Yes
0,TonerCoin,TONER,,,,Russia,30.0,29.0,3.3,Yes,Yes,Utility,0.55,No,No,No,8.0,14000000.0,0.765,Yes,Yes,Yes,Yes,Yes,Yes,Yes
0,Trade Nexi,NEXI,,,,Singapore,72.0,40.0,3.3,Yes,Yes,Utility,0.025,No,No,Yes,11.0,608000000.0,0.608,Yes,Yes,Yes,Yes,Yes,Yes,Yes
0,Udap,UPX,,,,Singapore,303.0,,3.3,Yes,Yes,Utility,0.0083,Yes,Yes,No,13.5,4000000000.0,0.4,No,No,Yes,Yes,Yes,Yes,Yes
0,USAT,USAT,,,,Australia,55.0,9.0,3.8,Yes,Yes,Utility,215.0,Yes,Yes,Yes,12.0,762500000.0,0.5,Yes,Yes,Yes,Yes,Yes,Yes,Yes
0,Valorem Foundation,VLR,,,,USA,194.0,,3.0,Yes,Yes,Utility,0.43,No,No,No,11.5,200000000.0,,Yes,Yes,Yes,Yes,Yes,Yes,Yes
0,Vantage Token,XVT,,,,Cayman Islands,45.0,,3.3,Yes,Yes,Utility,0.1081,Yes,Yes,Yes,16.0,110000000.0,0.55,No,Yes,Yes,Yes,Yes,Yes,Yes
0,VARcrypt,VAR,,,,British Virgin Islands,89.0,,3.1,No,No,Utility,5.0,No,No,No,9.0,11000000.0,0.2619,Yes,Yes,Yes,Yes,Yes,Yes,Yes
0,Vite,VITE,,,,USA,19.0,,3.0,Yes,Yes,Utility,0.143,No,Yes,No,9.0,125000000.0,0.83,No,Yes,Yes,Yes,Yes,No,Yes
0,VOSAI,VOSAI,,,,USA,117.0,181.0,3.35,Yes,Yes,Utility,0.75,Yes,Yes,No,3.0,215000000.0,0.15,Yes,Yes,Yes,Yes,Yes,Yes,Yes
0,Want Marketplaces,WNTU,,,,British Virgin Islands,95.0,,3.3,Yes,Yes,Utility,0.4,No,No,Yes,1.0,100000000.0,0.1,No,No,Yes,Yes,Yes,Yes,Yes
0,Wealth Migrate,WRE,,,,China,47.0,110.0,3.4,Yes,Yes,Utility,0.1,Yes,Yes,No,30.0,300000000.0,0.5,Yes,Yes,Yes,Yes,Yes,No,Yes
0,When Hungry,WHY,,,,Russia,30.0,18.0,3.3,Yes,Yes,Utility,0.0538,No,No,Yes,8.5,160000000.0,0.8,Yes,Yes,Yes,Yes,Yes,Yes,Yes
0,World Peace Coin,WPC,,,,Singapore,59.0,31.0,3.4,Yes,Yes,Utility,0.27,No,No,No,13.0,,,No,No,Yes,Yes,Yes,Yes,Yes
0,X-Power,XPO,,,,Singapore,148.0,,3.25,Yes,Yes,Utility,0.0049,No,Yes,No,3.0,1000000000.0,,Yes,Yes,Yes,Yes,Yes,Yes,Yes
0,Xcov,XCV,,,,Poland,31.0,61.0,3.3,Yes,Yes,Utility,0.05,No,No,No,6.0,150000000.0,0.43,Yes,Yes,Yes,Yes,Yes,Yes,Yes
0,xx Network,xx,,,,Cayman Islands,28.0,41.0,3.3,Yes,Yes,Utility,0.35,Yes,Yes,No,9.5,710000.0,0.7,No,Yes,Yes,Yes,Yes,No,Yes
0,Zeew,ZEWT,,,,Latvia,98.0,,3.3,Yes,Yes,Utility,0.05,Yes,Yes,No,9.0,240000000.0,,Yes,Yes,Yes,Yes,Yes,No,Yes
0,Zimrii,ZMR,,,,Australia,25.0,25.0,3.15,Yes,Yes,Utility,0.15,No,No,No,14.0,130000000.0,0.65,No,No,Yes,Yes,Yes,Yes,Yes
0,2100NEWS ICO,NWS,,,,Slovenia,70.0,,3.2,Yes,Yes,Utility,0.1,No,Yes,No,17.0,125000000.0,0.5,Yes,Yes,Yes,Yes,Yes,Yes,Yes
0,Ad Funnel,FNL,,,,Malaysia,121.0,30.0,3.05,Yes,Yes,Utility,0.0435,No,No,No,9.0,60000000.0,0.6,No,No,Yes,Yes,Yes,Yes,Yes
0,Ambit,AMBT,,,,Georgia,40.0,17.0,3.5,Yes,Yes,Utility,0.5,Yes,Yes,No,24.0,88000000.0,0.85,Yes,Yes,Yes,Yes,Yes,Yes,Yes
0,Anacoin,ANAT,,,,UK,14.0,57.0,3.2,Yes,Yes,Utility,0.02,No,No,No,12.0,150000000.0,0.15,Yes,Yes,Yes,Yes,Yes,Yes,No
0,APPICS,XAP,,,,Switzerland,31.0,,2.7,No,No,Utility,0.15,Yes,Yes,Yes,12.5,120000000.0,0.5,Yes,Yes,Yes,Yes,Yes,No,Yes
0,ARC-IRIS,ArcIris,,,,UK,120.0,30.0,3.9,No,No,Utility,0.1,No,Yes,Yes,13.0,750000000.0,0.75,Yes,Yes,Yes,Yes,Yes,Yes,Yes
0,Artis Aes Evolution,AES,,,,UK,30.0,69.0,3.2,Yes,Yes,Utility,1.126,No,Yes,Yes,8.5,52000000.0,0.52,No,Yes,Yes,Yes,Yes,Yes,Yes
0,Astronaut,ASTRO,,,,USA,25.0,,3.1,Yes,Yes,Utility,1.0,No,No,No,4.0,26400000.0,0.88,No,Yes,Yes,Yes,Yes,No,Yes
0,ATFS Project,ATFS,,,,Cayman Islands,30.0,,3.7,Yes,Yes,Utility,0.16,No,No,No,12.5,380000000.0,0.65,Yes,Yes,Yes,Yes,Yes,Yes,Yes
0,Authpaper,AUPC,,,,Hong Kong,159.0,,4.1,Yes,Yes,Utility,0.0957,No,No,No,3.0,250000000.0,0.625,Yes,Yes,Yes,Yes,Yes,Yes,Yes
0,Bailsman,BAILS,,,,Estonia,55.0,46.0,3.4,Yes,Yes,Utility,0.0349,No,Yes,No,0.0,2000000000.0,0.51,Yes,Yes,Yes,Yes,Yes,Yes,Yes
0,Berith,BRT,,,,Singapore,16.0,4.0,3.35,Yes,Yes,Utility,0.0237,Yes,Yes,Yes,20.0,1200000000.0,0.12,No,No,Yes,Yes,Yes,No,Yes
0,Betmaster,BETM,,,,Estonia,116.0,,3.3,Yes,Yes,Utility,1.0,No,No,No,16.0,,,No,No,Yes,Yes,Yes,Yes,Yes
0,BFEX,BFEX,,,,Hong Kong,58.0,30.0,3.2,Yes,Yes,Utility,0.5,No,Yes,Yes,8.0,105000000.0,0.5,Yes,Yes,Yes,Yes,Yes,Yes,Yes
0,Bigtangle,BTT,,,,Germany,120.0,,3.1,Yes,Yes,Utility,4e-05,No,No,No,14.0,550000000000.0,0.55,No,Yes,Yes,Yes,Yes,Yes,Yes
0,BIT.GAME,BGX,,,,Singapore,31.0,,3.1,Yes,Yes,Utility,0.01,Yes,Yes,No,14.0,3000000000.0,0.4,Yes,Yes,Yes,Yes,Yes,Yes,Yes
0,BitBattle.io,SPIN token,,,,Singapore,29.0,7.0,3.2,Yes,Yes,Utility,0.12,No,No,No,8.0,10000000.0,0.5,No,Yes,Yes,Yes,Yes,No,Yes
0,BitBook,BXK,,,,Costa Rica,43.0,14.0,2.8,Yes,Yes,Utility,113.0,No,Yes,No,8.5,420000000.0,0.56,Yes,No,Yes,Yes,Yes,No,Yes
0,BITRACE,BRF,,,,UK,49.0,31.0,3.6,Yes,Yes,Utility,0.1,Yes,No,No,14.5,356264000.0,0.356,Yes,Yes,Yes,Yes,Yes,Yes,Yes
0,BlockCart,BCART,,,,Singapore,31.0,60.0,3.2,Yes,Yes,Utility,0.02,No,Yes,No,15.0,500000000.0,0.25,No,No,Yes,Yes,Yes,Yes,Yes
0,blockhive,HIVE,,,,Estonia,47.0,,3.5,Yes,Yes,Utility,0.051,No,No,No,10.0,300000000.0,0.3,No,Yes,Yes,Yes,Yes,No,Yes
0,BlockLicense,LCN,,,,Greece,41.0,28.0,3.2,Yes,Yes,Utility,0.2365,No,No,No,9.0,490000000.0,0.7,Yes,No,Yes,Yes,Yes,Yes,missingData
0,Bluzelle,,,,,Singapore,15.0,,3.45,Yes,Yes,Utility,0.118,No,No,No,12.0,500000000.0,0.33,No,Yes,Yes,Yes,Yes,Yes,Yes
0,Boons,BSC Token,,,,Norway,51.0,,3.2,Yes,Yes,Utility,1.65,Yes,Yes,Yes,13.0,25900000.0,0.7,No,Yes,Yes,Yes,Yes,No,Yes
0,Capital,CALL,,,,Romania,30.0,30.0,3.2,Yes,Yes,Utility,0.35,Yes,Yes,Yes,11.5,89250000.0,0.85,Yes,Yes,Yes,Yes,Yes,Yes,Yes
0,CashBag,CBC Token,,,,South Africa,49.0,38.0,3.3,Yes,Yes,Utility,0.1133,No,No,No,9.5,120000000.0,0.32,No,No,Yes,Yes,Yes,Yes,Yes
0,Chrypto,CHRYPTO,,,,Germany,174.0,,2.9,Yes,Yes,Utility,0.15,No,Yes,Yes,11.0,54000000.0,0.54,Yes,Yes,Yes,Yes,Yes,No,Yes
0,CinemaWell.com,APLC,,,,Ukraine,88.0,,3.1,Yes,Yes,Utility,0.7481,Yes,Yes,Yes,9.0,,0.48,Yes,Yes,Yes,Yes,Yes,Yes,Yes
0,Clarity,CLRTY,,,,UK,378.0,63.0,3.3,Yes,Yes,Utility,214.2881,Yes,Yes,Yes,15.5,120000000.0,0.75,Yes,Yes,Yes,Yes,Yes,Yes,Yes
0,ClearPoll,POLL,,,,Australia,24.0,23.0,3.5,Yes,Yes,Utility,0.1285,No,No,No,9.0,10000000.0,0.7,Yes,Yes,Yes,Yes,Yes,No,Yes
0,CMBT,CMBT,,,,Brazil,19.0,9.0,3.4,Yes,Yes,Utility,0.94,Yes,Yes,No,6.0,24324325.0,0.37,Yes,Yes,Yes,Yes,Yes,Yes,Yes
0,Coffe,CFF,,,,Ireland,425.0,,2.8,No,No,Utility,0.01,Yes,Yes,No,6.0,7000000000.0,0.35,No,Yes,Yes,Yes,Yes,Yes,Yes
0,Coinshare,TCJ,,,,Isle of Man,43.0,,3.3,Yes,Yes,Utility,0.12,No,No,No,17.0,125000000.0,0.21,Yes,Yes,Yes,Yes,Yes,No,No
0,CoinStruction,CST,,,,Estonia,10.0,29.0,3.2,Yes,Yes,Utility,0.064,Yes,Yes,Yes,15.5,125000000.0,0.5,Yes,Yes,Yes,Yes,Yes,Yes,Yes
0,Confideal,CDL,,,,Russia,90.0,,3.4,Yes,Yes,Utility,0.555,No,No,No,18.0,,0.8,No,Yes,Yes,Yes,Yes,Yes,Yes
0,Crowdvilla,CRV,,,,Singapore,25.0,25.0,3.5,Yes,Yes,Utility,0.0578,Yes,Yes,No,8.0,,,Yes,Yes,Yes,Yes,Yes,Yes,Yes
0,CrowdWiz,WIZ,,,,Bulgaria,72.0,3.0,3.4,Yes,Yes,Utility,1.0,No,No,No,26.5,,,Yes,Yes,Yes,Yes,Yes,Yes,Yes
0,Crypcore,Crypcore/CRYT,,,,UK,31.0,30.0,3.2,Yes,Yes,Utility,0.4785,Yes,Yes,Yes,7.0,,0.65,Yes,Yes,Yes,Yes,Yes,Yes,Yes
0,crypto.tickets,TKT,,,,Russia,56.0,,3.5,Yes,Yes,Utility,0.04,No,No,No,25.0,,0.6886,No,Yes,Yes,Yes,Yes,Yes,Yes
0,Cryptoriya,CIYA,,,,UK,44.0,36.0,2.6,Yes,Yes,Utility,0.5,Yes,No,No,12.5,70000000.0,0.7,Yes,No,Yes,Yes,Yes,Yes,Yes
0,Current,CRNC,,,,USA,31.0,14.0,3.8,Yes,Yes,Utility,0.24,Yes,Yes,No,15.0,350000000.0,,Yes,Yes,Yes,Yes,Yes,Yes,Yes
0,Current X Change,PRP,,,,USA,182.0,39.0,3.05,No,No,Utility,1.0,No,Yes,Yes,4.0,17915904.0,0.5,Yes,Yes,Yes,Yes,Yes,No,Yes
0,Cybermiles,CMT,,,,USA,30.0,,3.2,Yes,Yes,Payment,0.103,No,No,No,12.5,700000000.0,0.7,No,Yes,Yes,Yes,Yes,No,Yes
0,DAIN,DAIN/DAINE,,,,Spain,91.0,,3.9,Yes,Yes,Utility,0.012,No,Yes,Yes,7.0,42000000.0,0.07,Yes,Yes,Yes,Yes,Yes,No,Yes
0,Dogezer,DGZ,,,,Russia,21.0,30.0,3.5,Yes,Yes,Utility,1.0,No,No,No,13.5,98000000.0,0.98,Yes,Yes,Yes,Yes,Yes,Yes,Yes
0,Dragon,DRG,,,,British Virgin Islands,28.0,,3.1,Yes,Yes,Utility,3.03,No,Yes,Yes,16.0,500000000.0,0.53,No,No,Yes,Yes,Yes,No,Yes
0,DRIVR Network,DVR,,,,Estonia,31.0,27.0,3.2,Yes,Yes,Utility,0.0185,No,No,Yes,6.5,650000000.0,0.86,No,Yes,Yes,Yes,Yes,Yes,Yes
0,Eastads Credits,ECR,,,,Nigeria,39.0,,3.2,Yes,Yes,Utility,0.01,No,No,Yes,12.0,332500000.0,0.475,Yes,Yes,Yes,Yes,Yes,Yes,Yes
0,EBCoin,EBC,,,,Singapore,28.0,31.0,3.9,Yes,Yes,Utility,0.043,No,No,No,11.0,750000000.0,0.5,Yes,Yes,Yes,Yes,Yes,Yes,Yes
0,eByte,eByte,,,,Germany,29.0,72.0,3.2,Yes,Yes,Utility,6.1181,No,No,Yes,17.0,1250000.0,0.266,Yes,Yes,Yes,Yes,Yes,Yes,Yes
0,EcoToken Blockchain,ETS,,,,Macedonia,30.0,62.0,3.2,Yes,Yes,Utility,0.1,Yes,No,No,4.0,,,No,No,Yes,Yes,Yes,Yes,Yes
0,Elisia,ELSA,,,,Australia,50.0,,3.2,Yes,Yes,Utility,0.0124,Yes,Yes,Yes,4.0,750000000.0,0.75,Yes,Yes,Yes,Yes,Yes,Yes,Yes
0,Energy Premier,EPC,,,,Switzerland,40.0,225.0,3.4,Yes,Yes,Utility,0.0003,No,Yes,No,15.0,120000000.0,0.6,Yes,Yes,Yes,Yes,Yes,Yes,Yes
0,Enigma Catalyst,ENG,,,,USA,0.0,,3.1,Yes,Yes,Utility,0.6,No,No,Yes,7.0,75000000.0,0.5,No,Yes,Yes,Yes,Yes,Yes,No
0,EtainPower,EPR,,,,Cayman Islands,5.0,5.0,3.2,Yes,Yes,Utility,0.002,Yes,Yes,No,17.0,3500000000.0,0.35,Yes,Yes,Yes,Yes,Yes,Yes,Yes
0,Eterbank,EPAY,,,,Ireland,42.0,69.0,3.2,No,No,Payment,0.3,Yes,Yes,No,5.0,120166666.0,0.6,No,Yes,Yes,Yes,Yes,No,Yes
0,ETH Travel,ETHTT,,,,Netherlands,29.0,10.0,3.4,Yes,Yes,Utility,0.0462,Yes,Yes,No,11.0,6000000000.0,0.6,Yes,Yes,Yes,Yes,Yes,Yes,Yes
0,EthLend,LEND,,,,Estonia,5.0,30.0,3.9,Yes,Yes,Utility,0.0176,No,No,No,22.5,1000000000.0,,No,Yes,Yes,Yes,Yes,Yes,Yes
0,EvoChain,ECHO Token,,,,USA,38.0,27.0,3.2,Yes,Yes,Utility,121.0,No,Yes,No,9.0,303150000.0,0.94,Yes,Yes,Yes,Yes,Yes,Yes,Yes
0,EZeeBUY,EZ8,,,,Singapore,29.0,30.0,2.8,Yes,Yes,Utility,0.08,Yes,Yes,No,6.5,125000000.0,0.14,Yes,Yes,Yes,Yes,Yes,Yes,Yes
0,EZPOS,EZT,,,,Singapore,12.0,24.0,4.1,Yes,Yes,Utility,1.2,Yes,Yes,No,20.5,10000000.0,0.2,Yes,Yes,Yes,Yes,Yes,Yes,Yes
0,FairWin,FWIN,,,,UK,31.0,34.0,3.3,Yes,Yes,Utility,0.001,No,Yes,Yes,8.0,,0.5,Yes,Yes,Yes,Yes,Yes,Yes,Yes
0,Fetch.ai,FET,,,,Singapore,0.0,,4.1,Yes,Yes,Utility,0.0867,Yes,Yes,No,25.0,69179855.0,0.06,Yes,Yes,Yes,Yes,Yes,Yes,Yes
0,FiveStarMiningNetwork,FSN Token,,,,UK,91.0,60.0,2.6,Yes,Yes,Utility,0.001,No,No,Yes,5.0,7000000000.0,0.7,Yes,Yes,Yes,Yes,Yes,Yes,Yes
0,Flashmoni,OZT,,,,UK,30.0,11.0,4.05,Yes,Yes,Utility,0.13,Yes,Yes,No,24.5,730000000.0,0.7,Yes,Yes,Yes,Yes,Yes,Yes,Yes
0,FluzFluz,FLUZ,,,,Colombia,6.0,,3.7,Yes,Yes,Utility,0.1,No,Yes,No,15.0,204780000.0,,No,Yes,Yes,Yes,Yes,Yes,Yes
0,Friend,FRND,,,,Norway,189.0,164.0,4.0,Yes,Yes,Utility,0.0246,Yes,Yes,Yes,29.5,1640000000.0,0.82,Yes,Yes,Yes,Yes,Yes,Yes,Yes
0,FunnyToken,FUNTO token,,,,Turkey,145.0,,2.4,Yes,Yes,Utility,0.24,No,Yes,No,8.0,36900000.0,0.15,Yes,Yes,Yes,Yes,Yes,No,Yes
0,Gallactic,GTX,,,,Singapore,121.0,,3.2,Yes,Yes,Utility,0.2033,Yes,Yes,No,2.5,400000000.0,0.4,No,Yes,Yes,Yes,Yes,Yes,Yes
0,Game Machine,GMIT,,,,Russia,48.0,16.0,3.4,Yes,Yes,Utility,0.42,No,No,No,10.5,100000000.0,0.714,Yes,Yes,Yes,Yes,Yes,Yes,Yes
0,GATCOIN,GAT Token,,,,Hong Kong,19.0,,3.5,Yes,Yes,Utility,0.2,No,No,No,17.0,115000000.0,0.5,No,Yes,Yes,Yes,Yes,Yes,Yes
0,GDPR.Cash,GDPR,,,,Bulgaria,55.0,,3.2,Yes,Yes,Utility,0.0751,No,No,No,13.0,120000000.0,0.6,Yes,Yes,Yes,Yes,Yes,Yes,Yes
0,Genaro,GNX,,,,Singapore,13.0,,3.25,Yes,Yes,Utility,0.15,Yes,No,No,20.0,,0.31,No,No,Yes,Yes,Yes,Yes,Yes
0,GlobexSCI,GSI,,,,Cyprus,72.0,28.0,3.5,Yes,Yes,Utility,0.9,No,Yes,No,6.5,,,Yes,Yes,Yes,Yes,Yes,Yes,Yes
0,Goal Bonanza,GOAL,,,,Serbia,30.0,,3.0,Yes,Yes,Utility,0.14,No,No,No,13.5,,0.8,Yes,Yes,Yes,Yes,Yes,Yes,Yes
0,Grabity,GBT,,,,South Korea,0.0,55.0,3.2,Yes,Yes,Utility,0.0053,Yes,Yes,Yes,14.5,7000000000.0,0.7,Yes,Yes,Yes,Yes,Yes,Yes,Yes
0,GStar,GOX,,,,Japan,78.0,32.0,3.2,Yes,Yes,Utility,0.04,No,Yes,No,20.0,500000000.0,0.5,Yes,Yes,Yes,Yes,Yes,No,Yes
0,Guardian Gold,GGTG,,,,USA,56.0,,3.2,Yes,Yes,Utility,125.0,No,No,No,3.0,,,Yes,Yes,Yes,Yes,Yes,No,Yes
0,Hazeian,HZN,,,,UK,28.0,6.0,3.4,Yes,Yes,Utility,0.3,No,Yes,No,15.0,130000000.0,0.65,Yes,Yes,Yes,Yes,Yes,Yes,Yes
0,Hero,HeroCoin,,,,Estonia,44.0,92.0,3.1,Yes,Yes,Utility,0.0043,No,No,No,19.5,10000000000.0,0.69,Yes,Yes,Yes,Yes,Yes,Yes,Yes
0,Hero,play,,,,Austria,30.0,,3.5,Yes,Yes,Utility,0.0399,No,No,No,12.5,600000000.0,0.3,No,Yes,Yes,Yes,Yes,Yes,Yes
0,Hero,HERO,,,,British Virgin Islands,27.0,1.0,3.0,Yes,Yes,Utility,4.2957,No,Yes,No,8.0,50000000.0,0.8,Yes,Yes,Yes,Yes,Yes,Yes,Yes
0,Horizon State,HST,,,,Australia,14.0,,3.55,Yes,Yes,Utility,0.1023,No,No,No,11.0,600000000.0,0.6,No,Yes,Yes,Yes,Yes,No,Yes
0,Hupplat,HUP,,,,Turkey,164.0,,3.0,Yes,Yes,Utility,0.0013,No,No,Yes,4.0,4000000.0,0.2,Yes,Yes,Yes,Yes,Yes,No,Yes
0,HydroCoin,HYC,,,,Germany,182.0,89.0,3.6,Yes,Yes,Utility,0.2353,Yes,Yes,No,16.0,500000000.0,0.5,Yes,Yes,Yes,Yes,Yes,Yes,Yes
0,ICOStart,ICH,,,,Switzerland,93.0,,2.8,Yes,Yes,Utility,0.09,Yes,Yes,Yes,10.0,19200000.0,0.32,Yes,Yes,Yes,Yes,Yes,Yes,Yes
0,ICST,ICST,,,,China,30.0,,3.2,Yes,Yes,Utility,0.0461,Yes,No,No,10.0,900000000.0,0.3,No,Yes,Yes,Yes,Yes,Yes,Yes
0,idap.io,BFX,,,,Seychelles,1.0,19.0,3.6,Yes,Yes,Utility,0.03,No,No,Yes,1.0,400000000.0,0.4,No,No,Yes,Yes,Yes,No,Yes
0,Innovative Bioresearch,INNBC,,,,UK,46.0,45.0,3.2,Yes,Yes,Utility,0.0195,No,No,Yes,6.0,,0.95,Yes,No,Yes,Yes,Yes,No,Yes
0,INTELLIGENT HERO,Intelligent Hero,,,,Estonia,3722.0,30.0,3.2,Yes,Yes,Utility,0.5,No,Yes,Yes,4.0,30000000.0,0.3,Yes,Yes,Yes,Yes,Yes,Yes,Yes
0,ititaniumcoin,ITC,,,,UK,47.0,,3.3,No,No,Utility,0.5,No,No,No,5.5,6900000.0,,Yes,Yes,Yes,Yes,Yes,Yes,Yes
0,KICKICO,KC,,,,Russia,18.0,11.0,3.7,Yes,Yes,Utility,0.0848,No,No,No,21.5,,,Yes,Yes,Yes,Yes,Yes,Yes,No
0,Kript,KRPT,,,,Singapore,31.0,30.0,3.3,Yes,Yes,Utility,0.397,No,No,No,5.0,100000000.0,0.4,Yes,Yes,Yes,Yes,Yes,Yes,Yes
0,Kryll.io,KRL,,,,France,72.0,,3.0,Yes,Yes,Utility,0.2,No,Yes,No,17.0,144000000.0,0.65,No,Yes,Yes,Yes,Yes,No,Yes
0,KryptEd,KED Token,,,,Turkey,30.0,30.0,3.3,Yes,Yes,Utility,0.072,No,Yes,No,11.5,150000000.0,0.5,No,No,Yes,Yes,Yes,Yes,Yes
0,L-pesa,LPK,,,,Gibraltar,30.0,23.0,3.75,Yes,Yes,Utility,0.04,Yes,Yes,No,26.0,1510000000.0,0.58,Yes,Yes,Yes,Yes,Yes,Yes,Yes
0,Labtorum,LTR,,,,Indonesia,23.0,,3.2,Yes,Yes,Utility,0.0014,No,No,Yes,14.0,1500000000.0,0.5,Yes,Yes,Yes,Yes,Yes,Yes,Yes
0,Lattice,LTI,,,,Estonia,67.0,,2.65,Yes,Yes,Utility,0.0043,No,Yes,No,12.5,800000000.0,0.66,Yes,Yes,Yes,Yes,Yes,Yes,Yes
0,LemoChain,LEMO,,,,Singapore,43.0,43.0,3.5,Yes,Yes,Utility,0.0732,No,Yes,No,14.5,400000000.0,0.25,Yes,Yes,Yes,Yes,Yes,Yes,Yes
0,LeoPays,LPC Token,,,,Estonia,56.0,55.0,3.2,Yes,Yes,Utility,0.0882,No,No,Yes,3.5,146000000.0,0.146,Yes,Yes,Yes,Yes,Yes,No,Yes
0,Lightcash Blockchain System,LCCT,,,,Belize,89.0,,3.5,Yes,Yes,Utility,0.1187,No,No,No,12.5,178500000.0,0.85,No,No,Yes,Yes,Yes,Yes,Yes
0,Loci Coin,LOCI,,,,USA,25.0,17.0,3.1,Yes,Yes,Utility,0.75,No,No,No,7.5,50000000.0,0.5,No,Yes,Yes,Yes,Yes,Yes,No
0,Lordmancer II,LC,,,,Russia,43.0,5.0,3.4,Yes,Yes,Utility,125.0,No,No,No,11.5,15000000.0,0.75,No,Yes,Yes,Yes,Yes,Yes,Yes
0,Lunes Platform,LNS,,,,Brazil,60.0,33.0,3.05,No,No,Utility,0.3,Yes,No,Yes,17.0,450000000.0,0.79,Yes,Yes,Yes,Yes,Yes,Yes,Yes
0,Luxcess Group,LXC,,,,Slovenia,35.0,2.0,3.7,Yes,Yes,Utility,0.15,Yes,Yes,No,16.0,28000000.0,0.8,Yes,Yes,Yes,Yes,Yes,Yes,Yes
0,Mango Startups,MNG,,,,Singapore,31.0,19.0,3.4,Yes,Yes,Utility,0.1,No,Yes,No,10.0,30000000.0,0.75,No,Yes,Yes,Yes,Yes,Yes,Yes
0,MARK.SPACE,MRK,,,,Singapore,36.0,57.0,3.9,Yes,Yes,Utility,0.1,No,No,Yes,28.0,885000000.0,0.4,Yes,Yes,Yes,Yes,Yes,Yes,Yes
0,MarketC,CMK,,,,Germany,30.0,6.0,3.2,No,No,Utility,1.1,Yes,Yes,No,5.0,9000000.0,0.18,Yes,Yes,Yes,Yes,Yes,Yes,Yes
0,Mavin,MVN,,,,Switzerland,215.0,42.0,3.3,Yes,Yes,Utility,8.6871,No,No,No,14.0,4000000000.0,0.6,No,Yes,Yes,Yes,Yes,Yes,Yes
0,MCO,MCO,,,,Switzerland,31.0,,3.7,Yes,Yes,Utility,2.88,No,No,No,4.0,9476400.0,,No,No,Yes,Yes,Yes,No,Yes
0,MedK - Medical Cannabis,MedK,,,,UK,144.0,52.0,3.2,Yes,Yes,Utility,0.05,Yes,Yes,No,5.5,550000000.0,0.6,Yes,Yes,Yes,Yes,Yes,No,Yes
0,MenuBuzz,MENU,,,,Ireland,42.0,,2.4,Yes,Yes,Utility,0.05,No,Yes,No,5.0,536000000.0,0.67,Yes,Yes,Yes,Yes,Yes,Yes,Yes
0,Monopoly,MNP,,,,Gibraltar,57.0,,2.6,Yes,Yes,Utility,0.2788,No,No,No,13.0,42000000.0,,Yes,Yes,Yes,Yes,Yes,Yes,Yes
0,MSG,MSG,,,,Hungary,27.0,47.0,3.2,Yes,Yes,Utility,,Yes,Yes,No,16.0,95982000.0,0.6,Yes,Yes,Yes,Yes,Yes,Yes,Yes
0,MVLchain,MVL,,,,Singapore,9.0,15.0,3.2,Yes,Yes,Utility,0.0024,No,No,No,23.5,,,Yes,Yes,Yes,Yes,Yes,Yes,Yes
0,NAM,NAM token,,,,Hong Kong,92.0,58.0,3.5,Yes,Yes,Utility,0.0163,No,Yes,No,10.0,20000000000.0,0.5,Yes,Yes,Yes,Yes,Yes,Yes,Yes
0,Neutro,NTO,,,,Saint Kitts and Nevis,4.0,41.0,3.2,Yes,Yes,Utility,0.6,No,Yes,No,8.0,9700000.0,0.5,No,No,Yes,Yes,Yes,Yes,Yes
0,NOLLYCOIN,NOLLY,,,,USA,29.0,30.0,3.0,Yes,Yes,Utility,0.0171,No,Yes,Yes,20.5,350000000.0,0.7,Yes,Yes,Yes,Yes,Yes,Yes,Yes
0,Nova Mining,Nova Mining Token / NMT,,,,Macedonia,182.0,,3.2,Yes,Yes,Utility,0.045,No,Yes,No,5.5,30000000.0,0.6,Yes,Yes,Yes,Yes,Yes,Yes,Yes
0,Nutrilifeio OÜ,NutrilifeToken (NLC),,,,Estonia,87.0,12.0,3.2,Yes,Yes,Utility,0.02,No,Yes,No,6.5,300000000.0,0.6,Yes,Yes,Yes,Yes,Yes,Yes,Yes
0,Obirum,OBR,,,,Singapore,60.0,,3.3,Yes,Yes,Utility,0.04,No,Yes,Yes,6.0,1151000000.0,0.5,Yes,Yes,Yes,Yes,Yes,Yes,Yes
0,PARSIQ,PRQ,,,,Estonia,30.0,46.0,3.85,Yes,Yes,Utility,0.0274,No,No,No,9.5,250000000.0,0.5,No,Yes,Yes,Yes,Yes,No,Yes
0,Payfrit RMS,PYT,,,,USA,120.0,7.0,2.35,Yes,Yes,Utility,0.75,No,No,No,16.0,21000000.0,,Yes,Yes,Yes,Yes,Yes,Yes,Yes
0,Pikcars,PIK,,,,Nigeria,30.0,,3.2,Yes,Yes,Utility,,No,No,Yes,4.0,120000000.0,0.6,Yes,Yes,Yes,Yes,Yes,Yes,Yes
0,Pindex,PINDEX,,,,Luxembourg,123.0,,3.2,Yes,Yes,Utility,1.574,No,No,No,13.0,200000000.0,,No,Yes,Yes,Yes,Yes,No,Yes
0,PlanEx,XPX,,,,Russia,47.0,105.0,3.2,Yes,Yes,Utility,0.0274,No,No,No,13.5,730000000.0,0.73,Yes,Yes,Yes,Yes,Yes,Yes,Yes
0,PlayerWonCoin,PWON,,,,Anguilla,58.0,30.0,3.25,Yes,Yes,Utility,0.1,No,No,No,12.5,1000000000.0,0.3,Yes,Yes,Yes,Yes,Yes,Yes,Yes
0,Pollen Institute,LTS,,,,Turkey,117.0,,3.0,Yes,Yes,Utility,0.0191,No,No,No,5.0,100.0,1.0,Yes,Yes,Yes,Yes,Yes,Yes,Yes
0,PopulTrade,PCP,,,,Slovenia,35.0,,2.8,Yes,Yes,Utility,0.1,No,No,No,14.5,192000000.0,0.66,Yes,Yes,Yes,Yes,Yes,Yes,Yes
0,Poseidon Network(QQQ),QQQ Token,,,,Taiwan,6.0,6.0,3.2,Yes,Yes,Utility,0.002,No,No,missingData,22.0,,,No,No,Yes,Yes,Yes,No,Yes
0,Presearch,PRE,,,,USA,98.0,,3.7,Yes,Yes,Utility,0.25,No,No,No,8.5,200000000.0,,No,Yes,Yes,Yes,Yes,No,No
0,ProBit,PROB,,,,Seychelles,1.0,23.0,3.2,Yes,Yes,Utility,0.2,No,No,Yes,7.5,20000000.0,0.1,No,Yes,Yes,Yes,Yes,No,Yes
0,Prosense,VRP,,,,Russia,30.0,27.0,3.4,Yes,Yes,Utility,0.1,No,No,No,19.5,720000000.0,0.6,No,Yes,Yes,Yes,Yes,Yes,Yes
0,ProximaX,XPX,,,,Singapore,10.0,,3.35,No,No,Utility,0.0094,Yes,Yes,No,7.5,5000000000.0,,No,Yes,Yes,Yes,Yes,No,Yes
0,Pundi X,PXS,,,,Indonesia,0.0,21.0,3.95,Yes,Yes,Utility,2.1,No,No,Yes,8.0,,,Yes,Yes,Yes,Yes,Yes,No,Yes
0,Puregold.io,PGT,,,,Seychelles,58.0,16.0,3.2,Yes,Yes,Utility,0.94,No,Yes,Yes,15.0,50000000.0,,No,Yes,Yes,Yes,Yes,Yes,Yes
0,Quantum1Net,Q1S,,,,Spain,98.0,,3.5,Yes,Yes,Utility,0.7174,No,Yes,No,6.5,28200000.0,,Yes,Yes,Yes,Yes,Yes,Yes,Yes
0,Quinto S.A. Sponsorship,QSA,,,,Costa Rica,144.0,,3.2,Yes,Yes,Utility,4.4924,No,No,No,3.0,1000000.0,1.0,Yes,No,Yes,Yes,Yes,No,Yes
0,QYKBAR,QYK,,,,Singapore,32.0,22.0,3.2,Yes,Yes,Utility,0.01,Yes,Yes,Yes,24.5,,0.75,Yes,Yes,Yes,Yes,Yes,Yes,Yes
0,ReporterCommunity,NEWS,,,,Hungary,120.0,101.0,3.65,Yes,Yes,Utility,114.0,Yes,No,No,8.0,36000000.0,0.6,Yes,Yes,Yes,Yes,Yes,Yes,Yes
0,Restart Energy,MWAT,,,,Romania,8.0,,3.6,Yes,Yes,Utility,0.1,Yes,Yes,No,22.5,400000000.0,0.8,Yes,Yes,Yes,Yes,Yes,Yes,Yes
0,Saturn Network,SATURN,,,,UK,91.0,,3.2,Yes,Yes,Utility,0.0092,No,No,No,9.0,500000000.0,0.5,Yes,Yes,Yes,Yes,Yes,Yes,Yes
0,Scrinium,SCR,,,,Cyprus,28.0,31.0,3.1,Yes,Yes,Utility,0.228,No,No,No,16.0,122400000.0,0.68,No,No,Yes,Yes,Yes,Yes,Yes
0,SHIFT.cash,SCASH,,,,Austria,54.0,,3.45,Yes,Yes,Utility,0.702,No,No,Yes,13.0,7946730.0,0.885,No,Yes,Yes,Yes,Yes,Yes,Yes
0,Shopiblock,SHB,,,,Switzerland,69.0,17.0,3.2,Yes,Yes,Utility,0.2,No,No,Yes,7.5,600000000.0,0.6,No,No,Yes,Yes,Yes,Yes,Yes
0,Simple Token,ST,,,,Hong Kong,17.0,,3.1,Yes,Yes,Utility,0.0833,No,No,No,8.0,240000000.0,,No,Yes,Yes,Yes,Yes,Yes,Yes
0,Skynavpro,SNP,,,,Germany,105.0,28.0,3.2,Yes,Yes,Utility,0.07,No,Yes,No,13.0,240000000.0,0.6,No,Yes,Yes,Yes,Yes,No,Yes
0,Smart League,POD,,,,Brazil,28.0,15.0,3.2,No,No,Utility,0.07,Yes,No,No,26.0,250000000.0,0.5,No,Yes,Yes,Yes,Yes,No,Yes
0,SmartO,STO,,,,Russia,106.0,9.0,3.4,Yes,Yes,Utility,0.001,No,No,No,13.0,,0.5,Yes,Yes,Yes,Yes,Yes,Yes,Yes
0,SmartRefer,REF,,,,Canada,59.0,,3.1,Yes,Yes,Utility,0.35,Yes,Yes,No,8.0,255200.0,,Yes,Yes,Yes,Yes,Yes,Yes,Yes
0,SNBL,SNBL,,,,Philippines,107.0,,1.5,Yes,Yes,Utility,0.0087,No,No,No,5.0,24000000000.0,1.0,No,No,Yes,Yes,Yes,Yes,Yes
0,Soma,SCT,,,,Finland,48.0,28.0,3.3,Yes,Yes,Utility,0.7437,No,No,No,15.0,54000000.0,,No,Yes,Yes,Yes,Yes,Yes,No
0,Soraix,SRX Token,,,,Switzerland,90.0,,3.9,Yes,Yes,Payment,0.0239,No,No,Yes,17.5,600000000.0,0.6,Yes,Yes,Yes,Yes,Yes,Yes,Yes
0,Sphere Social,SAT Token,,,,UK,56.0,,3.1,Yes,Yes,Utility,0.14,No,No,Yes,10.5,650000000.0,0.65,Yes,Yes,Yes,Yes,Yes,Yes,Yes
0,Sportco,SPCO,,,,Cyprus,30.0,56.0,3.55,Yes,Yes,Utility,0.05,No,Yes,No,8.5,500000000.0,0.5,Yes,Yes,Yes,Yes,Yes,No,Yes
0,SRG,SRG,,,,Russia,66.0,,3.3,Yes,Yes,Utility,2.0,No,No,No,14.5,20000000.0,0.6,No,No,Yes,Yes,Yes,Yes,Yes
0,STAR BIT EX,SBT,,,,Taiwan,30.0,30.0,3.3,Yes,Yes,Utility,0.0564,No,No,Yes,35.0,50000000.0,0.2,Yes,Yes,Yes,Yes,Yes,No,Yes
0,Storichain,TORI,,,,South Korea,5.0,,3.2,Yes,Yes,Utility,0.0035,No,No,Yes,11.0,600000000.0,0.15,No,No,Yes,Yes,Yes,Yes,Yes
0,Synapsecoin,SYP,,,,Peru,60.0,120.0,3.2,Yes,Yes,Utility,0.05,Yes,Yes,Yes,13.5,495000000.0,0.5,Yes,Yes,Yes,Yes,Yes,Yes,Yes
0,Tag World Exchange,TWEX,,,,Portugal,192.0,,3.75,Yes,Yes,Utility,0.45,No,Yes,No,27.0,500000000.0,0.85,Yes,Yes,Yes,Yes,Yes,Yes,Yes
0,Ticko,TICK,,,,Luxembourg,86.0,,3.4,Yes,Yes,Utility,0.0299,No,Yes,Yes,6.0,500000000.0,0.5,Yes,Yes,Yes,Yes,Yes,Yes,Yes
0,Titanium Blockchain Infrastructure Services,BAR,,,,USA,382.0,30.0,3.6,Yes,Yes,Utility,1.0,No,No,No,15.0,,,No,Yes,Yes,Yes,Yes,Yes,Yes
0,Tokenlab,LAB,,,,USA,77.0,,3.55,No,No,Utility,0.1,No,No,No,11.5,,,No,No,Yes,Yes,Yes,Yes,Yes
0,Tourist Review,TRET,,,,Singapore,21.0,,3.2,Yes,Yes,Utility,0.0,No,No,Yes,7.5,14000000000.0,0.7,Yes,Yes,Yes,Yes,Yes,Yes,Yes
0,TOXIC,TOX,,,,UK,61.0,155.0,3.3,Yes,Yes,Utility,0.2,No,Yes,No,3.0,7000000.0,0.875,Yes,Yes,Yes,Yes,No,Yes,Yes
0,TranslateMe,TMN,,,,Mauritius,6.0,,3.5,No,No,Utility,0.0035,No,No,No,18.5,500000000.0,0.25,No,Yes,Yes,Yes,Yes,No,Yes
0,TravelChain,TT,,,,Russia,92.0,,3.6,No,No,Utility,0.023,No,No,No,24.5,693000000.0,0.33,No,Yes,Yes,Yes,Yes,Yes,Yes
0,Triwer,TRW,,,,Norway,60.0,,3.3,Yes,Yes,Utility,0.08,Yes,Yes,Yes,16.5,375000000.0,0.375,Yes,Yes,Yes,Yes,Yes,Yes,Yes
0,Tutellus,TUT,,,,Spain,110.0,32.0,3.7,Yes,No,Utility,0.05,Yes,Yes,No,9.0,,0.6,No,Yes,Yes,Yes,Yes,Yes,Yes
0,Twex,TWEX,,,,UK,137.0,,3.2,Yes,Yes,Utility,0.4621,No,No,No,28.0,400000000.0,0.8,No,Yes,Yes,Yes,Yes,Yes,Yes
0,Umewin,UME,,,,Argentina,60.0,,3.2,Yes,Yes,Utility,0.1392,No,No,Yes,6.0,108000000.0,0.54,No,No,Yes,Yes,Yes,Yes,Yes
0,Vantum,VNT,,,,Unknown,59.0,36.0,3.2,Yes,Yes,Utility,0.4922,No,No,Yes,6.0,13125000.0,0.625,No,Yes,Yes,Yes,Yes,Yes,Yes
0,VIMee,VIMX,,,,Indonesia,60.0,30.0,3.2,No,No,Utility,0.08,Yes,No,Yes,9.0,63000235.0,0.3,No,Yes,Yes,Yes,Yes,Yes,Yes
0,Vinnd.io,VIN,,,,Hong Kong,31.0,37.0,3.0,Yes,Yes,Utility,0.6428,No,No,No,12.0,534444443.0,0.60125,No,Yes,Yes,Yes,Yes,Yes,Yes
0,Vip2Fan,Idoru,,,,Switzerland,212.0,,2.6,Yes,Yes,Utility,0.07,No,Yes,Yes,14.5,214500000.0,0.65,Yes,Yes,Yes,Yes,Yes,Yes,Yes
0,VolAir,VOL,,,,Switzerland,65.0,30.0,3.2,Yes,Yes,Utility,0.0863,Yes,Yes,No,8.0,175000000.0,0.45,No,Yes,Yes,Yes,Yes,Yes,Yes
0,VU,VU,,,,USA,30.0,61.0,3.2,Yes,Yes,Utility,0.0092,No,No,Yes,21.5,600000000.0,0.6,No,Yes,Yes,Yes,Yes,Yes,Yes
0,WINiota,WIT <U+0415><U+0449><U+043B><U+0443><U+0442>,,,,Gibraltar,62.0,,3.2,Yes,Yes,Utility,0.0206,Yes,Yes,Yes,14.5,600000000.0,0.6,Yes,Yes,Yes,Yes,Yes,No,Yes
0,Wixlar Coin ICO,WIX,,,,Cyprus,168.0,,3.2,Yes,Yes,Utility,0.0116,Yes,Yes,No,6.5,150000000.0,0.3,Yes,Yes,Yes,Yes,Yes,Yes,Yes
0,Wolfs Group,WLF,,,,Estonia,17.0,,3.2,Yes,Yes,Utility,0.25,No,No,Yes,7.0,42000000.0,0.42,Yes,Yes,Yes,Yes,Yes,Yes,Yes
0,X8 Project,X8X,,,,Switzerland,9.0,,3.4,Yes,Yes,Utility,1.22,No,No,No,20.0,34000000.0,0.34,No,Yes,Yes,Yes,Yes,Yes,Yes
0,Yodse,YODSE,,,,Seychelles,71.0,13.0,3.2,Yes,Yes,Utility,1.0,No,No,Yes,16.0,60000000.0,0.6,Yes,Yes,Yes,Yes,Yes,Yes,Yes
0,Zonto,ZONTO,,,,Estonia,30.0,,3.2,Yes,Yes,Utility,5.0,No,No,No,20.0,1872221.0,,Yes,Yes,Yes,Yes,Yes,Yes,Yes
0,Zoptax,ZPT,,,,USA,45.0,14.0,3.5,No,No,Utility,0.25,No,No,No,0.0,12000000.0,0.4,Yes,Yes,Yes,Yes,Yes,Yes,Yes
0,Acebusters,ABP,,,,Estonia,91.0,,3.0,Yes,Yes,Utility,0.027,No,No,No,12.0,,0.2,Yes,Yes,Yes,Yes,Yes,Yes,missingData
0,ADPUMP,ADP,,,,Estonia,42.0,,3.0,Yes,Yes,Utility,375.0,No,No,No,8.0,80000000.0,0.8,No,Yes,Yes,Yes,Yes,No,Yes
0,AIGCoin,AIGC,,,,UK,70.0,22.0,3.0,Yes,Yes,Utility,0.5,Yes,Yes,No,11.5,50000000.0,0.5,Yes,Yes,Yes,Yes,Yes,Yes,Yes
0,Aircraft,AIRT,,,,Switzerland,48.0,25.0,3.5,Yes,Yes,Utility,0.8,No,Yes,Yes,18.0,10000000.0,,Yes,Yes,Yes,Yes,Yes,No,Yes
0,Airforce Mining,AFX,,,,Australia,92.0,,3.0,Yes,Yes,Utility,0.2,No,No,Yes,5.0,50000000.0,0.5,No,No,Yes,Yes,Yes,No,Yes
0,AIS,AIS,,,,Mongolia,90.0,180.0,2.6,Yes,Yes,Utility,0.3,No,Yes,Yes,4.0,1150000000.0,0.5,Yes,Yes,Yes,Yes,Yes,No,Yes
0,AIZEUS,AZS,,,,Hong Kong,213.0,,3.0,No,No,Utility,0.03,No,No,No,7.0,50000000.0,0.5,Yes,Yes,Yes,Yes,Yes,Yes,Yes
0,Aleef,ALEEF,,,,India,64.0,44.0,3.0,Yes,Yes,Utility,0.25,No,Yes,No,6.5,212500000.0,0.7,Yes,Yes,Yes,Yes,Yes,No,Yes
0,Algory Project,ALG,,,,Poland,31.0,,3.5,Yes,Yes,Utility,0.987,No,No,No,15.5,64200000.0,0.9729,No,Yes,Yes,Yes,Yes,No,Yes
0,Alicoin Cash,ALC Token,,,,Belize,31.0,,2.7,Yes,Yes,Utility,0.4,No,No,No,7.0,7000000.0,0.28,No,Yes,Yes,Yes,Yes,Yes,Yes
0,AlphaMarket,AMC,,,,Estonia,168.0,,3.0,Yes,Yes,Utility,0.0165,No,No,No,9.0,600000000.0,,No,Yes,Yes,Yes,Yes,Yes,Yes
0,ALT-TOP,ALTO,,,,Singapore,15.0,14.0,2.5,Yes,Yes,Utility,0.14,No,Yes,Yes,6.0,210000000.0,0.6,No,Yes,Yes,Yes,Yes,Yes,Yes
0,ArtChain Global,ACG,,,,Australia,2.0,111.0,3.0,Yes,Yes,Utility,0.03,Yes,Yes,No,11.0,,0.3,Yes,Yes,Yes,Yes,Yes,Yes,Yes
0,Authoreon,AUN,,,,Germany,134.0,,2.9,Yes,Yes,Utility,0.15,No,No,No,8.0,,0.33,No,Yes,Yes,Yes,Yes,No,Yes
0,Avatar Network,ATT,,,,Singapore,31.0,,3.4,Yes,Yes,Utility,0.0086,No,Yes,Yes,5.5,1200000000.0,0.2,Yes,Yes,Yes,Yes,Yes,Yes,Yes
0,AXenS,AXS,,,,Panama,132.0,29.0,3.0,No,No,Utility,0.5,Yes,Yes,Yes,8.0,65000000.0,0.65,Yes,Yes,Yes,Yes,Yes,Yes,Yes
0,B2AND,B2C,,,,Estonia,29.0,,3.0,Yes,Yes,Utility,0.137,No,Yes,Yes,6.0,65000000.0,0.65,Yes,Yes,Yes,Yes,Yes,No,Yes
0,Backpack Travel,BP Token,,,,Singapore,10.0,10.0,3.0,Yes,Yes,Utility,0.0424,Yes,Yes,No,8.0,400000000.0,0.2,Yes,Yes,Yes,Yes,Yes,Yes,Yes
0,BaltiCrypto,BCT,,,,Estonia,48.0,13.0,3.0,Yes,Yes,Utility,0.7,Yes,Yes,No,22.5,280000000.0,0.7,No,Yes,Yes,Yes,Yes,Yes,Yes
0,Band Protocol,BAND,,,,UK,13.0,,3.5,Yes,Yes,Utility,0.3,No,No,No,4.5,12368200.0,0.1237,No,Yes,Yes,Yes,Yes,Yes,Yes
0,Bazista,BZS,,,,Russia,53.0,5.0,3.6,Yes,Yes,Utility,0.078,No,No,No,9.5,,0.73,Yes,Yes,Yes,Yes,Yes,No,Yes
0,Bcshop,BCS,,,,Singapore,28.0,67.0,3.2,Yes,Yes,Utility,8.63,No,No,No,7.5,,,No,Yes,Yes,Yes,Yes,Yes,Yes
0,BF Token,BFT Token,,,,Cayman Islands,7.0,58.0,3.1,Yes,Yes,Utility,0.1,No,No,No,20.5,33000000.0,0.33,No,Yes,Yes,Yes,Yes,No,Yes
0,BFToken,BFT Token,,,,Hong Kong,21.0,58.0,3.1,Yes,Yes,Utility,0.1,Yes,Yes,No,18.0,,,No,Yes,Yes,Yes,Yes,Yes,Yes
0,BigBang,BBT,,,,Estonia,60.0,89.0,2.85,Yes,Yes,Utility,0.0319,No,Yes,No,6.5,100000000.0,0.2,Yes,Yes,Yes,Yes,Yes,No,Yes
0,Bigbom Eco,BBO,,,,Singapore,13.0,13.0,3.1,Yes,Yes,Utility,0.29,No,Yes,No,15.0,300000000.0,0.1625,No,Yes,Yes,Yes,Yes,Yes,Yes
0,BitCQR,BCQR,,,,USA,193.0,,3.0,Yes,Yes,Utility,1.0,No,Yes,No,2.0,1000000000.0,1.0,Yes,Yes,Yes,Yes,Yes,Yes,Yes
0,BitEsprit,BEC,,,,UK,31.0,19.0,2.85,Yes,Yes,Utility,0.15,No,Yes,Yes,15.0,70000000.0,0.7,Yes,Yes,Yes,Yes,Yes,Yes,Yes
0,BiteX,XBX,,,,Singapore,17.0,4.0,3.0,Yes,Yes,Utility,1.0,Yes,Yes,Yes,11.5,210000000.0,0.7,Yes,No,Yes,Yes,Yes,No,Yes
0,Bitnation,,,,,Switzerland,31.0,14.0,3.95,Yes,Yes,Utility,0.0021,No,No,No,19.5,42000000000.0,0.34,No,Yes,Yes,Yes,Yes,Yes,No
0,BlockEx,DAXT,,,,UK,21.0,53.0,4.0,Yes,Yes,Utility,1.11,No,No,No,16.0,130000000.0,0.55,No,Yes,Yes,Yes,Yes,No,Yes
0,Blockhipo,HIPO,,,,Singapore,45.0,15.0,3.0,Yes,Yes,Utility,0.0004,No,No,Yes,5.0,1200000000.0,0.6,Yes,Yes,Yes,Yes,Yes,Yes,Yes
0,BlockMason,BCPT,,,,USA,31.0,,2.9,Yes,Yes,Utility,0.2987,No,No,No,7.5,33700000.0,,No,Yes,Yes,Yes,Yes,Yes,Yes
0,BlockRx,BKRx,,,,USA,132.0,,3.0,Yes,Yes,Utility,8.1392,No,No,No,22.0,,0.4,No,No,Yes,Yes,Yes,No,Yes
0,Bloom,BLT,,,,USA,32.0,,3.2,Yes,Yes,Utility,0.7,No,No,No,6.5,150000000.0,0.5,No,Yes,Yes,Yes,Yes,No,Yes
0,Blue Hill Foundation,BHM token,,,,Netherlands,151.0,151.0,3.0,Yes,Yes,Utility,0.07,No,No,No,9.0,490000000.0,0.7,No,Yes,Yes,Yes,Yes,Yes,Yes
0,Box2Table,B2C,,,,Bulgaria,61.0,35.0,3.0,Yes,Yes,Utility,0.0523,No,Yes,Yes,1.0,380000000.0,0.76,Yes,Yes,Yes,Yes,Yes,No,Yes
0,BrainerZ,BRNZ,,,,Israel,62.0,14.0,3.1,Yes,Yes,Utility,0.01,No,Yes,Yes,0.0,1200000000.0,0.6,Yes,Yes,Yes,Yes,Yes,Yes,Yes
0,CanYa,CAN,,,,Australia,30.0,1.0,3.1,Yes,Yes,Utility,0.77,No,No,No,16.0,60000000.0,0.6,No,Yes,Yes,Yes,Yes,Yes,Yes
0,Cardium,CAD,,,,Isle of Man,29.0,13.0,3.0,Yes,Yes,Utility,0.25,No,Yes,Yes,6.5,120000000.0,0.000252,Yes,Yes,Yes,Yes,Yes,Yes,Yes
0,CargoX,CXO,,,,Slovenia,40.0,21.0,3.7,Yes,Yes,Utility,0.0844,No,No,No,19.0,,0.4,Yes,Yes,Yes,Yes,Yes,No,Yes
0,CarSmartt,TURN,,,,USA,317.0,,2.8,Yes,Yes,Utility,0.0075,Yes,Yes,No,11.0,1250000000.0,0.6,Yes,Yes,Yes,Yes,Yes,No,Yes
0,CAXI,CAXI,,,,UK,31.0,67.0,3.0,Yes,Yes,Utility,1.1308,Yes,Yes,No,5.5,7000000000.0,0.7,Yes,Yes,Yes,Yes,Yes,No,Yes
0,CCINT,CCINT,,,,Netherlands,60.0,55.0,3.0,Yes,Yes,Utility,0.0923,No,No,Yes,10.5,65000000.0,0.65,Yes,No,Yes,Yes,Yes,No,Yes
0,ccore,CCO,,,,Armenia,21.0,21.0,2.65,Yes,Yes,Utility,0.45,No,No,No,8.0,,,No,No,Yes,Yes,Yes,No,Yes
0,Certore,CERT,,,,Ukraine,60.0,29.0,3.0,Yes,Yes,Utility,0.526,No,No,Yes,4.5,52499901.0,0.69,No,Yes,Yes,Yes,Yes,Yes,missingData
0,Cewnote,CEW,,,,Estonia,112.0,,3.0,Yes,Yes,Utility,,Yes,No,Yes,8.5,200000000.0,0.62,Yes,Yes,Yes,Yes,Yes,Yes,Yes
0,Cibus,CBT,,,,New Zealand,28.0,,3.7,Yes,Yes,Utility,0.449,No,No,Yes,4.0,,0.4,Yes,Yes,Yes,Yes,Yes,Yes,Yes
0,Clear Cost,CCWT,,,,Unknown,152.0,30.0,3.0,Yes,Yes,Utility,1.0,No,No,No,12.5,3500000.0,0.64,No,No,Yes,Yes,Yes,Yes,Yes
0,Climatecoin,CO2,,,,USA,31.0,,3.6,Yes,Yes,Utility,3.81,No,No,No,13.5,,0.51,No,No,Yes,Yes,Yes,Yes,No
0,CloudMoolah,MOO,,,,Singapore,31.0,102.0,3.0,Yes,Yes,Utility,0.3,Yes,Yes,No,12.5,300000000.0,0.12,Yes,Yes,Yes,Yes,Yes,No,Yes
0,Coinvest,COIN,,,,USA,28.0,,4.1,Yes,Yes,Utility,0.636,No,No,Yes,15.0,52500000.0,0.49,Yes,Yes,Yes,Yes,Yes,Yes,Yes
0,Cravy,CRV,,,,UK,51.0,,2.7,Yes,Yes,Utility,0.001,Yes,Yes,Yes,7.5,16355000000.0,,No,No,Yes,Yes,Yes,No,Yes
0,Cryptelo,CRL,,,,Czech Republic,46.0,,3.0,Yes,Yes,Utility,0.0489,No,No,Yes,16.0,250000000.0,0.5,No,Yes,Yes,Yes,Yes,No,Yes
0,Crypto Cashback Rebate,CCR,,,,Hong Kong,167.0,16.0,3.0,Yes,Yes,Utility,0.3307,No,Yes,Yes,3.5,,0.45,Yes,Yes,Yes,Yes,Yes,Yes,Yes
0,CryptoCasher,CRR,,,,Estonia,120.0,31.0,2.9,Yes,Yes,Utility,0.279,Yes,Yes,Yes,14.5,75000000.0,0.7,Yes,Yes,Yes,Yes,Yes,No,Yes
0,CryptonsGame,QST,,,,Estonia,60.0,30.0,3.2,Yes,Yes,Utility,295.34,No,No,Yes,18.0,45360000.0,0.81,Yes,Yes,Yes,Yes,Yes,Yes,Yes
0,Custodi,CODI,,,,South Africa,74.0,45.0,3.0,Yes,Yes,Utility,0.6,No,No,Yes,17.0,35000000.0,0.5,Yes,Yes,Yes,Yes,Yes,Yes,Yes
0,CyberTrust,CABS,,,,Luxembourg,31.0,4.0,3.4,Yes,Yes,Utility,577.2,No,No,No,16.0,,,No,Yes,Yes,Yes,Yes,No,Yes
0,CycloShieldCoin,CYS,,,,UK,30.0,7.0,3.0,Yes,Yes,Utility,,No,No,No,22.0,700000000.0,0.7,Yes,Yes,Yes,Yes,Yes,Yes,Yes
0,DACSEE,DCSC,,,,Malaysia,53.0,,2.85,Yes,Yes,Utility,0.06,No,No,No,5.5,,,No,No,Yes,Yes,Yes,No,Yes
0,DAOBet,BET,,,,Singapore,27.0,,3.2,Yes,Yes,Utility,0.1014,No,No,No,15.0,133333328.0,,No,Yes,Yes,Yes,Yes,Yes,Yes
0,Darenta,PROD,,,,Russia,90.0,46.0,2.8,Yes,Yes,Utility,1.0,No,No,No,10.0,66000000.0,,No,Yes,Yes,Yes,No,No,Yes
0,DARFChain,DARF,,,,Russia,52.0,16.0,3.1,Yes,Yes,Utility,1.44,No,No,No,12.0,84000000.0,,No,Yes,Yes,Yes,Yes,Yes,No
0,Descrow,DES,,,,Estonia,59.0,35.0,3.0,Yes,Yes,Utility,1.874,No,No,No,14.5,66666666.0,,Yes,Yes,Yes,Yes,Yes,No,Yes
0,DigiDex,DGX Token,,,,Canada,61.0,40.0,3.0,Yes,Yes,Utility,0.043,No,No,Yes,8.0,23000000.0,0.61,Yes,Yes,Yes,Yes,Yes,Yes,Yes
0,Divider,DIVID,,,,Netherlands,106.0,14.0,3.0,Yes,Yes,Utility,0.12,Yes,Yes,Yes,3.0,48000000.0,0.8,Yes,Yes,Yes,Yes,Yes,Yes,Yes
0,doc.ai,NRN,,,,USA,14.0,20.0,3.0,Yes,Yes,Utility,0.1,No,No,No,12.0,318200000.0,0.37,No,Yes,Yes,Yes,Yes,No,Yes
0,Docnota,DCNT Token,,,,Russia,29.0,,3.0,Yes,Yes,Utility,0.1382,Yes,Yes,No,7.5,130000000.0,0.6,No,No,Yes,Yes,Yes,Yes,Yes
0,Dos Network,DOS,,,,USA,0.0,,2.7,Yes,Yes,Utility,0.012,No,No,No,12.5,,,No,Yes,Yes,Yes,Yes,Yes,Yes
0,dStadia,dSta,,,,UK,84.0,28.0,3.0,Yes,Yes,Utility,0.1252,Yes,No,No,8.0,340000000.0,0.4,Yes,Yes,Yes,Yes,Yes,Yes,Yes
0,e-Chat,ECHT,,,,Hong Kong,52.0,30.0,3.3,Yes,Yes,Utility,0.8,No,No,No,8.5,,0.92,Yes,No,Yes,Yes,Yes,No,Yes
0,EasyGuide,GDC,,,,Estonia,30.0,30.0,2.9,Yes,Yes,Utility,0.002,No,No,No,9.0,6500000000.0,0.65,Yes,Yes,Yes,Yes,Yes,No,Yes
0,Edgecoin,EST,,,,Germany,90.0,30.0,3.2,Yes,Yes,Utility,0.077,No,Yes,No,14.0,40000000.0,0.4,Yes,Yes,Yes,Yes,Yes,Yes,Yes
0,Ehalal,HAL Token,,,,Singapore,23.0,,3.0,Yes,Yes,Utility,0.1,No,No,No,6.0,364000000.0,0.4959,Yes,Yes,Yes,Yes,Yes,Yes,Yes
0,Eidoo,EDO,,,,Switzerland,12.0,,3.75,Yes,Yes,Utility,2.3,No,No,No,5.0,,,No,No,Yes,Yes,Yes,No,Yes
0,Eloplay,ELT,,,,Estonia,30.0,,3.0,Yes,Yes,Utility,0.0331,No,No,No,22.0,,0.8,Yes,Yes,Yes,Yes,Yes,Yes,Yes
0,eMarketChain,EMAC,,,,Bulgaria,44.0,,3.0,Yes,Yes,Utility,0.0562,No,No,Yes,8.0,363200000.0,0.8,Yes,Yes,Yes,Yes,Yes,Yes,Yes
0,Encores Token,ENC token,,,,UK,243.0,30.0,3.0,Yes,Yes,Utility,436.0,No,Yes,No,18.0,217000000.0,0.22,Yes,Yes,Yes,Yes,Yes,No,Yes
0,Eniac Network,ENC,,,,Turkey,30.0,,3.7,Yes,Yes,Utility,0.175,No,No,Yes,6.0,40000000.0,0.8,Yes,Yes,Yes,Yes,Yes,No,Yes
0,ENS.BID,ESB,,,,Taiwan,49.0,,2.8,Yes,Yes,Utility,0.0242,Yes,Yes,No,4.0,500000000.0,0.5,No,Yes,Yes,Yes,Yes,Yes,Yes
0,Eroiy,Eroiy,,,,Panama,30.0,28.0,2.7,No,No,Utility,0.12,No,No,No,39.0,12.0,0.6,No,No,Yes,Yes,Yes,Yes,Yes
0,Essentia,ESS,,,,Switzerland,13.0,78.0,3.8,Yes,Yes,Utility,0.043,Yes,Yes,Yes,36.0,595000000.0,0.35,No,No,Yes,Yes,Yes,Yes,Yes
0,Etherty,ETY,,,,United Arab Emirates,46.0,35.0,3.0,Yes,Yes,Utility,0.2,No,No,No,15.0,240000000.0,0.5,No,Yes,Yes,Yes,Yes,No,missingData
0,Eticket4,ET4,,,,British Virgin Islands,32.0,13.0,3.0,Yes,Yes,Utility,0.384,Yes,Yes,Yes,7.0,13800000.0,0.46,Yes,Yes,Yes,Yes,Yes,Yes,Yes
0,Excoins Exchange,EXN Token,,,,Poland,31.0,,3.0,Yes,Yes,Utility,0.08,No,No,No,10.0,63000000.0,0.7,Yes,Yes,Yes,Yes,Yes,Yes,Yes
0,ExToke,XTO Token,,,,Australia,26.0,,3.0,Yes,Yes,Utility,0.0005,No,No,Yes,9.5,500000000.0,0.5,Yes,Yes,Yes,Yes,Yes,Yes,Yes
0,EzCash,EZE,,,,Estonia,62.0,29.0,3.0,Yes,Yes,Utility,0.005,No,No,Yes,10.0,13000000000.0,0.86,Yes,Yes,Yes,Yes,Yes,No,Yes
0,Facts,BKC,,,,Unknown,0.0,,2.85,Yes,Yes,Utility,0.0011,No,No,No,10.0,2520000000.0,0.28,No,Yes,Yes,Yes,Yes,No,Yes
0,FENIX.CASH,FENIX,,,,UK,30.0,,3.0,No,No,Utility,0.267044,Yes,Yes,No,18.5,72000000.0,0.863,Yes,Yes,Yes,Yes,Yes,Yes,Yes
0,FIC,FIC,,,,Thailand,59.0,29.0,3.0,Yes,Yes,Utility,0.17,Yes,Yes,No,22.0,1520000.0,0.73,Yes,Yes,Yes,Yes,Yes,No,Yes
0,fidentiaX,fdX,,,,Singapore,29.0,,3.2,Yes,Yes,Utility,0.934,No,No,No,9.0,100000000.0,,No,No,Yes,Yes,Yes,No,Yes
0,Fiinu,FNU,,,,UK,29.0,31.0,3.0,Yes,Yes,Utility,482.04,No,No,No,13.0,,,Yes,Yes,Yes,Yes,Yes,Yes,Yes
0,FintruX,FTX,,,,Singapore,21.0,14.0,3.2,Yes,Yes,Utility,0.5666,No,No,Yes,10.0,,,Yes,Yes,Yes,Yes,Yes,Yes,Yes
0,FIT Token,FIT,,,,South Africa,54.0,45.0,3.1,Yes,Yes,Utility,0.1825,No,Yes,No,8.0,,0.5,No,Yes,Yes,Yes,Yes,Yes,Yes
0,Flas Exchange,FTC,,,,UK,30.0,61.0,3.0,Yes,Yes,Utility,0.03,Yes,No,Yes,12.0,300000000.0,0.6,Yes,Yes,Yes,Yes,Yes,No,Yes
0,Flexion,FXN,,,,Singapore,60.0,36.0,3.0,Yes,Yes,Utility,0.05,No,No,No,11.0,170000000.0,0.53,Yes,Yes,Yes,Yes,Yes,Yes,Yes
0,FOAM,FOAM,,,,USA,10.0,,3.75,Yes,Yes,Utility,0.08,No,Yes,No,10.5,300000000.0,0.3,No,Yes,Yes,Yes,Yes,Yes,Yes
0,FoodCoin,FOOD,,,,Switzerland,14.0,,3.1,Yes,Yes,Utility,0.0774,No,No,No,9.5,,0.4,Yes,Yes,Yes,Yes,Yes,No,Yes
0,FortKnoxster,FKX,,,,Gibraltar,27.0,13.0,3.2,Yes,Yes,Utility,0.1916,No,No,Yes,12.0,89250000.0,0.595,No,Yes,Yes,Yes,Yes,No,Yes
0,FreeZone,FRZ,,,,Russia,27.0,,3.3,Yes,Yes,Utility,0.2,Yes,Yes,Yes,36.0,500000000.0,0.5,No,Yes,Yes,Yes,Yes,Yes,Yes
0,Gainz Token,GAINZ,,,,Cayman Islands,32.0,,3.0,Yes,Yes,Utility,0.02,No,Yes,No,8.5,250000000.0,0.25,No,No,Yes,Yes,Yes,Yes,Yes
0,Galaxy eSolutions,GES,,,,Hong Kong,31.0,20.0,3.5,Yes,Yes,Utility,0.0395,No,No,No,12.0,300000000.0,0.89,No,Yes,Yes,Yes,Yes,No,Yes
0,GEXAN,GEX,,,,Russia,17.0,3.0,3.25,No,No,Utility,0.4223,No,No,Yes,7.0,1000000.0,0.67,No,No,Yes,Yes,Yes,Yes,Yes
0,Gnome Invasion,GIT,,,,Estonia,79.0,,3.0,Yes,Yes,Utility,0.0661,No,No,No,3.0,39000000.0,0.78,No,No,Yes,Yes,Yes,No,Yes
0,GO CUBO LODGE CLUB,GO,,,,Cyprus,84.0,,3.0,Yes,Yes,Utility,0.01,No,No,No,6.0,,0.8,Yes,Yes,Yes,Yes,Yes,Yes,Yes
0,Godbex,GBE,,,,UK,129.0,,3.0,Yes,Yes,Utility,1.25,No,Yes,No,7.5,73000000.0,0.73,Yes,Yes,Yes,Yes,Yes,Yes,Yes
0,Godzillion,GODZ,,,,Chile,30.0,,3.2,Yes,Yes,Utility,0.1413,No,No,No,8.5,210000000.0,0.7,Yes,Yes,Yes,Yes,Yes,No,Yes
0,GoldMineCoin,GMC,,,,Russia,45.0,31.0,3.0,Yes,Yes,Utility,10.725,No,No,No,5.5,1250000.0,0.5,No,No,Yes,Yes,Yes,Yes,Yes
0,GRE,RISK,,,,Hong Kong,6.0,,3.0,Yes,Yes,Utility,0.0058,No,Yes,No,8.0,4000000000.0,0.4,Yes,Yes,Yes,Yes,Yes,Yes,Yes
0,Greeneum,GREEN,,,,Israel,29.0,35.0,2.7,Yes,Yes,Utility,,Yes,Yes,No,11.0,250000000.0,,No,No,Yes,Yes,Yes,Yes,Yes
0,Greenish,GREE,,,,USA,20.0,13.0,3.0,No,No,Utility,0.043,No,No,Yes,9.5,200000000.0,0.52,Yes,Yes,Yes,Yes,Yes,No,Yes
0,Gron Digital,GRO,,,,South Africa,71.0,14.0,3.6,Yes,Yes,Utility,0.0744,No,No,No,16.0,950000000.0,0.6,Yes,Yes,Yes,Yes,Yes,Yes,Yes
0,Harbor,HBR,,,,Singapore,30.0,,3.0,Yes,Yes,Utility,0.0194,No,Yes,No,3.0,,,No,No,Yes,Yes,Yes,Yes,Yes
0,HBZ coin,HBZ,,,,Singapore,17.0,19.0,3.3,Yes,Yes,Utility,0.1407,Yes,No,Yes,7.0,,0.48,Yes,Yes,Yes,Yes,Yes,No,Yes
0,Heptapolis Humanitarian Energy Coin,HHEC,,,,Cyprus,467.0,,3.0,Yes,Yes,Utility,0.1159,No,Yes,No,17.5,650000000.0,0.65,Yes,Yes,Yes,Yes,Yes,Yes,Yes
0,Hereda Hashgraph,,,,,USA,13.0,,3.0,Yes,Yes,Utility,,No,No,No,14.0,,,No,No,Yes,Yes,Yes,Yes,Yes
0,Hive Power,HVT,,,,Switzerland,18.0,,3.55,Yes,Yes,Utility,0.25,Yes,Yes,No,14.0,100000000.0,0.5,Yes,Yes,Yes,Yes,Yes,Yes,Yes
0,Hive Project,HVN,,,,Slovenia,42.0,,3.4,Yes,Yes,Utility,0.0227,No,No,No,15.5,375000000.0,,No,Yes,Yes,Yes,Yes,No,No
0,Holiday,Holiday Coin,,,,Russia,62.0,30.0,3.0,No,No,Utility,0.0057,No,No,Yes,9.0,180000000.0,0.75,Yes,Yes,Yes,Yes,Yes,Yes,Yes
0,Honor,HONR,,,,Brazil,33.0,,3.3,Yes,Yes,Utility,0.15,No,No,No,8.0,150000000.0,0.63,No,Yes,Yes,Yes,Yes,Yes,Yes
0,IAMHERO,IAHC,,,,Germany,30.0,32.0,3.0,Yes,Yes,Utility,0.0102,Yes,No,Yes,12.0,500000000.0,0.25,Yes,Yes,Yes,Yes,Yes,Yes,Yes
0,iBuildApp,IBA,,,,Russia,50.0,18.0,3.1,Yes,Yes,Utility,2.59,No,No,No,13.5,,,Yes,Yes,Yes,Yes,Yes,No,Yes
0,ICOCoinlab,ICO,,,,Estonia,60.0,30.0,3.0,Yes,Yes,Utility,2.17808441,No,No,No,4.0,135000000.0,0.45,Yes,Yes,Yes,Yes,Yes,Yes,Yes
0,iEx.ec,RLC,,,,France,0.0,,3.1,Yes,Yes,Utility,0.2521,No,No,No,9.5,87000000.0,,No,No,Yes,Yes,Yes,No,missingData
0,Index Coin,XIC,,,,USA,90.0,,2.7,Yes,Yes,Utility,0.1,No,No,No,5.0,140000000.0,0.7,No,Yes,Yes,Yes,Yes,Yes,No
0,INDICOIN,INDI,,,,India,32.0,11.0,3.0,Yes,Yes,Utility,0.0232,No,No,No,10.0,,,No,No,Yes,Yes,Yes,No,Yes
0,indieOn,NDI,,,,USA,151.0,,3.0,Yes,Yes,Utility,0.089,No,Yes,No,4.0,,0.63,Yes,Yes,Yes,Yes,Yes,No,missingData
0,Indochain,IDC,,,,Indonesia,95.0,,3.0,Yes,Yes,Utility,0.0001,No,No,Yes,9.0,5310000000.0,0.75,Yes,Yes,Yes,Yes,Yes,Yes,Yes
0,Indorse,IND,,,,Singapore,31.0,,3.15,Yes,Yes,Utility,0.3067,No,No,No,18.5,,,Yes,Yes,Yes,Yes,Yes,No,missingData
0,iShook,SHK,,,,USA,71.0,,2.95,Yes,Yes,Utility,0.68,Yes,Yes,Yes,9.5,570000000.0,0.57,Yes,No,Yes,Yes,Yes,Yes,Yes
0,ITOB,ITEX,,,,Estonia,59.0,14.0,3.1,Yes,Yes,Utility,0.16,Yes,No,No,9.5,400000000.0,0.5,No,Yes,Yes,Yes,Yes,No,Yes
0,Ixir,IXIR,,,,Turkey,122.0,,3.0,Yes,Yes,Utility,0.4119,No,No,Yes,1.0,10000000.0,0.8,Yes,Yes,Yes,Yes,Yes,Yes,Yes
0,JACK TOKEN,JACK,,,,Netherlands,29.0,129.0,3.0,Yes,Yes,Utility,,No,No,No,4.5,,,No,No,Yes,Yes,No,No,Yes
0,Kaching,KAC,,,,UK,29.0,,3.0,Yes,Yes,Utility,0.2,No,Yes,No,6.0,123500000.0,0.5,No,No,Yes,Yes,Yes,Yes,missingData
0,Kryptonium,KRYP,,,,Hong Kong,48.0,12.0,2.9,Yes,Yes,Utility,1.0,No,No,Yes,6.5,6000000.0,0.0337,No,No,Yes,Yes,Yes,No,Yes
0,KryptoRedeem,KryptoRedeem / KRT,,,,Mexico,30.0,6.0,4.0,Yes,Yes,Utility,0.56,No,Yes,No,15.0,10000000.0,0.45,Yes,Yes,Yes,Yes,Yes,No,No
0,KYC.LEGAL,KYC,,,,Russia,123.0,,3.9,Yes,Yes,Utility,1.0,No,No,No,17.0,33600000.0,0.8,Yes,Yes,Yes,Yes,Yes,Yes,Yes
0,Leonardian,LEON,,,,Bulgaria,56.0,26.0,3.2,Yes,Yes,Utility,0.37,No,Yes,Yes,12.0,131500000.0,0.5,Yes,Yes,Yes,Yes,Yes,No,Yes
0,Let Bet,LBT,,,,Belize,39.0,25.0,3.0,Yes,Yes,Utility,1.5,No,No,No,4.0,99000000.0,0.5,Yes,Yes,Yes,Yes,Yes,Yes,Yes
0,LH-Crypto,#LHCoin,,,,China,26.0,33.0,3.2,Yes,Yes,Utility,0.1,No,No,No,13.5,70000000.0,0.7,Yes,Yes,Yes,Yes,Yes,No,Yes
0,Link by BlockMason,BLINK,,,,Unknown,0.0,,3.0,Yes,Yes,Utility,0.0054,No,No,No,12.0,30000000.0,,No,No,Yes,Yes,Yes,Yes,Yes
0,Liquidity.Network,LQD,,,,Switzerland,44.0,22.0,3.5,Yes,Yes,Utility,0.6,Yes,Yes,No,5.5,50000000.0,0.5,No,Yes,Yes,Yes,Yes,Yes,Yes
0,Loandex,LDX,,,,India,30.0,21.0,3.0,Yes,Yes,Utility,0.0059,No,No,No,8.5,800000000.0,0.8,Yes,Yes,Yes,Yes,Yes,No,Yes
0,Lucyd,LCD,,,,Singapore,120.0,14.0,3.5,Yes,Yes,Utility,0.25,No,No,No,14.0,50000000.0,,Yes,Yes,Yes,Yes,Yes,Yes,Yes
0,Ludos,LUD,,,,Singapore,27.0,,2.7,Yes,Yes,Utility,,Yes,Yes,Yes,17.0,,,No,No,Yes,Yes,Yes,No,Yes
0,Lydian Lion,LLion,,,,Croatia,121.0,62.0,3.4,No,No,Utility,0.0011,No,No,No,10.5,25000000000.0,0.55,Yes,Yes,Yes,Yes,Yes,No,Yes
0,Mazzuma (MAZ),MAZ,,,,Ghana,96.0,,2.95,Yes,Yes,Utility,0.75,No,No,No,7.0,,0.6,No,No,Yes,Yes,Yes,No,Yes
0,Medical Cannabis,MCan,,,,British Virgin Islands,199.0,101.0,3.15,No,No,Utility,0.55990368,No,Yes,No,4.0,2750000000.0,0.5,Yes,Yes,Yes,Yes,Yes,No,Yes
0,Meerkat,MCT,,,,Unknown,34.0,13.0,3.0,Yes,Yes,Utility,0.08,No,No,No,14.0,7000000000.0,0.7,No,Yes,Yes,Yes,Yes,Yes,Yes
0,MillionCoin,MON,,,,Poland,530.0,150.0,3.0,Yes,Yes,Utility,0.4102,No,Yes,No,15.0,25500000.0,0.75,Yes,Yes,Yes,Yes,Yes,No,Yes
0,MimiCoin,MIM,,,,Croatia,45.0,,3.3,Yes,Yes,Utility,1.6346,No,No,Yes,6.0,50000000.0,,No,No,Yes,Yes,Yes,No,Yes
0,MindLink,ML,,,,Sweden,42.0,7.0,3.0,Yes,Yes,Utility,0.542,Yes,No,Yes,3.5,10350000.0,0.5,Yes,Yes,Yes,Yes,Yes,Yes,Yes
0,Mirrows Project,MRR,,,,Russia,60.0,15.0,3.0,Yes,Yes,Utility,0.0048,No,No,Yes,5.0,1400000000.0,0.77,Yes,Yes,Yes,Yes,Yes,Yes,Yes
0,MITO,MITO,,,,Russia,50.0,,3.1,Yes,Yes,Utility,0.9109,No,No,No,9.5,,0.6,No,No,Yes,Yes,Yes,Yes,No
0,Mitoshi,MTSH,,,,Hong Kong,55.0,,3.1,Yes,Yes,Utility,,Yes,Yes,Yes,20.0,680000000.0,0.68,Yes,Yes,Yes,Yes,Yes,Yes,Yes
0,MoBee,MBE,,,,United Arab Emirates,36.0,31.0,2.7,Yes,Yes,Utility,4.63,Yes,No,Yes,18.5,,0.85,Yes,Yes,Yes,Yes,Yes,Yes,Yes
0,Moneda,MND Token,,,,Austria,61.0,30.0,3.0,Yes,Yes,Utility,0.0864,No,No,Yes,6.0,250000000.0,0.675,Yes,Yes,Yes,Yes,Yes,Yes,Yes
0,Moveo,MOV token,,,,Australia,75.0,,3.0,Yes,Yes,Utility,0.02,No,No,No,4.0,50000000.0,0.1,Yes,Yes,Yes,Yes,Yes,Yes,missingData
0,Myart,MYT,,,,China,7.0,,3.0,Yes,Yes,Utility,0.3,No,No,No,4.5,121000000.0,0.1,Yes,Yes,Yes,Yes,Yes,Yes,Yes
0,NairaX,NIRX,,,,Nigeria,29.0,30.0,3.1,Yes,Yes,Utility,0.003,No,No,Yes,11.5,3500000000.0,0.35,Yes,Yes,Yes,Yes,Yes,Yes,Yes
0,Neblio,NEBL,,,,USA,14.0,,3.15,No,No,Payment,0.2032,No,No,No,2.0,125000000.0,,No,Yes,Yes,Yes,Yes,Yes,missingData
0,NetworkUnits,NU,,,,Australia,31.0,28.0,3.6,Yes,Yes,Utility,1.19,No,No,No,9.5,15817083.0,0.55,Yes,Yes,Yes,Yes,Yes,Yes,Yes
0,Neuromation,Neuromation,,,,Estonia,39.0,33.0,3.4,Yes,Yes,Utility,0.915,No,No,No,9.0,700000000.0,0.7,No,Yes,Yes,Yes,Yes,No,Yes
0,Newc,NEWC,,,,Brazil,77.0,83.0,2.7,Yes,Yes,Utility,0.15,No,No,Yes,6.0,225000000.0,0.84,No,Yes,Yes,Yes,Yes,No,Yes
0,Newton,NEW,,,,Singapore,0.0,30.0,3.8,No,No,Utility,0.0063,Yes,Yes,No,8.5,1500000000.0,0.015,No,Yes,Yes,Yes,Yes,No,Yes
0,NTOK,NTOK,,,,Russia,31.0,41.0,3.6,Yes,Yes,Utility,1.2,Yes,Yes,No,18.5,,0.7,No,Yes,Yes,Yes,Yes,No,Yes
0,Nuclus,NLM,,,,South Africa,117.0,58.0,3.4,Yes,Yes,Utility,0.00958,Yes,No,No,10.0,500000000.0,0.5,Yes,Yes,Yes,Yes,Yes,No,Yes
0,NYiGDE?,NYIGDE,,,,Estonia,230.0,117.0,3.0,No,No,Utility,0.1797,Yes,No,Yes,15.0,70000000.0,0.7,Yes,Yes,Yes,Yes,Yes,No,Yes
0,Obizcoin,OBZ,,,,India,61.0,41.0,3.4,Yes,Yes,Utility,0.039,No,No,Yes,12.0,27000000.0,0.9,Yes,Yes,Yes,Yes,Yes,Yes,Yes
0,OctoBit.io,OCTO,,,,Unknown,27.0,21.0,3.0,Yes,Yes,Utility,0.012,No,No,No,7.0,100000000.0,,No,Yes,Yes,Yes,Yes,Yes,Yes
0,ODEEP,ODEEP,,,,Malta,40.0,30.0,3.0,Yes,Yes,Utility,1.0,Yes,Yes,No,14.0,64000000.0,0.64,Yes,Yes,Yes,Yes,Yes,No,Yes
0,Orionix,ORX token,,,,UK,92.0,,3.0,Yes,Yes,Utility,0.0741,No,No,No,12.0,420000000.0,0.7,Yes,No,Yes,Yes,Yes,Yes,Yes
0,ORIS.Space,ORGN,,,,Kazakhstan,252.0,,3.1,Yes,Yes,Utility,0.472,Yes,No,No,15.0,725000000.0,0.7241,Yes,Yes,Yes,Yes,Yes,Yes,Yes
0,OryxCash,ORYXCH,,,,Romania,92.0,116.0,3.8,Yes,Yes,Utility,3.0,No,Yes,No,28.5,220000000.0,0.88,No,Yes,Yes,Yes,Yes,Yes,Yes
0,OZEX,OZEX,,,,Australia,81.0,,3.0,Yes,Yes,Utility,0.01,No,Yes,Yes,7.0,,0.4,No,Yes,Yes,Yes,Yes,Yes,Yes
0,Parsec Frontiers,PARSEC,,,,Estonia,16.0,,3.1,Yes,Yes,Utility,0.0004,No,No,No,16.5,18514065480.0,,Yes,Yes,Yes,Yes,Yes,No,No
0,Patentico,PTO,,,,Russia,31.0,91.0,2.8,Yes,Yes,Utility,0.012,Yes,No,Yes,5.5,45000000.0,0.51,Yes,Yes,Yes,Yes,No,No,Yes
0,Path.Network,PATH,,,,USA,24.0,52.0,3.0,Yes,Yes,Utility,0.8295,No,Yes,No,16.0,150000000.0,1.0,No,Yes,Yes,Yes,Yes,Yes,Yes
0,Payiza,PYZ,,,,India,42.0,15.0,3.0,Yes,Yes,Utility,0.13,No,No,No,6.5,117075000.0,0.45,Yes,Yes,Yes,Yes,Yes,Yes,Yes
0,PayPie,PPP,,,,Canada,1.0,,3.3,Yes,Yes,Utility,0.3677,No,No,No,7.0,,,No,No,Yes,Yes,Yes,No,No
0,Pension Rewards,PCoin,,,,Nigeria,458.0,,2.4,Yes,Yes,Utility,0.0271,No,No,Yes,1.0,175000000.0,0.7,Yes,Yes,Yes,Yes,Yes,Yes,Yes
0,PerfectChain Network,PNN,,,,Singapore,30.0,,3.45,Yes,Yes,Utility,0.1,No,No,No,9.0,,0.7,Yes,Yes,Yes,Yes,Yes,Yes,Yes
0,Plair,PLA,,,,Cayman Islands,14.0,,2.95,No,No,Utility,0.0012,Yes,Yes,No,21.0,27500000000.0,0.275,No,Yes,Yes,Yes,Yes,No,Yes
0,PlayBets,PLT,,,,Ukraine,29.0,29.0,3.5,Yes,Yes,Utility,0.0721,No,No,No,9.0,207000000.0,0.69,Yes,Yes,Yes,Yes,Yes,Yes,Yes
0,Ponics Technologies,POT Token,,,,Russia,57.0,6.0,3.0,Yes,Yes,Utility,0.0925,No,No,Yes,5.5,200000000.0,,No,Yes,Yes,Yes,Yes,No,Yes
0,PopChest,POP,,,,USA,18.0,21.0,3.0,Yes,Yes,Utility,0.0025,No,No,No,13.5,800000000.0,0.5,Yes,Yes,Yes,Yes,Yes,Yes,Yes
0,PUBLIQ,PBQ,,,,Switzerland,92.0,10.0,3.4,No,No,Utility,0.097,No,No,No,35.0,150000000.0,0.3,No,No,Yes,Yes,Yes,No,Yes
0,Q-City,QCTN,,,,South Korea,66.0,20.0,3.0,Yes,Yes,Utility,0.045,No,No,Yes,11.0,390000000.0,0.78,No,Yes,Yes,Yes,Yes,Yes,Yes
0,QASH by Quoine,QASH,,,,Singapore,2.0,,3.5,Yes,Yes,Utility,0.3074,No,No,No,13.5,500000000.0,0.5,Yes,No,Yes,Yes,Yes,No,Yes
0,Qompass,QPS,,,,Hong Kong,55.0,,3.0,Yes,Yes,Utility,0.673,No,No,No,7.5,20000000.0,0.6,Yes,Yes,Yes,Yes,Yes,No,Yes
0,RAcoin,RAC Token,,,,Ukraine,30.0,,3.0,Yes,Yes,Utility,0.0056,Yes,Yes,Yes,11.0,8000000000.0,0.4,Yes,Yes,Yes,Yes,Yes,No,Yes
0,REALISTO,REA,,,,Germany,30.0,7.0,3.3,Yes,Yes,Utility,2.4,No,No,No,11.0,,0.87,Yes,No,Yes,Yes,Yes,Yes,Yes
0,RedFOX Labs,RFOX,,,,Vietnam,2.0,7.0,3.65,No,No,Utility,0.05,No,No,Yes,9.0,50000000.0,0.05,Yes,Yes,Yes,Yes,Yes,Yes,Yes
0,Remechain,iRMC,,,,Estonia,31.0,63.0,3.0,Yes,Yes,Utility,2.5848,No,No,No,9.5,6000000.0,0.6652,Yes,Yes,Yes,Yes,Yes,Yes,Yes
0,REOS,REOS,,,,Singapore,92.0,170.0,3.0,Yes,Yes,Utility,0.0042,No,Yes,Yes,12.5,5000000000.0,0.5,Yes,Yes,Yes,Yes,Yes,Yes,Yes
0,RETN,RETN,,,,Seychelles,114.0,23.0,3.3,Yes,Yes,Utility,0.328,No,No,No,6.0,800000000.0,0.8,Yes,No,Yes,Yes,Yes,Yes,Yes
0,Robomed Network,RBM,,,,Russia,25.0,25.0,3.1,Yes,Yes,Utility,0.346,No,No,No,14.5,1172500000.0,0.7,Yes,Yes,Yes,Yes,Yes,Yes,Yes
0,Sancoj,SANC,,,,Nigeria,29.0,7.0,3.0,Yes,Yes,Utility,0.001,No,No,Yes,7.5,50000000000.0,0.5,Yes,Yes,Yes,Yes,Yes,No,Yes
0,Sansox,Aqua,,,,Finland,29.0,14.0,3.0,No,No,Utility,0.15,No,Yes,No,8.0,200000000.0,1.0,Yes,Yes,Yes,Yes,Yes,No,Yes
0,Satoshi Brewery,SBL,,,,Russia,30.0,31.0,2.9,Yes,Yes,Utility,1.2,No,No,No,6.0,10000000.0,0.75,Yes,Yes,Yes,Yes,Yes,Yes,Yes
0,SBInvestitions,SBI,,,,Russia,61.0,15.0,3.0,Yes,Yes,Utility,0.052,Yes,No,No,4.5,22800000.0,0.57,No,Yes,Yes,Yes,Yes,Yes,Yes
0,Scruge,BIDL,,,,Russia,60.0,59.0,3.0,No,No,Utility,0.012,No,Yes,No,3.0,20000000.0,0.08,Yes,Yes,Yes,Yes,Yes,Yes,Yes
0,Seratio,SER,,,,UK,30.0,12.0,3.2,Yes,Yes,Utility,0.2633,No,No,No,14.5,25000000.0,,Yes,No,Yes,Yes,Yes,Yes,Yes
0,SIM Group,SIMC,,,,Australia,123.0,14.0,3.0,Yes,No,Utility,,No,Yes,No,5.0,1500000.0,0.15,Yes,Yes,Yes,Yes,Yes,Yes,Yes
0,Simply Vital Health,HLTH,,,,USA,26.0,30.0,3.2,Yes,Yes,Utility,0.4,Yes,No,No,14.5,200000000.0,0.6,Yes,Yes,Yes,Yes,Yes,Yes,Yes
0,Sirin Labs,SRN,,,,Switzerland,14.0,,3.6,Yes,Yes,Utility,1.548,No,No,No,46.0,,0.4,Yes,Yes,Yes,Yes,Yes,No,Yes
0,SmartOne,LGL,,,,Switzerland,31.0,,2.9,Yes,Yes,Utility,1.82,No,No,No,13.0,13000000.0,,No,Yes,Yes,Yes,Yes,No,Yes
0,SocialX,SOCX,,,,Singapore,9.0,,3.0,Yes,Yes,Utility,0.1585,No,No,No,21.0,,,Yes,Yes,Yes,Yes,Yes,No,No
0,Sound Legends,SLC,,,,UK,62.0,,3.0,Yes,Yes,Utility,0.1,No,No,No,13.0,105000000.0,0.42,Yes,Yes,Yes,Yes,Yes,Yes,missingData
0,Starflow,STAR Token,,,,Singapore,149.0,120.0,3.2,Yes,Yes,Utility,0.1335,Yes,Yes,No,25.0,200000000.0,0.5,Yes,Yes,Yes,Yes,Yes,No,Yes
0,Storj,STORJ,,,,USA,6.0,,2.9,Yes,Yes,Utility,0.5,No,No,No,15.0,500000000.0,,No,No,Yes,Yes,Yes,Yes,missingData
0,Switcheo Network,SWH,,,,Singapore,7.0,,3.1,No,No,Utility,0.012,Yes,Yes,No,6.0,100000000.0,0.1,No,Yes,Yes,Yes,Yes,Yes,Yes
0,Synthestech2,STT2,,,,Russia,245.0,,2.4,Yes,Yes,Utility,1.5,No,No,No,6.5,14850000.0,0.825,No,No,Yes,Yes,Yes,Yes,Yes
0,Tap Project,TTT,,,,Canada,76.0,,2.85,Yes,Yes,Utility,0.117,No,No,No,0.0,750000000.0,0.5,Yes,Yes,Yes,Yes,Yes,Yes,Yes
0,The Bee Token,BEE,,,,USA,13.0,29.0,3.6,Yes,Yes,Utility,0.14,No,No,Yes,20.0,150000000.0,0.3,Yes,Yes,Yes,Yes,Yes,Yes,Yes
0,The Collective,CDEX,,,,UK,150.0,44.0,3.1,Yes,Yes,Utility,0.01,Yes,No,Yes,27.0,2000000000.0,0.25,No,Yes,Yes,Yes,Yes,No,Yes
0,THEFANDOME,FDT,,,,Switzerland,138.0,14.0,3.0,Yes,Yes,Utility,0.3488,No,Yes,No,8.0,832000.0,0.807,Yes,Yes,Yes,Yes,Yes,Yes,Yes
0,TheWorldNews,TWN,,,,Lithuania,16.0,14.0,3.1,Yes,Yes,Utility,0.0118,No,No,No,19.5,10000000000.0,0.77,No,Yes,Yes,Yes,Yes,No,Yes
0,TokenGo,GPT,,,,UK,100.0,30.0,3.0,Yes,Yes,Utility,0.44,No,No,No,6.5,600000000.0,0.86,Yes,Yes,Yes,Yes,Yes,Yes,Yes
0,Touchcon,TOC,,,,South Korea,31.0,,3.15,Yes,Yes,Utility,0.2217,No,No,No,19.0,,0.13,No,Yes,Yes,Yes,Yes,Yes,Yes
0,TradePlayz,TPZ,,,,Russia,73.0,7.0,3.4,Yes,Yes,Utility,0.5,No,No,No,13.5,,0.62,Yes,Yes,Yes,Yes,Yes,Yes,Yes
0,Translation Service,TRC,,,,Syria,196.0,,3.0,Yes,Yes,Utility,0.0028,No,No,Yes,3.0,5000000000.0,0.5,Yes,Yes,Yes,Yes,Yes,Yes,Yes
0,Transmission,TMN,,,,Hong Kong,20.0,1.0,3.0,Yes,Yes,Utility,0.17,No,No,No,5.5,270000000.0,0.54,No,Yes,Yes,Yes,Yes,Yes,Yes
0,TREMISS,STS,,,,Russia,13.0,59.0,3.0,Yes,Yes,Utility,0.0191,No,No,Yes,3.5,100000000.0,0.85,No,No,Yes,Yes,Yes,Yes,Yes
0,TriForce Tokens,FORCE,,,,UK,34.0,14.0,3.6,Yes,Yes,Utility,0.15,Yes,Yes,No,11.0,140800000.0,,Yes,Yes,Yes,Yes,Yes,Yes,Yes
0,True Flip,TFL,,,,Costa Rica,31.0,,3.2,Yes,Yes,Utility,1.3571,No,No,No,15.0,14700000.0,0.125,No,Yes,Yes,Yes,Yes,Yes,No
0,True Reply,TrueCoin,,,,USA,31.0,31.0,2.7,Yes,Yes,Utility,0.0369,No,No,No,5.0,200000000.0,0.4,Yes,Yes,Yes,Yes,Yes,No,Yes
0,TrustBar,TSB,,,,South Africa,30.0,30.0,3.0,No,No,Utility,0.33,Yes,Yes,Yes,11.0,64800000.0,0.6,Yes,Yes,Yes,Yes,Yes,Yes,Yes
0,Tunetrade,TXT,,,,Saint Kitts and Nevis,2.0,,3.0,Yes,Yes,Utility,,No,Yes,No,5.5,35000000.0,0.007,No,Yes,Yes,Yes,Yes,Yes,Yes
0,Uchit,UCHT,,,,India,29.0,29.0,3.2,Yes,Yes,Utility,0.1289,No,No,No,6.0,463027500.0,0.65,Yes,Yes,Yes,Yes,Yes,Yes,Yes
0,Unification,UND,,,,Singapore,2.0,,3.1,Yes,Yes,Utility,0.05,Yes,Yes,No,15.5,1000000000.0,,No,Yes,Yes,Yes,Yes,No,missingData
0,Unilot,UNIT Token,,,,Malta,42.0,38.0,3.6,Yes,Yes,Utility,0.044,No,No,No,21.0,265000000.0,0.62,No,Yes,Yes,Yes,Yes,Yes,Yes
0,United Traders,UTT,,,,Russia,24.0,29.0,3.3,Yes,Yes,Utility,0.9,No,No,No,9.0,,,No,Yes,Yes,Yes,Yes,Yes,Yes
0,VLB,VLB,,,,Estonia,28.0,35.0,3.1,Yes,Yes,Utility,0.611,No,No,No,14.0,175000000.0,0.8,Yes,Yes,Yes,Yes,Yes,Yes,Yes
0,weeMarketplaceAccessToken,WMA,,,,Switzerland,21.0,,4.3,Yes,Yes,Utility,0.0111,Yes,Yes,No,4.0,2000000000.0,0.5,Yes,Yes,Yes,Yes,No,Yes,Yes
0,WeTrust,TRST,,,,USA,43.0,,3.0,Yes,Yes,Utility,0.0625,No,No,No,8.0,,,No,No,Yes,Yes,Yes,Yes,No
0,WindEnergyMining,WEM,,,,Latvia,61.0,,3.1,Yes,Yes,Utility,0.6858,No,No,No,5.5,30600000.0,0.9,No,No,Yes,Yes,Yes,No,Yes
0,WORDCOIN,WORDCOIN,,,,Russia,28.0,7.0,2.9,Yes,Yes,Utility,,No,No,No,7.0,7000000.0,0.7,Yes,Yes,Yes,Yes,Yes,Yes,Yes
0,WSPX,WSPX,,,,USA,46.0,,3.0,Yes,Yes,Utility,0.0003,No,No,Yes,4.0,6000000000.0,0.699,Yes,Yes,Yes,Yes,Yes,Yes,Yes
0,XchangeCoin,XCC,,,,Singapore,61.0,,2.3,No,No,Utility,0.03,No,No,No,9.0,400000000.0,0.85,Yes,Yes,Yes,Yes,Yes,No,Yes
0,XefoCoin,XEF,,,,USA,91.0,,3.0,Yes,Yes,Utility,0.06,No,No,No,12.0,50000000.0,0.72,Yes,Yes,Yes,Yes,Yes,Yes,Yes
0,XRED,XRED,,,,UK,44.0,,3.0,Yes,Yes,Utility,1.0,No,No,No,7.0,55900000.0,0.86,No,No,Yes,Yes,Yes,Yes,Yes
0,Zeto,ZETO,,,,Ireland,25.0,7.0,3.0,Yes,Yes,Utility,0.1,No,Yes,Yes,16.5,150000000.0,0.195,No,No,Yes,Yes,Yes,Yes,Yes
0,4ARTechnologies,4ART,,,,Switzerland,211.0,53.0,2.9,Yes,Yes,Utility,0.3499,Yes,Yes,No,15.5,1704900000.0,0.2623,Yes,Yes,Yes,Yes,Yes,No,Yes
0,A2B Taxi,TAXI,,,,Lithuania,115.0,2.0,3.3,Yes,Yes,Utility,0.0387,Yes,Yes,No,15.0,300000000.0,0.5,No,Yes,Yes,Yes,Yes,No,Yes
0,Aceh Coin,Aceh Coin,,,,Indonesia,66.0,21.0,2.9,Yes,Yes,Utility,1.0,Yes,Yes,Yes,3.0,10000000.0,0.006,No,No,Yes,Yes,Yes,No,Yes
0,Acomobase,ACO,,,,Cyprus,120.0,58.0,3.4,Yes,Yes,Utility,4.0,No,No,No,8.0,140000000.0,0.4,Yes,Yes,Yes,Yes,Yes,Yes,Yes
0,Adgonos,ADG,,,,Unknown,44.0,13.0,2.9,Yes,Yes,Utility,0.058,No,No,No,7.0,427500000.0,0.8,No,No,Yes,Yes,Yes,No,Yes
0,Aeternum,AET,,,,Slovakia,409.0,,2.9,Yes,Yes,Utility,0.75,Yes,No,No,10.0,100000000.0,,No,No,Yes,Yes,No,No,Yes
0,AIGO - Crypto Payment Solutions,AIGO Payment,,,,Indonesia,9.0,10.0,2.5,Yes,Yes,Utility,0.004,No,No,No,16.0,1000000000.0,0.5,Yes,Yes,Yes,Yes,Yes,Yes,Yes
0,AIREXE,AIRX,,,,Cambodia,42.0,,2.9,Yes,Yes,Utility,6.8314,No,No,Yes,11.5,,0.85,Yes,Yes,Yes,Yes,Yes,Yes,Yes
0,Airswap,AST,,,,Hong Kong,1.0,14.0,3.05,Yes,Yes,Utility,0.3,No,No,No,21.5,,,No,Yes,Yes,Yes,Yes,Yes,Yes
0,Algotrading,ALGO,,,,UK,32.0,24.0,2.9,Yes,Yes,Utility,229.776001,No,Yes,No,4.0,700000.0,0.7,No,No,Yes,Yes,Yes,No,missingData
0,Luxreum,LXR,,,,Saint Kitts and Nevis,7.0,23.0,2.9,Yes,Yes,Utility,0.1,No,No,No,17.0,300000000.0,0.3,Yes,Yes,Yes,Yes,Yes,Yes,Yes
0,Alt Planet,APL,,,,Estonia,27.0,27.0,2.9,Yes,Yes,Utility,0.0005,No,No,No,10.0,34000000000.0,0.5,Yes,Yes,Yes,Yes,No,Yes,Yes
0,ALTEUM,AUM,,,,Mexico,27.0,,2.9,Yes,Yes,Utility,0.75,No,Yes,No,14.0,37500000.0,0.75,Yes,Yes,Yes,Yes,Yes,Yes,Yes
0,AmaStar,AS,,,,Cyprus,45.0,77.0,3.1,Yes,Yes,Utility,0.1,Yes,Yes,Yes,9.0,66000000.0,0.6,Yes,Yes,Yes,Yes,Yes,No,Yes
0,ARCALLIA,EEC,,,,Estonia,57.0,,2.9,Yes,Yes,Utility,0.5,Yes,Yes,No,6.0,8000000000.0,0.5,No,No,Yes,Yes,Yes,No,Yes
0,Arcblock,ABT,,,,USA,0.0,,2.95,Yes,Yes,Utility,0.48,Yes,Yes,No,13.0,,,Yes,Yes,Yes,Yes,Yes,Yes,Yes
0,ARGO Reality,ARGO,,,,Belarus,17.0,,3.1,Yes,Yes,Utility,0.0085,No,No,Yes,11.5,586200000.0,,No,No,Yes,Yes,Yes,No,Yes
0,ARQUTE G.A.S.,AGAS,,,,Russia,74.0,,2.9,Yes,Yes,Utility,1.14,No,No,No,18.0,8000000.0,0.8,No,Yes,Yes,Yes,Yes,Yes,Yes
0,Artex,ARX,,,,Russia,19.0,,3.0,Yes,Yes,Utility,0.1,No,No,No,11.0,,,Yes,Yes,Yes,Yes,Yes,Yes,Yes
0,ASTRcoin,ASTR,,,,Hong Kong,84.0,,2.4,Yes,Yes,Utility,36.65,No,No,No,9.5,100000000.0,0.5,No,No,Yes,Yes,Yes,No,Yes
0,Atlas Tokens,ATLA,,,,Singapore,6.0,38.0,2.9,Yes,Yes,Utility,0.05,No,No,No,3.5,420000000.0,0.1,Yes,Yes,Yes,Yes,Yes,No,Yes
0,autoXchange,AXC,,,,UK,211.0,,2.9,Yes,Yes,Utility,0.03,Yes,Yes,Yes,0.0,1600000000.0,0.55,No,Yes,Yes,Yes,Yes,Yes,Yes
0,B.SURE,BST Token,,,,Unknown,15.0,28.0,2.9,Yes,Yes,Utility,39.5,No,No,No,13.0,638000.0,0.58,Yes,Yes,Yes,Yes,Yes,No,Yes
0,Bablos,BLS,,,,Russia,87.0,,2.1,Yes,Yes,Utility,4.6466,No,No,No,10.0,1700000.0,0.85,Yes,Yes,Yes,Yes,Yes,Yes,Yes
0,BeANKH,ANKH,,,,Germany,121.0,,3.05,Yes,Yes,Utility,0.12,No,Yes,Yes,6.0,448500000.0,0.69,Yes,Yes,Yes,Yes,Yes,No,Yes
0,Betevent,BETEC,,,,Unknown,91.0,60.0,2.9,Yes,Yes,Utility,,No,No,No,6.0,56250000.0,0.75,Yes,Yes,Yes,Yes,No,Yes,Yes
0,BetInReal,BetInReal,,,,Estonia,91.0,338.0,3.5,Yes,Yes,Utility,0.02,Yes,Yes,Yes,9.5,480000000.0,0.53,Yes,Yes,Yes,Yes,Yes,Yes,Yes
0,Biometrids,IDS,,,,Denmark,28.0,6.0,3.0,Yes,Yes,Utility,0.2693,No,No,No,8.5,75000000.0,0.75,Yes,Yes,Yes,Yes,Yes,Yes,Yes
0,Biotron.io,BTN,,,,Estonia,9.0,46.0,2.9,Yes,Yes,Utility,0.116,No,No,Yes,14.0,350000000.0,0.35,No,No,Yes,Yes,Yes,No,Yes
0,BIRC,BIRC,,,,Taiwan,31.0,14.0,2.9,Yes,Yes,Utility,0.0256,No,Yes,No,11.5,400000000.0,0.4,Yes,Yes,Yes,Yes,Yes,No,Yes
0,BitCar,BITCAR,,,,Singapore,79.0,,3.5,Yes,Yes,Utility,0.1,No,Yes,Yes,12.0,250000000.0,0.5,Yes,Yes,Yes,Yes,Yes,No,Yes
0,BitClave,CAT,,,,USA,0.0,7.0,2.7,Yes,Yes,Utility,0.1,No,No,No,19.0,1000000000.0,0.5,No,Yes,Yes,Yes,Yes,Yes,No
0,BitCoin Ichip,BCI Token,,,,India,90.0,13.0,2.9,Yes,Yes,Utility,0.2,Yes,Yes,No,7.5,,,No,No,Yes,Yes,Yes,Yes,missingData
0,Bitone Network,BN,,,,Spain,30.0,31.0,2.9,Yes,Yes,Utility,,No,No,Yes,16.5,50000.0,,No,Yes,Yes,Yes,Yes,Yes,Yes
0,Bitron,BTN,,,,USA,31.0,,2.9,Yes,Yes,Utility,0.7,No,No,No,6.0,14000000.0,0.5,No,No,Yes,Yes,Yes,No,Yes
0,Bitstars,BST,,,,Macedonia,1.0,,2.7,Yes,Yes,Utility,0.01,No,No,No,8.5,100000000.0,0.2,No,Yes,Yes,Yes,Yes,No,Yes
0,Bitwoex,BWX,,,,United Arab Emirates,184.0,,2.6,Yes,Yes,Utility,0.01,No,No,No,3.0,300000000.0,0.65,Yes,Yes,Yes,Yes,Yes,No,Yes
0,Blackfol.io,BLACK,,,,New Caledonia,67.0,,2.8,Yes,Yes,Utility,0.028,Yes,Yes,No,9.5,318000000.0,0.53,Yes,Yes,Yes,Yes,Yes,No,Yes
0,Bopti,BOPTI,,,,France,30.0,14.0,2.9,Yes,Yes,Utility,0.45,No,No,No,8.0,200000000.0,0.66,No,No,Yes,Yes,Yes,Yes,Yes
0,Bowhead Health,AHT,,,,Canada,45.0,,2.85,Yes,Yes,Utility,0.65,No,No,No,7.5,40000000.0,,No,Yes,Yes,Yes,Yes,No,No
0,BrandProtect,BRAND,,,,Ukraine,34.0,210.0,2.9,Yes,Yes,Utility,0.65,No,No,Yes,10.0,15000000.0,0.07,Yes,Yes,Yes,Yes,Yes,Yes,Yes
0,Breeze Coin,BRZC,,,,USA,19.0,,4.1,Yes,Yes,Utility,0.85,No,No,No,8.5,22500000.0,0.15,No,No,Yes,Yes,Yes,Yes,Yes
0,BrikBit,BRIK,,,,Switzerland,63.0,,3.4,Yes,No,Utility,0.062,Yes,Yes,No,0.0,75000000.0,0.75,Yes,Yes,Yes,Yes,Yes,Yes,Yes
0,Brotherly,BRC,,,,UK,29.0,,2.9,Yes,Yes,Utility,0.006,No,Yes,No,1.0,20000000000.0,,No,No,Yes,Yes,Yes,No,Yes
0,Bryllite,BRC,,,,Hong Kong,14.0,75.0,2.9,Yes,Yes,Utility,0.2,Yes,Yes,No,18.5,600000000.0,0.6,Yes,Yes,Yes,Yes,Yes,No,Yes
0,Btccredit,BTCC,,,,Estonia,4.0,,2.9,Yes,Yes,Utility,0.1,Yes,No,No,4.0,120000000.0,0.4,Yes,Yes,Yes,Yes,Yes,No,Yes
0,Bulk Trader,BULK,,,,South Africa,152.0,120.0,2.8,Yes,Yes,Utility,0.0048,No,No,No,6.5,550000000.0,0.55,No,No,Yes,Yes,Yes,No,Yes
0,Bytemine,BYTM,,,,Cayman Islands,30.0,3.0,2.9,Yes,Yes,Utility,0.2088,Yes,Yes,No,14.5,,,Yes,Yes,Yes,Yes,No,Yes,Yes
0,CAPZ,CAPZ,,,,Brazil,90.0,,2.9,Yes,Yes,Utility,0.003,Yes,No,No,16.0,8428509111.0,1.0,Yes,Yes,Yes,Yes,Yes,No,Yes
0,CariOS,CAS Token,,,,Singapore,31.0,28.0,2.9,Yes,Yes,Utility,0.0039,No,Yes,Yes,11.0,4000000000.0,0.4,Yes,Yes,Yes,Yes,Yes,No,Yes
0,Chainium,CHX,,,,Liechtenstein,18.0,21.0,3.7,Yes,Yes,Utility,0.066,No,Yes,No,6.0,50000000.0,0.5,No,Yes,Yes,Yes,Yes,Yes,Yes
0,Christ Coins,CCLC,,,,USA,60.0,,2.9,Yes,Yes,Utility,0.09,No,No,No,7.5,,0.99,Yes,Yes,Yes,Yes,Yes,Yes,missingData
0,Chubex,CBX Token,,,,Hong Kong,60.0,30.0,2.9,Yes,Yes,Payment,0.0763,No,No,Yes,5.5,175000000.0,0.6,No,No,Yes,Yes,Yes,No,Yes
0,CitiCash,CCH,,,,Czech Republic,60.0,,2.9,No,No,Utility,0.15,No,No,No,16.0,130000000.0,0.13,Yes,Yes,Yes,Yes,Yes,Yes,Yes
0,CoinHealth,CoinHealth,,,,USA,133.0,,3.5,Yes,No,Utility,0.95,No,No,No,10.0,500000000.0,0.46,Yes,Yes,Yes,Yes,Yes,Yes,Yes
0,Coinnup,CU,,,,Australia,188.0,,2.8,Yes,Yes,Utility,0.0756,No,Yes,Yes,12.0,,0.35,Yes,Yes,Yes,Yes,Yes,No,Yes
0,Coinquiztador,CQR,,,,Bulgaria,31.0,31.0,2.9,Yes,Yes,Utility,0.11,Yes,No,No,10.0,37500000.0,0.75,Yes,Yes,Yes,Yes,No,No,Yes
0,Conterium,CNM,,,,USA,118.0,,2.8,Yes,Yes,Utility,0.02,No,Yes,Yes,16.0,500000000.0,0.6,Yes,Yes,Yes,Yes,Yes,Yes,Yes
0,Cosmochain,COSM,,,,Hong Kong,29.0,11.0,2.9,Yes,Yes,Utility,0.068,No,Yes,No,14.0,500000000.0,0.5,No,Yes,Yes,Yes,Yes,Yes,Yes
0,CriptoHub,CHBR,,,,Brazil,92.0,15.0,3.2,Yes,Yes,Utility,0.2304,No,Yes,No,14.5,55000000.0,0.55,No,Yes,Yes,Yes,Yes,Yes,Yes
0,CROMhub,CROM,,,,Germany,13.0,13.0,2.8,Yes,Yes,Utility,7.0,No,No,No,14.0,10000000.0,0.6,Yes,Yes,Yes,Yes,Yes,Yes,Yes
0,Crosspays,CPS,,,,Estonia,39.0,137.0,2.9,Yes,Yes,Utility,0.5,No,No,No,9.0,600000000.0,,Yes,Yes,Yes,Yes,Yes,No,Yes
0,Crowd for Angels,ANGEL,,,,UK,13.0,,2.9,Yes,Yes,Utility,0.0158,No,No,No,14.0,5000000000.0,,No,Yes,Yes,Yes,Yes,No,Yes
0,Cryde,CRD,,,,Unknown,36.0,14.0,2.9,Yes,Yes,Utility,0.26,No,No,No,4.0,54000000.0,0.54,No,Yes,Yes,Yes,Yes,Yes,Yes
0,Crypto'n'Kafe,CNK,,,,Mauritius,49.0,13.0,2.9,Yes,Yes,Utility,0.6014,No,No,No,5.0,51090000.0,0.65,Yes,Yes,Yes,Yes,Yes,Yes,missingData
0,CryptoCopy,COPY,,,,Germany,44.0,,2.8,Yes,Yes,Utility,,No,No,No,5.5,900000.0,,Yes,Yes,Yes,Yes,Yes,Yes,Yes
0,Cryptoloans,LCN,,,,Ukraine,92.0,92.0,2.9,Yes,Yes,Utility,1.435,No,No,No,3.0,7989000.0,0.8,Yes,Yes,Yes,Yes,Yes,No,Yes
0,Cryptopay,CPAY,,,,UK,28.0,1.0,3.6,Yes,Yes,Utility,0.3068,No,No,No,7.5,,0.55,Yes,Yes,Yes,Yes,Yes,Yes,No
0,CUBE,CUB,,,,UK,27.0,31.0,2.9,Yes,Yes,Utility,0.645,No,No,No,6.5,72000000.0,0.6,No,No,Yes,Yes,Yes,No,Yes
0,Cubiex eSports,CBIX,,,,Unknown,0.0,,3.15,Yes,Yes,Utility,0.079,No,Yes,No,14.0,6330000.0,0.044,No,No,Yes,Yes,Yes,No,Yes
0,CurrenExchange,CurX,,,,UK,21.0,,2.9,Yes,Yes,Utility,0.074,No,No,Yes,4.0,121000000.0,0.5,Yes,Yes,Yes,Yes,Yes,No,Yes
0,Dailycoin,DLC Token,,,,Czech Republic,45.0,30.0,2.9,Yes,Yes,Utility,0.1926,No,No,No,9.5,150000000.0,0.5,No,No,Yes,Yes,Yes,Yes,Yes
0,DavorcoinX,DAVX,,,,Singapore,30.0,9.0,2.9,Yes,Yes,Utility,1.1,Yes,Yes,Yes,11.0,7000000.0,,Yes,Yes,Yes,Yes,Yes,No,Yes
0,DCC,DCC,,,,Singapore,1.0,,2.9,Yes,Yes,Utility,0.0388,Yes,Yes,No,9.0,200000000.0,0.02,No,No,Yes,Yes,Yes,Yes,Yes
0,Decentralized Escrow,DES,,,,Estonia,59.0,35.0,3.8,Yes,Yes,Utility,1.1,No,No,No,13.0,66666666.0,,No,Yes,Yes,Yes,Yes,Yes,Yes
0,Devery,EVE,,,,Australia,1.0,8.0,3.6,Yes,Yes,Utility,187.0,No,No,No,10.0,60000000.0,0.6,Yes,Yes,Yes,Yes,Yes,Yes,Yes
0,Diamond Guard,GRD,,,,Singapore,20.0,,3.0,Yes,Yes,Utility,0.4804,No,No,No,5.5,30000000.0,0.75,No,No,Yes,Yes,Yes,No,Yes
0,Dinnerful Network,MCD,,,,USA,14.0,15.0,2.9,Yes,Yes,Utility,1.2388,No,No,No,7.0,,,No,Yes,Yes,Yes,Yes,Yes,missingData
0,Districts,3DC,,,,United Arab Emirates,91.0,,3.3,No,No,Utility,0.25,No,No,No,8.0,150000000.0,0.75,Yes,Yes,Yes,Yes,Yes,Yes,Yes
0,doBETacceptBET,DCA,,,,Serbia,160.0,,2.9,Yes,Yes,Utility,0.01,No,No,No,4.5,20000000.0,0.1,No,No,Yes,Yes,Yes,Yes,missingData
0,DogRacing,DGR,,,,Lithuania,30.0,,2.9,Yes,Yes,Utility,0.0385,Yes,No,No,5.5,212062500.0,0.65,Yes,Yes,Yes,Yes,Yes,No,Yes
0,E2C,E2C,,,,Malaysia,121.0,,2.75,Yes,Yes,Utility,0.5,No,No,No,10.0,100000000.0,0.88,No,No,Yes,Yes,Yes,No,missingData
0,ELCoin,ELC,,,,Latvia,229.0,28.0,2.9,Yes,Yes,Utility,1.0,No,No,No,15.0,30000000.0,0.5,No,Yes,Yes,Yes,Yes,Yes,Yes
0,EMU Project,EMU,,,,Estonia,42.0,30.0,3.1,Yes,Yes,Utility,0.05,No,No,No,13.5,212500000.0,0.85,Yes,No,Yes,Yes,Yes,Yes,Yes
0,Energi Token,ETK,,,,Gibraltar,0.0,74.0,3.5,Yes,Yes,Utility,0.0369,No,No,No,13.0,2307692310.0,0.65,Yes,Yes,Yes,Yes,Yes,No,Yes
0,Engyo,ENGYO,,,,Romania,60.0,31.0,2.9,Yes,Yes,Utility,0.0046,No,No,No,12.0,750000000.0,0.75,Yes,Yes,Yes,Yes,No,No,Yes
0,ENOD,ENOD,,,,Estonia,48.0,91.0,2.9,Yes,Yes,Utility,0.02,Yes,Yes,Yes,9.5,250000000.0,0.1,Yes,Yes,Yes,Yes,Yes,No,Yes
0,ESAX,ESAX,,,,Turkey,7.0,,2.9,Yes,Yes,Utility,0.02,No,No,No,5.0,30000000.0,0.05,Yes,Yes,Yes,Yes,Yes,No,Yes
0,Ethearnal,ERT Token,,,,Hong Kong,32.0,,2.9,Yes,Yes,Utility,0.387,Yes,No,Yes,5.0,,0.75,No,Yes,Yes,Yes,Yes,Yes,Yes
0,EtherSport,ESC,,,,UK,91.0,7.0,3.1,Yes,Yes,Utility,1.0,No,No,No,9.5,55000000.0,0.55,No,Yes,Yes,Yes,Yes,Yes,Yes
0,Exbitrade,XBT Token,,,,India,28.0,29.0,2.9,Yes,Yes,Utility,0.0113,No,Yes,Yes,6.5,550000000.0,0.55,Yes,Yes,Yes,Yes,Yes,Yes,Yes
0,EXCHAIN,EXT token,,,,UK,83.0,,2.9,Yes,Yes,Utility,0.025,Yes,Yes,No,21.0,1200000000.0,0.4,No,Yes,Yes,Yes,Yes,Yes,missingData
0,EXMR FDN,EXMR FDN,,,,USA,28.0,,2.95,Yes,Yes,Utility,62.2088,No,No,Yes,10.0,3000000.0,0.24,No,No,Yes,Yes,Yes,Yes,Yes
0,Extrabit,EXB,,,,UK,44.0,,2.9,Yes,Yes,Utility,0.5,No,No,No,6.0,85000000.0,0.85,Yes,Yes,Yes,Yes,Yes,No,Yes
0,FAIMA,MEDS,,,,Germany,30.0,30.0,2.9,Yes,Yes,Utility,0.4,Yes,No,No,6.5,700000000.0,0.7,No,Yes,Yes,Yes,Yes,No,Yes
0,FamilyPoints,FPT,,,,USA,27.0,6.0,3.1,Yes,Yes,Utility,0.1,No,No,No,11.5,250000000.0,0.65,Yes,Yes,Yes,Yes,Yes,No,Yes
0,Fern,FERN,,,,UK,30.0,137.0,2.9,Yes,Yes,Utility,0.12,Yes,Yes,No,15.0,300000000.0,0.3,Yes,Yes,Yes,Yes,Yes,Yes,Yes
0,Finom,FIN,,,,Switzerland,45.0,13.0,3.1,Yes,Yes,Utility,2.0,No,No,No,10.5,,0.45,No,Yes,Yes,Yes,Yes,No,Yes
0,Flixxo,Flixx,,,,Argentina,31.0,,2.7,Yes,Yes,Utility,0.1176,No,No,No,9.0,200000000.0,0.222,Yes,Yes,Yes,Yes,Yes,No,Yes
0,Fluxorin,TFT,,,,Germany,32.0,23.0,2.9,Yes,Yes,Utility,0.35,Yes,Yes,Yes,11.0,,0.53,No,Yes,Yes,Yes,Yes,Yes,missingData
0,flyCARE,FCC,,,,Belgium,231.0,6.0,2.9,Yes,Yes,Utility,0.2391,Yes,Yes,No,10.5,130000000.0,0.65,Yes,No,Yes,Yes,Yes,Yes,Yes
0,Fobscoin,FOBS,,,,Russia,30.0,,2.9,Yes,Yes,Utility,1.4376,No,No,No,20.0,6000000.0,0.6,No,No,Yes,Yes,Yes,No,Yes
0,Follow Coin,FLLW,,,,Netherlands,28.0,,2.9,Yes,Yes,Utility,0.047,No,No,No,10.0,490000000.0,0.49,No,Yes,Yes,Yes,Yes,Yes,missingData
0,Foneex,FOX,,,,Unknown,41.0,,2.9,Yes,Yes,Utility,0.05,No,No,No,11.0,300000000.0,0.6,Yes,Yes,Yes,Yes,Yes,No,Yes
0,Frasindo,FRAS,,,,Indonesia,59.0,14.0,2.9,No,No,Utility,0.14,No,No,No,9.0,,,No,No,Yes,Yes,Yes,Yes,Yes
0,froshfeel,FROIN,,,,Canada,29.0,19.0,2.9,Yes,Yes,Utility,0.68,No,No,Yes,9.0,185000000.0,0.74,Yes,No,Yes,Yes,Yes,No,Yes
0,GATS,GATS,,,,Estonia,91.0,88.0,2.9,No,No,Utility,0.0561,Yes,Yes,No,4.0,1500000000.0,0.65,Yes,Yes,Yes,Yes,Yes,No,Yes
0,GCBIB,GXB,,,,United Arab Emirates,72.0,35.0,3.2,Yes,Yes,Utility,0.3,No,No,No,24.0,860000000.0,0.43,Yes,Yes,Yes,Yes,Yes,No,Yes
0,GEC,GEC,,,,Netherlands,172.0,61.0,2.95,Yes,Yes,Utility,0.1146,No,No,Yes,6.0,2450000000.0,0.507,Yes,Yes,Yes,Yes,Yes,No,Yes
0,GECKO Crypto1,GECKO,,,,Isle of Man,121.0,,3.2,Yes,Yes,Utility,0.1,Yes,Yes,No,12.5,700000000.0,,No,Yes,Yes,Yes,Yes,No,Yes
0,Giftz.io,ITC,,,,USA,91.0,19.0,3.3,Yes,Yes,Utility,10.0,No,No,Yes,4.0,60000000.0,0.5,Yes,Yes,Yes,Yes,Yes,No,Yes
0,Gilgam,GGS,,,,Malta,30.0,,2.9,Yes,Yes,Utility,0.4527,No,No,No,5.5,100000000.0,,No,Yes,Yes,Yes,Yes,No,missingData
0,Gleec Coin,GLEEC,,,,Unknown,35.0,,2.9,No,No,Utility,22.0,No,No,No,7.0,6300000.0,0.3,No,No,Yes,Yes,Yes,Yes,Yes
0,Global Tech,GTH,,,,Australia,89.0,27.0,2.0,Yes,Yes,Utility,0.3684,Yes,Yes,No,7.0,110000000.0,,Yes,Yes,Yes,Yes,Yes,No,Yes
0,GlobalCarService,FTI,,,,Belarus,75.0,16.0,2.9,Yes,Yes,Utility,0.0318,No,No,Yes,4.5,,,No,Yes,Yes,Yes,Yes,No,Yes
0,Globitex,,,,,Gibraltar,30.0,,3.6,Yes,Yes,Utility,124.0,No,Yes,No,9.5,500000000.0,,No,Yes,Yes,Yes,Yes,No,Yes
0,Golem,GNT,,,,Poland,0.0,,3.7,Yes,Yes,Utility,0.0101,No,No,No,14.0,820000000.0,,No,No,Yes,Yes,Yes,No,No
0,Gominer Token,Gominer Token (GT),,,,Canada,105.0,,2.9,No,No,Utility,0.0014,Yes,Yes,No,7.0,450000000.0,0.45,No,No,Yes,Yes,Yes,No,Yes
0,"GoWithMi Technology PTE. LTD [GoWithMi],",GMAT,,,,Singapore,0.0,,2.9,Yes,Yes,Utility,0.006,No,No,No,9.0,2980000000.0,0.2,No,No,Yes,Yes,Yes,Yes,Yes
0,Greentoken,GTN,,,,Kazakhstan,30.0,30.0,2.6,Yes,Yes,Utility,0.15,No,Yes,Yes,11.0,500000000.0,0.65,Yes,No,Yes,Yes,Yes,No,Yes
0,Grow Token (GRWT),GRWT,,,,Philippines,30.0,10.0,2.9,Yes,Yes,Utility,0.0001,No,No,No,5.0,30000000.0,0.75,Yes,Yes,Yes,Yes,Yes,Yes,Yes
0,Haladinar,HDN,,,,Singapore,68.0,,2.9,Yes,Yes,Utility,0.2,Yes,Yes,No,12.5,250000000.0,0.25,No,Yes,Yes,Yes,Yes,No,Yes
0,Hamster Marketplace,HMT,,,,UK,89.0,36.0,3.95,Yes,Yes,Utility,2.0,No,No,No,22.0,10000000.0,0.7,Yes,Yes,Yes,Yes,Yes,No,Yes
0,Havven,,,,,Australia,7.0,,3.5,Yes,Yes,Utility,0.5,Yes,Yes,No,23.0,60000000.0,0.6,Yes,Yes,Yes,Yes,Yes,Yes,Yes
0,Hawk Network,Hawk,,,,Canada,59.0,15.0,3.9,Yes,Yes,Utility,0.0067,Yes,Yes,No,6.0,2000000000.0,0.1,Yes,Yes,Yes,Yes,Yes,Yes,Yes
0,Healthy Corporation,HLTY,,,,South Africa,91.0,78.0,2.9,Yes,Yes,Utility,0.3948,No,No,No,13.0,,,No,No,Yes,Yes,No,No,Yes
0,HIPE,HIT,,,,Russia,22.0,14.0,2.7,Yes,Yes,Utility,0.454,No,No,No,6.5,23302500.0,0.65,No,No,Yes,Yes,Yes,No,Yes
0,Hiveway,WAY,,,,Romania,31.0,,3.2,Yes,Yes,Utility,0.0465,No,No,Yes,13.0,340000000.0,0.85,No,Yes,Yes,Yes,Yes,Yes,Yes
0,HomeMine,HMT,,,,Estonia,24.0,6.0,2.9,No,No,Utility,42.0,No,No,No,7.5,,,Yes,Yes,Yes,Yes,Yes,No,Yes
0,HotEngine,HEC,,,,Turkey,90.0,,2.9,Yes,Yes,Utility,0.1853,Yes,Yes,No,14.0,,0.5,Yes,Yes,Yes,Yes,Yes,Yes,Yes
0,HUNT.BET,HT,,,,Seychelles,22.0,,2.9,Yes,Yes,Utility,1.0,No,No,No,6.0,15000000.0,0.62,No,Yes,Yes,Yes,Yes,No,missingData
0,I'm Aero,IAM,,,,Russia,30.0,,2.9,Yes,Yes,Utility,1.0,Yes,Yes,No,10.0,70000000.0,,Yes,Yes,Yes,Yes,Yes,No,missingData
0,ICOHeadStart,MOAT,,,,Netherlands,90.0,,3.1,Yes,Yes,Utility,0.02,No,No,No,12.0,1500000000.0,0.15,No,Yes,Yes,Yes,Yes,No,Yes
0,ICOS,ICOS,,,,Russia,31.0,,3.5,Yes,Yes,Utility,44.376,No,No,No,21.5,,,No,No,Yes,Yes,Yes,No,No
0,Inbot InToken,InToken,,,,Germany,31.0,61.0,3.25,Yes,Yes,Utility,0.0116,Yes,Yes,No,23.0,5800000000.0,0.45,Yes,Yes,Yes,Yes,Yes,Yes,Yes
0,Infliv,IFV,,,,Singapore,42.0,19.0,2.9,Yes,Yes,Utility,0.0722,Yes,No,Yes,3.0,42000000.0,0.55,Yes,Yes,Yes,Yes,Yes,Yes,Yes
0,Initial Exchange Offer,IEO,,,,Panama,138.0,138.0,2.9,Yes,No,Utility,0.18,No,No,No,10.5,,,Yes,Yes,Yes,Yes,Yes,Yes,Yes
0,Inspeer,INSP,,,,Cyprus,56.0,,3.5,Yes,Yes,Utility,1.0,No,No,No,13.5,50000000.0,0.85,No,Yes,Yes,Yes,Yes,No,Yes
0,INSPEM,INP,,,,Russia,27.0,27.0,2.9,Yes,Yes,Utility,0.134722595,No,No,No,8.0,,0.8,No,Yes,Yes,Yes,Yes,Yes,Yes
0,InterValue,INVE,,,,China,60.0,,2.9,Yes,Yes,Utility,0.0226,No,Yes,No,19.0,900000000.0,0.09,No,Yes,Yes,Yes,Yes,Yes,Yes
0,ISKRA,CCOH,,,,Switzerland,27.0,,4.0,Yes,Yes,Utility,1.0,No,Yes,Yes,6.0,1300000.0,0.6,Yes,Yes,Yes,Yes,Yes,No,Yes
0,IUNO,IUNIT,,,,Germany,122.0,63.0,2.9,Yes,Yes,Utility,501.0,No,No,No,14.0,110500000.0,0.3683,Yes,Yes,Yes,Yes,Yes,No,Yes
0,Ixinium,XXA,,,,Estonia,140.0,121.0,2.9,No,No,Utility,8.4265,No,No,No,5.5,100000000.0,0.185,No,No,Yes,Yes,Yes,No,Yes
0,Jincor,JCR,,,,Cyprus,77.0,7.0,3.5,Yes,Yes,Utility,1.0,No,No,No,16.0,26600000.0,0.76,Yes,Yes,Yes,Yes,Yes,Yes,Yes
0,Kamen,KNT,,,,Singapore,63.0,,2.9,Yes,Yes,Utility,0.0002,No,No,No,6.0,7000000000.0,0.7,Yes,Yes,Yes,Yes,Yes,Yes,Yes
0,Karuna Network,KARUNA,,,,Netherlands,46.0,27.0,2.9,Yes,Yes,Utility,0.9,No,Yes,No,13.0,27000000.0,0.6,No,No,Yes,Yes,Yes,No,Yes
0,Knowledge,KNW,,,,USA,54.0,28.0,3.9,Yes,Yes,Utility,1.0,No,No,No,24.5,,0.7,No,Yes,Yes,Yes,Yes,Yes,Yes
0,KOI,KOI,,,,Venezuela,152.0,27.0,2.9,Yes,Yes,Utility,0.0287,No,No,Yes,1.5,200000000.0,,Yes,Yes,Yes,Yes,Yes,Yes,Yes
0,Korona Coin,KOT,,,,Switzerland,59.0,,3.0,Yes,Yes,Utility,0.43,Yes,Yes,Yes,8.5,120000000.0,0.4,Yes,Yes,Yes,Yes,Yes,No,Yes
0,KPR Coin,KPR,,,,Australia,52.0,,3.1,Yes,Yes,Utility,0.208,No,Yes,No,5.5,100000000.0,0.85,Yes,Yes,Yes,Yes,Yes,Yes,Yes
0,KredX,KRT,,,,India,92.0,,3.0,Yes,Yes,Utility,0.1,No,No,No,13.0,440000000.0,,No,Yes,Yes,Yes,Yes,Yes,Yes
0,Kryptoro,KTO,,,,South Africa,83.0,,2.9,Yes,Yes,Utility,1.0,No,No,No,9.0,75000000.0,0.75,Yes,Yes,Yes,Yes,Yes,Yes,Yes
0,KyberNetwork,KNC,,,,Singapore,15.0,,2.6,Yes,Yes,Utility,0.41,No,No,No,6.5,,,No,No,Yes,Yes,Yes,Yes,Yes
0,Lambda,LAMB,,,,Singapore,13.0,,3.05,Yes,Yes,Utility,0.01,Yes,No,Yes,10.0,500000000.0,0.05,Yes,Yes,Yes,Yes,Yes,Yes,Yes
0,Lendoit,LOAN,,,,Israel,31.0,,2.9,Yes,Yes,Utility,0.0586,No,No,No,18.0,600000000.0,0.6,No,No,Yes,Yes,Yes,No,Yes
0,Leverj,LEV,,,,Seychelles,30.0,,2.9,Yes,Yes,Utility,0.15,No,No,No,6.0,400000000.0,0.4,No,No,Yes,Yes,Yes,Yes,Yes
0,Lexzoom,LXM,,,,United Arab Emirates,30.0,30.0,2.9,Yes,Yes,Utility,0.2,Yes,Yes,No,8.0,1300000000.0,0.65,No,No,Yes,Yes,Yes,No,Yes
0,LIKE,LIKE,,,,Thailand,47.0,16.0,2.6,Yes,Yes,Utility,1.0,No,No,No,4.5,,,No,Yes,Yes,Yes,Yes,Yes,Yes
0,LocalCoin.is DEX,LLC,,,,UK,61.0,30.0,2.9,No,No,Utility,0.5,No,No,No,10.0,80000000.0,0.8,No,No,Yes,Yes,Yes,Yes,Yes
0,Djinxi,DXI,,,,Saint Kitts and Nevis,70.0,,2.8,Yes,Yes,Utility,0.2,No,No,No,3.0,500000000.0,0.5,Yes,Yes,Yes,Yes,Yes,Yes,Yes
0,Magnetics,KLIX,,,,UK,89.0,,2.9,Yes,Yes,Utility,0.11,No,Yes,No,11.0,350100000.0,0.7002,Yes,Yes,Yes,Yes,Yes,No,Yes
0,Matrix,,,,,Hong Kong,30.0,10.0,2.9,Yes,Yes,Utility,0.36,No,No,No,6.0,,,No,Yes,Yes,Yes,Yes,Yes,Yes
0,Matryx,MTX,,,,USA,29.0,,2.8,Yes,Yes,Utility,0.29,No,No,No,14.5,314159265.0,,No,Yes,Yes,Yes,Yes,Yes,Yes
0,MCX,MCX,,,,Thailand,88.0,,2.9,No,No,Utility,0.5,No,No,No,1.0,,0.15,No,Yes,Yes,Yes,Yes,Yes,missingData
0,MedChain,MDX,,,,USA,30.0,123.0,2.9,No,No,Utility,0.43,Yes,Yes,Yes,13.5,34878000.0,0.49,Yes,Yes,Yes,Yes,Yes,No,Yes
0,MeterQubes,MeterQubes/MEQ,,,,Netherlands,31.0,30.0,2.9,Yes,Yes,Utility,0.05,No,No,No,14.5,350000000.0,0.35,Yes,Yes,Yes,Yes,Yes,Yes,Yes
0,MiniApps,MAT,,,,USA,62.0,,3.1,Yes,Yes,Utility,8.0,No,No,No,12.0,,0.5,Yes,Yes,Yes,Yes,Yes,No,Yes
0,Mirocana,MIRO,,,,Russia,30.0,,2.8,Yes,Yes,Utility,0.83,No,No,No,11.5,200000000.0,,No,Yes,Yes,Yes,Yes,No,Yes
0,Misscoin,MISC,,,,UK,149.0,,2.3,Yes,Yes,Utility,0.2,No,No,No,7.0,1000000000.0,0.75,No,No,Yes,Yes,Yes,Yes,Yes
0,MoCo,MoCo,,,,Estonia,182.0,284.0,4.0,Yes,Yes,Utility,0.018,No,No,Yes,8.5,1600000000.0,0.2,Yes,Yes,Yes,Yes,Yes,Yes,Yes
0,MONEYPOOL,MNPL,,,,Russia,116.0,116.0,3.1,Yes,Yes,Utility,0.0957,No,No,No,8.0,1000000.0,0.2,No,No,Yes,Yes,Yes,No,Yes
0,Multibot,MBT,,,,Russia,37.0,,2.8,Yes,Yes,Utility,1.0,No,No,No,3.0,25000000.0,0.9,Yes,No,Yes,Yes,Yes,Yes,Yes
0,MUXE,MUXE,,,,Netherlands,122.0,,2.9,Yes,Yes,Utility,0.002,No,No,Yes,19.5,7000000000.0,0.7,Yes,Yes,Yes,Yes,Yes,Yes,Yes
0,MYbDAIRY Smart Farms,MYBD,,,,Malaysia,59.0,60.0,2.9,Yes,Yes,Utility,0.01,No,Yes,No,4.0,825000000.0,0.55,Yes,Yes,Yes,Yes,Yes,No,Yes
0,MyBit,MYB,,,,Switzerland,31.0,,2.75,Yes,Yes,Utility,3.0138,No,No,No,0.0,5000000.0,0.4155,No,Yes,Yes,Yes,Yes,Yes,Yes
0,n'cloud.swiss,NCU,,,,Switzerland,69.0,15.0,2.9,Yes,Yes,Utility,313.0,No,Yes,No,18.0,132000000.0,0.22,No,No,Yes,Yes,Yes,No,Yes
0,NEO Finance,NEF,,,,UK,24.0,14.0,2.9,Yes,Yes,Utility,0.1,Yes,No,No,13.5,610000000.0,0.61,Yes,Yes,Yes,Yes,Yes,Yes,Yes
0,Nettekcoin,NTTK,,,,Unknown,31.0,35.0,2.9,Yes,Yes,Utility,0.05,No,No,No,3.5,550000000.0,0.55,Yes,Yes,Yes,Yes,Yes,No,Yes
0,Netterium,NETR,,,,UK,153.0,,3.1,Yes,Yes,Utility,0.0232,No,Yes,Yes,14.5,480000000.0,0.64,Yes,Yes,Yes,Yes,Yes,No,No
0,Nexty,NTY,,,,Unknown,32.0,6.0,2.9,Yes,Yes,Utility,1.0,No,No,No,18.5,11000000.0,,No,Yes,Yes,Yes,Yes,No,Yes
0,Nimbus Token,NIM,,,,USA,195.0,,2.9,Yes,Yes,Utility,0.23,No,No,Yes,7.5,35000000.0,0.7,No,Yes,Yes,Yes,Yes,No,Yes
0,Nobobox,NBX,,,,Liechtenstein,181.0,,2.9,Yes,Yes,Utility,0.002,Yes,Yes,No,22.0,,,Yes,Yes,Yes,Yes,Yes,No,Yes
0,Nocturus,NOCT,,,,USA,90.0,,2.9,Yes,Yes,Utility,0.0031,Yes,Yes,No,17.0,3000000000.0,0.33,Yes,Yes,Yes,Yes,No,No,missingData
0,Notary,NTRY,,,,Slovenia,7.0,,2.9,Yes,Yes,Utility,0.11,No,No,No,12.5,120000000.0,0.8,Yes,Yes,Yes,Yes,Yes,No,Yes
0,OGCoin,OGC,,,,Nigeria,27.0,,2.9,Yes,Yes,Utility,0.0502,No,No,No,9.0,150000000.0,0.2,No,No,Yes,Yes,Yes,Yes,missingData
0,Omeno,OME,,,,Belize,48.0,,3.2,Yes,Yes,Utility,10.0,No,Yes,No,6.5,1000000.0,0.6,Yes,Yes,Yes,Yes,Yes,No,Yes
0,OmiseGO,OMG,,,,Singapore,30.0,,3.85,Yes,Yes,Utility,0.2283,No,No,No,5.0,,,Yes,Yes,Yes,Yes,Yes,Yes,No
0,One Ledger,OLT,,,,USA,1.0,,3.05,Yes,Yes,Utility,0.052,No,No,No,18.5,,0.35,Yes,Yes,Yes,Yes,Yes,Yes,Yes
0,Organicco,ORC,,,,UK,156.0,,2.9,Yes,Yes,Utility,0.6703,No,Yes,Yes,8.0,,0.5,Yes,Yes,Yes,Yes,Yes,Yes,Yes
0,Outing,OTG,,,,France,41.0,,2.9,Yes,Yes,Utility,0.1,No,No,No,8.5,201600000.0,0.36,Yes,Yes,Yes,Yes,Yes,Yes,missingData
0,Paragon Coin,PRG,,,,Russia,30.0,,3.5,Yes,Yes,Utility,1.0,No,No,No,12.0,100000000.0,,No,Yes,Yes,Yes,Yes,No,Yes
0,Patron,PAT,,,,Japan,43.0,28.0,3.2,Yes,Yes,Utility,0.5,No,Yes,No,20.5,240000000.0,0.6,Yes,Yes,Yes,Yes,Yes,Yes,Yes
0,PBC,PBC,,,,India,394.0,,2.9,Yes,Yes,Utility,0.55,No,No,No,4.0,1505000.0,0.43,No,Yes,Yes,Yes,Yes,Yes,Yes
0,PentaCore,PENT,,,,Cayman Islands,47.0,,3.9,Yes,Yes,Utility,1.0,Yes,Yes,No,16.0,,,No,Yes,Yes,Yes,Yes,Yes,Yes
0,PixelBit,PXB,,,,Unknown,234.0,173.0,2.6,Yes,Yes,Utility,0.56,No,No,No,4.5,30000000.0,0.3,Yes,Yes,Yes,Yes,Yes,No,Yes
0,Pixie,PXE,,,,Gibraltar,91.0,,2.9,Yes,Yes,Utility,0.0008,Yes,Yes,Yes,4.0,40000000000.0,0.4,Yes,Yes,Yes,Yes,Yes,No,Yes
0,Plasmium,PLSM,,,,Singapore,8.0,,2.9,Yes,Yes,Utility,,No,No,No,8.0,500000000.0,0.25,No,Yes,Yes,Yes,Yes,Yes,Yes
0,Playrs,PLAYR,,,,Cyprus,17.0,14.0,2.7,Yes,Yes,Utility,0.1017,Yes,Yes,Yes,18.5,100000000.0,0.55,Yes,Yes,Yes,Yes,Yes,No,Yes
0,PodOne,QBE,,,,USA,30.0,,3.0,Yes,Yes,Utility,0.26,No,No,No,8.0,,0.7,Yes,Yes,Yes,Yes,Yes,Yes,Yes
0,Poins,PIN Token,,,,Indonesia,68.0,,2.9,No,No,Utility,0.2293,No,No,Yes,4.5,20000000.0,0.22,Yes,Yes,Yes,Yes,Yes,No,Yes
0,Pointium,PNT Token,,,,Switzerland,28.0,28.0,2.9,Yes,Yes,Utility,0.006,No,Yes,No,7.0,56000000.0,0.5,Yes,Yes,Yes,Yes,Yes,Yes,Yes
0,ProKareX,PKX,,,,Switzerland,89.0,,2.9,Yes,Yes,Utility,0.05,No,Yes,No,28.0,300000000.0,0.6,Yes,Yes,Yes,Yes,Yes,No,Yes
0,Pumpkin,PMK,,,,Singapore,89.0,,2.9,Yes,Yes,Utility,0.0015,No,Yes,No,12.5,2700000000.0,0.6,Yes,Yes,Yes,Yes,Yes,No,Yes
0,Quantstamp,QSP,,,,USA,29.0,8.0,3.55,Yes,Yes,Utility,0.072,No,No,No,17.0,1000000000.0,0.65,No,Yes,Yes,No,Yes,Yes,Yes
0,Quixxi Connect,QXE,,,,Australia,31.0,,3.0,Yes,Yes,Utility,230.77,No,Yes,No,20.0,70000000.0,0.7,Yes,Yes,Yes,Yes,Yes,Yes,Yes
0,RadioYo,RAO,,,,USA,154.0,,2.6,Yes,Yes,Utility,0.1,Yes,Yes,No,2.0,33000000.0,0.33,No,No,Yes,Yes,Yes,Yes,Yes
0,Red Lanterns,REDLcoin,,,,Estonia,45.0,15.0,3.0,Yes,Yes,Utility,,Yes,No,No,13.0,12750000.0,0.8,Yes,Yes,Yes,Yes,Yes,No,Yes
0,Reflex,RFX,,,,Italy,30.0,31.0,2.8,Yes,Yes,Utility,0.0335,No,No,Yes,4.0,,,No,No,Yes,Yes,Yes,No,Yes
0,RefugeCoin,RFG,,,,USA,152.0,30.0,2.9,Yes,Yes,Utility,0.3796,No,No,Yes,7.0,100000000.0,0.5,No,No,Yes,Yes,Yes,Yes,missingData
0,Rego,REGO,,,,Singapore,44.0,33.0,2.9,Yes,Yes,Utility,0.2864,No,Yes,Yes,12.5,39600000.0,0.72,Yes,Yes,Yes,Yes,Yes,No,Yes
0,REME-Coin,REME,,,,Liechtenstein,670.0,,3.2,Yes,Yes,Utility,0.4235,No,Yes,No,32.0,,,No,Yes,Yes,Yes,Yes,No,Yes
0,Rexpax,REXX,,,,Belarus,31.0,6.0,3.0,Yes,Yes,Utility,0.0014,No,No,No,11.0,2100000000.0,0.7,Yes,Yes,Yes,Yes,Yes,No,Yes
0,Rise Housing,RSE,,,,Bahamas,30.0,45.0,2.9,Yes,Yes,Utility,0.01,No,Yes,Yes,17.0,100000000.0,0.3,Yes,Yes,Yes,Yes,Yes,No,Yes
0,RoBET,RAC Token,,,,Malta,31.0,77.0,2.7,Yes,Yes,Utility,8.7,No,Yes,No,11.0,3200000.0,0.6,Yes,Yes,Yes,Yes,Yes,No,Yes
0,Samy,Samy Token/ SMY,,,,USA,28.0,14.0,2.9,Yes,Yes,Utility,0.049,No,No,No,3.0,210000000.0,0.21,Yes,Yes,Yes,Yes,Yes,Yes,Yes
0,Santiment,SAN,,,,Switzerland,1.0,,2.95,Yes,Yes,Utility,0.266,No,No,No,10.0,45000000.0,,No,Yes,Yes,Yes,Yes,Yes,missingData
0,Saturn Black Project,XSAT,,,,Czech Republic,27.0,81.0,2.9,Yes,Yes,Utility,0.13,No,Yes,Yes,2.5,750000000.0,0.75,No,Yes,Yes,Yes,Yes,No,Yes
0,Save Token,SAVE,,,,Romania,42.0,,2.9,Yes,Yes,Utility,0.0763,No,Yes,No,9.0,339000000.0,,No,Yes,Yes,Yes,Yes,Yes,Yes
0,Scam ICO Killer,SIK,,,,Russia,31.0,31.0,2.9,Yes,Yes,Utility,0.06,No,Yes,No,6.0,100000000.0,0.7,Yes,Yes,Yes,Yes,Yes,No,Yes
0,Scanetchain,SWC,,,,Singapore,162.0,30.0,2.9,Yes,Yes,Utility,0.0396,No,No,No,26.0,1000000000.0,0.6,Yes,Yes,Yes,Yes,Yes,Yes,Yes
0,Shamrock,LUCK,,,,Germany,90.0,,2.9,Yes,Yes,Utility,0.2768,No,No,No,12.0,8000000.0,0.8,Yes,Yes,Yes,Yes,Yes,Yes,missingData
0,ShowMeBiz,EXPO,,,,Ukraine,35.0,21.0,2.9,Yes,Yes,Utility,1.75,No,No,No,19.0,30000000.0,,Yes,Yes,Yes,Yes,Yes,No,Yes
0,Silent Notary,SNTR,,,,Russia,28.0,,2.85,Yes,Yes,Utility,0.0001,No,No,No,3.0,,,No,No,Yes,Yes,Yes,Yes,Yes
0,Sinergia Blockchain,SNG,,,,Colombia,21.0,13.0,3.4,Yes,Yes,Utility,1.427,No,No,No,11.0,50000000.0,0.88,No,No,Yes,Yes,Yes,Yes,Yes
0,Smart City,SCCTN,,,,Switzerland,60.0,91.0,2.9,Yes,Yes,Utility,0.0113,No,No,Yes,8.0,,,Yes,Yes,Yes,Yes,No,Yes,Yes
0,Smart Valley,SVT,,,,Switzerland,60.0,104.0,3.4,Yes,Yes,Utility,0.1,No,No,No,5.5,408000000.0,,Yes,Yes,Yes,Yes,Yes,No,Yes
0,Smoke Exchange,SMX,,,,Canada,28.0,10.0,2.9,Yes,Yes,Utility,1.1,No,No,No,8.5,24750000.0,0.75,No,Yes,Yes,Yes,Yes,Yes,Yes
0,Snip,SNIP,,,,Israel,30.0,,3.0,Yes,Yes,Utility,0.0039,No,No,No,6.0,3000000000.0,0.3,Yes,Yes,Yes,Yes,Yes,Yes,Yes
0,Socratescoin,SAPIS,,,,Gibraltar,88.0,,2.9,Yes,Yes,Utility,1.11,No,No,No,33.0,46900000.0,0.1,Yes,Yes,Yes,Yes,Yes,No,missingData
0,Sparklecoin,SPRK,,,,USA,92.0,,2.9,Yes,Yes,Utility,37.0,No,No,No,7.0,,,No,No,Yes,Yes,Yes,No,Yes
0,SRCOIN,SRCOIN,,,,Malaysia,30.0,58.0,2.9,Yes,Yes,Utility,0.0057,No,No,No,11.0,,0.7,No,No,Yes,Yes,Yes,Yes,Yes
0,Statercoin,STAT,,,,Greece,31.0,,2.9,No,No,Utility,1.6448,No,No,No,9.0,18200000.0,0.91,Yes,Yes,Yes,Yes,Yes,Yes,Yes
0,Statizex,Statizex/STAT,,,,Singapore,45.0,30.0,2.5,Yes,Yes,Utility,0.1,No,No,No,4.0,104720000.0,0.56,No,No,Yes,Yes,Yes,No,Yes
0,Successlife,,,,,Singapore,46.0,,2.9,No,No,Utility,0.8,Yes,Yes,No,14.5,65000000.0,0.65,Yes,Yes,Yes,Yes,Yes,No,Yes
0,Superfruit,SFT,,,,Chile,116.0,32.0,2.9,Yes,Yes,Utility,0.1,No,Yes,No,6.0,31000000.0,,Yes,Yes,Yes,Yes,Yes,No,Yes
0,SURETY.AI,SURE,,,,Singapore,91.0,,3.15,Yes,Yes,Utility,0.0507,Yes,Yes,No,19.0,200000000.0,0.2,Yes,Yes,Yes,Yes,Yes,No,Yes
0,Take Profit,XTP,,,,Hong Kong,17.0,30.0,3.0,Yes,Yes,Utility,0.099,No,No,No,6.0,60000000.0,0.6,Yes,Yes,Yes,Yes,Yes,Yes,Yes
0,Tele,TELE,,,,UK,30.0,31.0,3.0,No,No,Utility,,No,Yes,No,7.0,12000000.0,0.66,No,No,Yes,Yes,No,Yes,Yes
0,Tezos,XTZ,,,,USA,12.0,,3.0,No,No,Payment,0.47,No,No,No,14.0,,,No,No,Yes,Yes,Yes,Yes,No
0,The Deal Coin,DLSD,,,,UK,123.0,,2.9,Yes,Yes,Utility,0.1,Yes,Yes,Yes,24.0,600000000.0,0.65,Yes,Yes,Yes,Yes,Yes,No,Yes
0,The Digital Reserve,DRN,,,,USA,28.0,,3.1,No,No,Utility,0.01,No,Yes,No,5.0,,,No,No,Yes,Yes,Yes,No,missingData
0,Thrill,THX,,,,Slovenia,30.0,,2.9,Yes,Yes,Utility,0.0203,No,No,No,6.0,725000000.0,0.9,Yes,Yes,Yes,Yes,Yes,Yes,Yes
0,Ties.Network,TIE,,,,Netherlands,35.0,,3.4,Yes,Yes,Utility,0.24,No,No,No,15.0,140000000.0,0.7,No,Yes,Yes,Yes,Yes,Yes,Yes
0,Togacoin,TGA,,,,UK,331.0,17.0,2.9,Yes,Yes,Utility,1.0,No,No,Yes,10.5,,0.91,Yes,Yes,Yes,Yes,Yes,No,Yes
0,TokenDesk,TDS,,,,UK,81.0,,3.0,Yes,Yes,Utility,2.9266,No,No,No,10.0,,,No,No,Yes,Yes,Yes,No,No
0,Tokensgate,TGC,,,,UK,31.0,,2.8,Yes,Yes,Utility,,Yes,Yes,Yes,22.0,550000000.0,0.55,No,No,Yes,Yes,Yes,No,Yes
0,TouchTrader,BM Token,,,,Singapore,35.0,35.0,2.7,Yes,Yes,Utility,0.0005,No,Yes,Yes,7.0,,,Yes,Yes,Yes,Yes,Yes,No,Yes
0,Trustier,TTT,,,,Netherlands,30.0,31.0,2.9,Yes,Yes,Utility,0.039,Yes,Yes,No,10.0,600000000.0,0.6,Yes,Yes,Yes,Yes,No,No,Yes
0,UNIC Advertising Network,UNIC Token,,,,Ukraine,90.0,11.0,3.5,Yes,Yes,Utility,0.1287,Yes,Yes,Yes,6.5,165000000.0,0.66,No,Yes,Yes,Yes,Yes,Yes,Yes
0,Unikrn,UnikoinGold,,,,USA,31.0,,2.95,Yes,Yes,Utility,0.3342,No,No,No,14.0,,,No,No,Yes,Yes,Yes,No,No
0,UnoChain,Unochain/UNOC,,,,UK,7.0,,2.8,Yes,Yes,Utility,0.001,No,No,No,4.0,1250000000.0,0.25,No,No,Yes,Yes,Yes,Yes,Yes
0,UOS Network,UOS,,,,Unknown,6.0,,2.9,Yes,Yes,Utility,0.025,No,No,No,11.0,100000000.0,0.1,No,No,Yes,Yes,Yes,Yes,Yes
0,Utopialand,UTPL,,,,Canada,92.0,,2.9,Yes,Yes,Utility,0.7178,No,Yes,No,3.5,60000000.0,0.6,Yes,Yes,Yes,Yes,Yes,No,Yes
0,UZYTH ECOSYSTEm,UZ,,,,Estonia,91.0,,3.35,No,No,Utility,1.0,No,Yes,No,8.0,,,Yes,Yes,Yes,Yes,Yes,No,Yes
0,VENDEX,VEND,,,,Nigeria,15.0,13.0,2.9,Yes,Yes,Utility,0.1,Yes,Yes,Yes,9.0,120000000.0,0.6,Yes,Yes,Yes,Yes,Yes,Yes,Yes
0,VerifyUnion,UCN,,,,Singapore,61.0,15.0,2.9,Yes,Yes,Utility,2.999,No,No,No,13.0,,0.3,Yes,Yes,Yes,Yes,Yes,No,Yes
0,VeriME,VME,,,,Singapore,30.0,51.0,4.2,Yes,Yes,Utility,0.132,No,No,No,18.0,300000000.0,0.3,No,Yes,Yes,No,Yes,No,Yes
0,VIBELAND,VBLD,,,,USA,92.0,192.0,2.9,No,No,Utility,0.1,No,Yes,No,16.5,1000000000.0,0.1,No,No,Yes,Yes,Yes,Yes,Yes
0,Vidion,VIDI,,,,Russia,30.0,30.0,2.9,Yes,Yes,Utility,0.05,No,No,No,8.0,130000000.0,0.65,Yes,Yes,Yes,Yes,Yes,No,Yes
0,Vion,VION,,,,USA,31.0,,2.9,Yes,Yes,Utility,0.1,Yes,Yes,Yes,15.0,,,Yes,Yes,Yes,Yes,Yes,No,Yes
0,Votes,VOTES,,,,Russia,31.0,31.0,2.9,Yes,Yes,Utility,0.1,No,No,No,4.0,20000000.0,,No,Yes,Yes,Yes,Yes,No,Yes
0,VR Park,VR,,,,UK,237.0,47.0,2.9,Yes,Yes,Utility,1.0,No,Yes,No,13.0,3900000.0,,Yes,Yes,Yes,Yes,Yes,No,Yes
0,WaBi,WaBi,,,,Russia,3.0,35.0,3.6,Yes,Yes,Utility,0.25,No,No,No,12.0,46000000.0,,No,Yes,Yes,Yes,Yes,No,Yes
0,Wall Street Coin,WSC,,,,United Arab Emirates,56.0,28.0,3.2,Yes,Yes,Utility,0.9,No,No,Yes,9.0,70000000.0,0.75,Yes,Yes,Yes,Yes,Yes,No,Yes
0,WallChain,WALL,,,,UK,20.0,29.0,2.9,Yes,Yes,Utility,1.0,No,Yes,No,8.0,9000000.0,0.6,Yes,Yes,Yes,Yes,Yes,Yes,Yes
0,WAWLLET,WIN,,,,Cyprus,60.0,,2.9,Yes,Yes,Utility,3.0,No,No,Yes,17.0,45000000.0,0.44,No,No,Yes,Yes,Yes,No,Yes
0,Webcasino,WEBC,,,,Curacao,122.0,182.0,2.9,Yes,Yes,Utility,0.1,No,No,Yes,10.0,112500000.0,0.75,No,No,Yes,Yes,No,No,Yes
0,WeBuy,WBY,,,,UK,68.0,,2.9,No,No,Utility,0.25,Yes,Yes,No,20.0,300000000.0,0.3,Yes,Yes,Yes,Yes,Yes,No,Yes
0,WeGold,WGD,,,,Singapore,534.0,,2.9,Yes,Yes,Utility,0.0352,Yes,Yes,No,13.0,3400000000.0,0.34,Yes,Yes,Yes,Yes,Yes,No,Yes
0,WinWinCoin,WWC,,,,Estonia,153.0,58.0,2.9,Yes,Yes,Utility,0.4785,No,No,No,8.5,60000000.0,0.3,Yes,Yes,Yes,Yes,Yes,No,Yes
0,WishFinance,WISH,,,,Singapore,31.0,11.0,2.9,Yes,Yes,Utility,1.0,No,No,No,4.0,10000000.0,,No,Yes,Yes,Yes,Yes,No,Yes
0,Xchainge,XCH,,,,Russia,25.0,,3.0,Yes,Yes,Utility,36.85,No,No,No,9.5,20000000.0,0.85,Yes,Yes,Yes,Yes,Yes,No,Yes
0,Xenia Lending Coin,XLT,,,,South Africa,59.0,,2.9,Yes,Yes,Utility,0.5315,Yes,No,Yes,17.5,50000000.0,0.25,Yes,Yes,Yes,Yes,Yes,No,Yes
0,XENT Chain,XNT,,,,Russia,49.0,31.0,2.9,No,No,Utility,,No,No,No,4.0,650000000.0,0.65,Yes,Yes,Yes,Yes,Yes,No,Yes
0,XENTAVO,XEN,,,,USA,90.0,30.0,2.9,Yes,Yes,Utility,0.058,No,Yes,No,5.0,385000000.0,0.55,No,Yes,Yes,Yes,Yes,No,Yes
0,Xunilair,XLR,,,,Taiwan,31.0,,2.9,Yes,Yes,Utility,0.0231,No,No,Yes,4.0,44000000000.0,,Yes,Yes,Yes,Yes,Yes,No,Yes
0,Yanubuks,XYUS,,,,UK,129.0,,2.9,Yes,Yes,Utility,0.25,Yes,Yes,No,7.0,96000000.0,0.4,Yes,Yes,Yes,Yes,Yes,No,Yes
0,YOKdata,YOKC,,,,Netherlands,244.0,,2.9,No,No,Utility,0.1707,No,No,Yes,7.0,15000000.0,0.5,Yes,Yes,Yes,Yes,Yes,No,Yes
0,ySign,YSN,,,,Malta,15.0,28.0,2.9,Yes,Yes,Utility,0.6684,No,No,Yes,11.5,80000000.0,0.77,Yes,Yes,Yes,Yes,Yes,No,Yes
0,Yunique,YQX,,,,Philippines,120.0,,2.9,Yes,Yes,Utility,,No,Yes,No,6.0,,0.6207,Yes,Yes,Yes,Yes,Yes,Yes,Yes
0,ZABERcoin,ZAB,,,,South Africa,46.0,15.0,3.1,Yes,Yes,Utility,30.53,No,No,No,7.0,,0.8,Yes,Yes,Yes,Yes,Yes,Yes,Yes
0,Zamanat,Zamanat Token,,,,USA,45.0,33.0,2.9,Yes,Yes,Utility,0.37,No,No,No,7.0,13650000.0,0.64,Yes,Yes,Yes,Yes,Yes,No,Yes
0,Zap Store,ZAP,,,,USA,30.0,11.0,3.1,Yes,Yes,Utility,0.1839,No,No,No,12.0,,,No,Yes,Yes,Yes,Yes,Yes,Yes
0,ZooomEx,ZXE,,,,Russia,12.0,7.0,4.2,Yes,Yes,Utility,0.03,No,No,Yes,2.0,50000000.0,0.5,Yes,Yes,Yes,Yes,Yes,No,Yes
0,1KCoin,1KCoin,,,,Spain,60.0,,2.8,No,No,Utility,3.0,No,No,No,6.5,11000000.0,,No,No,Yes,Yes,Yes,No,Yes
0,27v,27v,,,,USA,90.0,,2.8,No,No,Utility,1.0,No,Yes,No,9.0,,,No,Yes,Yes,Yes,Yes,No,Yes
0,ABBC,,,,,Unknown,109.0,,2.8,No,No,missingData,1.25,Yes,Yes,No,,,,missingData,missingData,No,Yes,missingData,No,missingData
0,Academia Lingu,LIN,,,,Turkey,91.0,91.0,2.8,Yes,Yes,Utility,3.4965,No,No,No,8.0,4800000000.0,0.435,No,Yes,Yes,Yes,Yes,No,Yes
0,Access Network,ACX,,,,USA,,,2.8,Yes,Yes,Utility,0.025,Yes,Yes,Yes,25.0,1620000000.0,0.27,Yes,Yes,Yes,Yes,Yes,No,missingData
0,aeternity,AE,,,,Bulgaria,21.0,,3.7,Yes,Yes,Utility,0.284,No,No,No,10.0,,,No,No,Yes,Yes,Yes,Yes,Yes
0,AI Opinion,AIOP,,,,Estonia,61.0,,2.8,Yes,Yes,Utility,0.04,Yes,Yes,No,20.0,500000000.0,0.5,Yes,Yes,Yes,Yes,Yes,No,Yes
0,AlienCloud,ALS,,,,Russia,1.0,,2.9,Yes,Yes,Utility,0.12,No,No,No,9.0,5000000.0,0.1,No,Yes,Yes,Yes,Yes,No,Yes
0,altumea,MEA,,,,Estonia,10.0,49.0,2.8,Yes,Yes,Utility,0.6895,No,No,No,7.0,30000000.0,0.6,Yes,Yes,Yes,Yes,Yes,No,Yes
0,Anti Derivative,ADVT,,,,Seychelles,30.0,30.0,2.8,Yes,Yes,Utility,0.01,No,No,No,18.0,50000000.0,0.5,Yes,Yes,Yes,Yes,Yes,Yes,Yes
0,Arcus,ARCUS,,,,Russia,120.0,184.0,2.8,No,No,Utility,0.01,No,No,No,2.5,200000000.0,,Yes,Yes,Yes,Yes,Yes,Yes,Yes
0,Arker,ARKER,,,,Spain,50.0,,3.0,No,No,Utility,0.0187,No,No,No,11.0,3500000.0,0.35,Yes,No,Yes,Yes,Yes,Yes,Yes
0,ArmPack,ARM,,,,Russia,89.0,,2.8,Yes,Yes,Utility,0.034,No,No,No,11.0,930000000.0,0.93,Yes,No,Yes,Yes,Yes,No,Yes
0,ARRM,ARRM,,,,Belarus,32.0,4.0,2.8,Yes,Yes,Utility,0.08,No,No,No,21.0,75000000.0,0.75,Yes,Yes,Yes,Yes,Yes,No,Yes
0,Artis,ATS,,,,Austria,25.0,,2.85,Yes,Yes,Utility,0.0174,No,Yes,No,25.0,3000000000.0,0.5,Yes,Yes,Yes,Yes,Yes,Yes,Yes
0,AstorGame,ASTOR,,,,Argentina,90.0,13.0,3.0,Yes,Yes,Utility,1.0,No,No,No,5.0,,0.6,No,No,Yes,Yes,Yes,No,Yes
0,Atrix,ATRIX,,,,Slovenia,25.0,10.0,2.8,Yes,Yes,Utility,2.0,No,No,No,9.5,15000000.0,0.333,No,No,Yes,Yes,Yes,No,Yes
0,Aunite,AUNIT,,,,Russia,118.0,52.0,2.8,Yes,Yes,Utility,0.1,No,No,No,10.0,60187847.0,0.7,No,No,Yes,Yes,Yes,No,Yes
0,Axtrust,TRU,,,,Russia,30.0,,2.6,Yes,Yes,Utility,0.74,Yes,No,No,6.0,400000000.0,0.5,Yes,Yes,Yes,Yes,Yes,No,Yes
0,BaaSid,BAS Token,,,,Japan,46.0,,2.8,Yes,Yes,Utility,0.0037,Yes,Yes,No,36.0,3500000000.0,0.35,Yes,Yes,Yes,Yes,No,No,Yes
0,BactoAlarm,BTN,,,,Switzerland,9.0,,2.9,Yes,Yes,Utility,25.52,No,No,No,9.0,,,No,No,Yes,Yes,Yes,Yes,No
0,Balehu Bucks,BUX,,,,USA,58.0,30.0,3.0,Yes,Yes,Utility,156.0,No,No,No,13.0,200000000.0,,Yes,Yes,Yes,Yes,Yes,Yes,No
0,Bancor,BNT,,,,Israel,0.0,,2.9,Yes,Yes,Utility,3.92,No,No,No,5.0,,,No,No,Yes,Yes,Yes,No,Yes
0,Bancryp,XBANK,,,,Brazil,180.0,,3.1,Yes,Yes,Utility,0.24,No,No,Yes,12.5,195000000.0,0.65,No,Yes,Yes,Yes,Yes,No,Yes
0,Bank Of Memories,BMC Token,,,,Russia,193.0,14.0,2.65,Yes,Yes,Utility,0.15,No,No,No,4.0,,0.45,No,No,Yes,Yes,Yes,Yes,Yes
0,BARIN,Barbarossa Invest Token /BIT,,,,Belarus,165.0,,2.2,Yes,Yes,Utility,10.0,No,No,No,4.0,25000000.0,0.5,Yes,Yes,Yes,Yes,Yes,No,Yes
0,BARTVault,ARISTON,,,,USA,46.0,30.0,2.8,Yes,Yes,Utility,0.0216,No,No,No,24.0,245000000.0,,Yes,Yes,Yes,Yes,Yes,Yes,missingData
0,BCharity - International Charity Exchange,CHAR,,,,UK,29.0,29.0,3.7,Yes,Yes,Utility,1.0,No,Yes,Yes,12.0,80000000.0,0.8,Yes,Yes,Yes,Yes,Yes,Yes,Yes
0,Bdaq,Bdaq,,,,Switzerland,30.0,57.0,2.8,Yes,Yes,Utility,0.0462,Yes,No,No,14.5,600000000.0,0.6,Yes,Yes,Yes,Yes,Yes,No,Yes
0,Beluga Pay,BBI,,,,Mexico,31.0,29.0,3.0,Yes,Yes,Utility,0.41,No,No,Yes,12.0,100000000.0,,No,Yes,Yes,Yes,Yes,No,Yes
0,BeOne,B1,,,,Russia,30.0,,2.8,No,No,Utility,0.5,No,No,No,5.0,9000000.0,0.9,No,Yes,Yes,Yes,Yes,No,Yes
0,BestMeta,BMT Token,,,,UK,130.0,21.0,2.8,Yes,Yes,Utility,0.21,No,No,No,19.0,40000000.0,0.4,Yes,Yes,Yes,Yes,Yes,No,No
0,Bether,BHR,,,,Portugal,183.0,29.0,2.9,Yes,Yes,Utility,,No,No,No,5.0,800000000.0,0.8,No,No,Yes,Yes,Yes,No,Yes
0,Bibox,BIX,,,,USA,30.0,,2.5,Yes,Yes,Utility,0.1687,No,No,No,7.0,,0.55,No,Yes,Yes,Yes,Yes,Yes,Yes
0,Biohal,PONX,,,,Malta,380.0,,2.8,Yes,Yes,Utility,0.1,Yes,No,Yes,5.0,,0.265,Yes,Yes,Yes,Yes,Yes,No,missingData
0,Bioritmai,RITM,,,,Belarus,14.0,,2.8,Yes,Yes,Utility,1.0,No,No,No,9.0,,,No,No,Yes,Yes,Yes,Yes,Yes
0,BitCAD,BCD Token,,,,USA,30.0,,2.8,Yes,Yes,Utility,2.0,No,No,No,6.0,51000000.0,0.51,No,No,Yes,Yes,Yes,Yes,Yes
0,Bitcoin Oil,BTCO,,,,Switzerland,30.0,,2.8,No,No,Utility,1.0,Yes,Yes,No,21.0,3000000000.0,0.24,No,Yes,Yes,Yes,Yes,Yes,Yes
0,Bitcomo,BM,,,,Singapore,77.0,,3.1,No,No,Utility,0.3,No,No,No,15.5,122400000.0,0.72,No,No,Yes,Yes,Yes,Yes,Yes
0,BITFINEX,LEO,,,,Taiwan,8.0,,3.8,No,No,Utility,1.0,No,No,No,6.0,1000000000.0,1.0,No,No,Yes,Yes,Yes,No,Yes
0,Bitplus Network,BPNT,,,,USA,62.0,,2.8,Yes,Yes,Utility,0.2,No,No,No,8.5,,,No,No,Yes,Yes,Yes,Yes,Yes
0,Bitproperty,BTP,,,,Japan,31.0,,2.8,Yes,Yes,Utility,0.0033,No,No,No,8.0,,0.345,Yes,Yes,Yes,Yes,Yes,Yes,missingData
0,BitSoft Bay,BSTX,,,,Romania,57.0,21.0,2.8,Yes,Yes,Utility,2.749,No,No,No,7.0,5325000.0,0.98,No,No,Yes,Yes,Yes,No,missingData
0,BITTECH,BTECH,,,,Cyprus,91.0,61.0,2.8,Yes,Yes,Utility,1.0,No,No,Yes,11.0,,0.6,No,Yes,Yes,Yes,Yes,No,Yes
0,BLABBER,BLA,,,,Monaco,38.0,30.0,3.9,No,No,Utility,0.002,No,No,No,9.0,77500000.0,0.0775,No,No,Yes,Yes,Yes,Yes,Yes
0,Block Broker,BKBK,,,,Australia,70.0,,2.8,Yes,Yes,Utility,0.06,Yes,Yes,No,14.0,150000000.0,0.2,Yes,Yes,Yes,Yes,Yes,Yes,Yes
0,BlockAIp,BAIP,,,,Unknown,34.0,50.0,2.8,Yes,Yes,Utility,0.06,No,No,No,11.0,700000000.0,0.7,Yes,Yes,Yes,Yes,Yes,No,missingData
0,BlockBank,BBRT,,,,UK,93.0,30.0,3.3,Yes,Yes,Utility,0.6,No,No,No,13.5,500000000.0,0.749,No,Yes,Yes,Yes,Yes,No,Yes
0,Blockbid,BID,,,,Australia,29.0,,3.0,Yes,Yes,Utility,1.2257,No,No,No,9.0,30000000.0,0.8,Yes,Yes,Yes,Yes,Yes,Yes,Yes
0,Blocktix,TIX,,,,Netherlands,18.0,,2.8,Yes,Yes,Utility,0.24,No,No,No,5.0,40000000.0,0.64,Yes,Yes,Yes,Yes,Yes,Yes,missingData
0,Boliecoin,BOLIE,,,,USA,165.0,,2.8,No,No,Utility,0.1,No,No,No,5.0,90000000.0,0.3,Yes,Yes,Yes,Yes,Yes,No,Yes
0,Bow,BT,,,,France,61.0,31.0,2.8,Yes,Yes,Utility,0.3,Yes,Yes,No,11.0,25000000.0,0.7,Yes,Yes,Yes,Yes,Yes,Yes,Yes
0,Bpay,BUY,,,,Estonia,29.0,6.0,2.8,Yes,Yes,Utility,0.08,No,Yes,Yes,6.0,,0.6,No,No,Yes,Yes,Yes,No,Yes
0,Bravocoin,BRV,,,,USA,244.0,16.0,2.2,Yes,Yes,Utility,0.145,No,No,No,8.0,600000000.0,0.6,Yes,Yes,Yes,Yes,Yes,No,Yes
0,BrumH,BRH,,,,South Africa,39.0,,2.8,No,No,Utility,0.2763,No,No,Yes,4.5,2000000000.0,0.2,Yes,Yes,Yes,Yes,Yes,No,Yes
0,Buron,BURC,,,,Hong Kong,365.0,,2.8,Yes,Yes,Utility,145.3276,No,No,No,9.0,59400000.0,0.72,Yes,Yes,Yes,Yes,Yes,Yes,Yes
0,CamOnRoad,CAM,,,,Russia,29.0,,2.8,Yes,Yes,Utility,0.3803,No,No,No,9.5,,,Yes,No,Yes,Yes,Yes,Yes,Yes
0,CareParrot,CPX,,,,USA,100.0,,3.85,Yes,Yes,Utility,0.2,Yes,Yes,Yes,14.0,275000000.0,0.73,Yes,Yes,Yes,Yes,Yes,Yes,Yes
0,CazPlus,CAZPLUS,,,,Singapore,40.0,,3.6,Yes,Yes,Utility,0.002,No,Yes,Yes,9.5,4000000000.0,0.4,Yes,Yes,Yes,Yes,Yes,Yes,Yes
0,CellBlocks,CLBK,,,,Cayman Islands,70.0,,2.8,Yes,Yes,Utility,0.05,Yes,Yes,Yes,7.0,187500000.0,0.75,Yes,Yes,Yes,Yes,Yes,No,Yes
0,CitiOS,R2R,,,,Samoa,9.0,,2.8,Yes,Yes,Utility,0.4,No,Yes,Yes,7.0,,0.5,Yes,Yes,Yes,Yes,Yes,No,Yes
0,Citowise,CTW,,,,Estonia,61.0,30.0,3.1,Yes,Yes,Utility,0.0538,Yes,Yes,Yes,18.0,245000000.0,0.7,Yes,Yes,Yes,Yes,Yes,Yes,Yes
0,Clairety Inc.,RELY,,,,USA,32.0,,2.8,Yes,Yes,Utility,0.5,No,No,Yes,8.0,26520000.0,0.78,Yes,Yes,Yes,Yes,Yes,No,Yes
0,coinadvisor,CADV,,,,Switzerland,154.0,78.0,2.8,Yes,Yes,Utility,0.4577,No,Yes,No,8.5,18000000.0,0.72,Yes,Yes,Yes,Yes,Yes,Yes,missingData
0,Cointradebase,CTB,,,,Nigeria,168.0,,2.8,Yes,Yes,Utility,0.2,No,No,Yes,3.5,70000000.0,0.35,No,Yes,Yes,Yes,Yes,No,Yes
0,ContractLand,CLC,,,,Canada,30.0,,2.8,Yes,Yes,Utility,,No,No,No,5.0,400000000.0,0.4,No,No,Yes,Yes,Yes,Yes,Yes
0,ContractNet,CNET,,,,Hong Kong,10.0,,2.8,No,No,Utility,0.536,No,Yes,No,10.0,,0.92,Yes,Yes,Yes,Yes,Yes,Yes,Yes
0,ContractVault,VLT Token,,,,Switzerland,47.0,58.0,2.3,Yes,Yes,Utility,0.103,No,Yes,Yes,11.0,450000000.0,0.5,Yes,Yes,Yes,Yes,Yes,No,Yes
0,Crypto Credit Card,CCCR,,,,UK,178.0,,2.8,Yes,Yes,Utility,2.0,No,No,No,15.0,,0.55,Yes,No,Yes,Yes,Yes,Yes,Yes
0,Crypto Hunt Game,CH,,,,Croatia,61.0,0.0,2.9,Yes,Yes,Utility,0.05,Yes,Yes,Yes,14.5,300000000.0,0.6,Yes,Yes,Yes,Yes,Yes,Yes,Yes
0,CryptoWarsOU,CWT Token,,,,Estonia,77.0,19.0,3.15,Yes,Yes,Utility,0.045,No,Yes,No,7.5,2000000000.0,0.18,Yes,Yes,Yes,Yes,Yes,No,Yes
0,CTR,XCTR,,,,UK,91.0,58.0,2.8,Yes,Yes,Utility,0.5687,Yes,Yes,No,5.0,30000000.0,0.6,Yes,Yes,Yes,Yes,Yes,No,Yes
0,CVProof,INK Token,,,,Estonia,29.0,,2.8,Yes,Yes,Utility,0.12,No,Yes,No,12.0,400000000.0,0.4,Yes,Yes,Yes,Yes,Yes,Yes,Yes
0,CyteCoin,CTC,,,,Hong Kong,76.0,39.0,2.8,Yes,Yes,Utility,0.1164,Yes,Yes,No,13.5,300000000.0,0.3,Yes,Yes,Yes,Yes,Yes,No,Yes
0,Dashlite,DSL,,,,Switzerland,65.0,,2.8,Yes,Yes,Utility,1.0,No,No,No,7.0,2100000.0,0.1,No,No,Yes,Yes,Yes,Yes,Yes
0,Datbit,DBT,,,,Unknown,30.0,,2.8,Yes,Yes,Utility,0.01,No,No,No,4.0,600000000.0,0.6,Yes,Yes,Yes,Yes,Yes,Yes,Yes
0,Demblock,Dbto1,,,,Cayman Islands,130.0,,2.8,Yes,Yes,Utility,0.9571,Yes,Yes,No,3.0,7700000.0,0.77,No,Yes,Yes,Yes,Yes,Yes,Yes
0,Digipharm,DPH,,,,Switzerland,7.0,,3.35,Yes,Yes,Utility,1.0,Yes,Yes,Yes,26.5,65000000.0,0.65,No,No,Yes,Yes,Yes,No,Yes
0,Digital Media Funding,DMF,,,,Mauritius,44.0,24.0,2.8,Yes,Yes,Utility,0.15,No,No,Yes,7.0,150000000.0,0.5,No,No,Yes,Yes,Yes,Yes,Yes
0,Digmus,DGM,,,,Russia,30.0,7.0,2.9,Yes,Yes,Utility,4.427,No,No,No,6.0,7000000.0,0.7,Yes,Yes,Yes,Yes,No,No,Yes
0,DirectHome,DIREC,,,,Singapore,123.0,30.0,2.8,Yes,Yes,Utility,1.0,Yes,Yes,Yes,0.0,50000000.0,0.5,Yes,Yes,Yes,Yes,Yes,Yes,Yes
0,Doc Coin,DOC,,,,Russia,30.0,8.0,2.8,Yes,Yes,Utility,1.37,No,No,No,7.0,200000000.0,0.7,No,No,Yes,Yes,Yes,Yes,Yes
0,Double Land,DLC Token,,,,Seychelles,77.0,,2.8,Yes,Yes,Utility,0.055,No,No,No,9.5,580000000.0,0.58,Yes,Yes,Yes,Yes,Yes,No,Yes
0,DPLAY.GG,DPX,,,,Romania,80.0,,1.8,Yes,Yes,Utility,0.09,Yes,No,No,9.5,20800000.0,0.52,Yes,Yes,Yes,Yes,Yes,No,Yes
0,Drone Payo,DNP,,,,USA,90.0,91.0,3.0,Yes,Yes,Utility,0.08,No,Yes,No,10.5,,0.65,Yes,Yes,Yes,Yes,Yes,No,Yes
0,Dubai Token,Dubai Token/DXB,,,,United Arab Emirates,122.0,31.0,2.8,Yes,Yes,Utility,0.02,No,Yes,No,8.0,450000000.0,0.45,Yes,Yes,Yes,Yes,Yes,No,Yes
0,DUCATUR,DUCAT,,,,Estonia,29.0,29.0,3.6,Yes,Yes,Utility,0.0022,Yes,Yes,Yes,8.0,3990000000.0,0.57,Yes,Yes,Yes,Yes,Yes,Yes,Yes
0,Ecoingot,EGT,,,,Malta,166.0,,2.8,Yes,Yes,Utility,0.01,Yes,Yes,No,14.0,7000000000.0,0.857,Yes,Yes,Yes,Yes,Yes,No,Yes
0,Engagement Token,EGT,,,,USA,61.0,75.0,2.8,Yes,Yes,Utility,113.0,Yes,No,No,9.5,400000000.0,,No,Yes,Yes,Yes,Yes,No,Yes
0,EnGameChain,EGC,,,,Singapore,60.0,0.0,2.7,Yes,Yes,Utility,0.35,Yes,Yes,No,5.5,40000000000.0,,Yes,Yes,Yes,Yes,No,No,Yes
0,Enjoy Life,ENJL,,,,Ukraine,45.0,14.0,2.9,Yes,Yes,Utility,0.5,No,No,No,13.5,10000000.0,,No,Yes,Yes,Yes,Yes,Yes,Yes
0,EQUI,EQUItoken,,,,UK,107.0,14.0,2.7,Yes,Yes,Utility,0.5,Yes,Yes,Yes,16.0,162500000.0,0.65,No,No,Yes,Yes,Yes,No,Yes
0,Estatecoin.fund,EST,,,,Unknown,30.0,,2.8,Yes,Yes,Utility,1.1231,No,No,No,21.0,9800000.0,0.7,Yes,Yes,Yes,Yes,Yes,No,Yes
0,Etcetera,ERA,,,,Belgium,42.0,,2.9,Yes,Yes,Utility,1.0,No,No,No,4.0,,0.98,No,No,Yes,Yes,Yes,No,Yes
0,Etherarctoken,ETT  Etherarctoken,,,,Malaysia,37.0,59.0,2.8,Yes,Yes,Utility,0.0898,No,Yes,No,4.0,5000000.0,0.1,No,No,Yes,Yes,Yes,No,Yes
0,EtherCom,ECT,,,,Russia,63.0,,2.8,Yes,Yes,Utility,2.66,No,No,No,10.0,65000000.0,0.6,No,Yes,Yes,Yes,Yes,Yes,Yes
0,EtherSpin,SPIN,,,,Switzerland,30.0,,2.8,Yes,Yes,Utility,1.2874,No,No,Yes,4.0,10000000.0,,Yes,Yes,Yes,Yes,Yes,Yes,missingData
0,EWA,EWA,,,,Russia,22.0,,2.8,Yes,Yes,Utility,0.0441,No,No,No,9.0,190000000.0,0.95,No,No,Yes,Yes,Yes,No,Yes
0,Exenium,XNT,,,,Cyprus,60.0,,3.2,Yes,Yes,Utility,25.5095,No,Yes,No,5.5,,,No,Yes,Yes,Yes,Yes,No,Yes
0,ExploreCoin,XPC,,,,Hong Kong,1.0,5.0,2.8,Yes,Yes,Utility,0.1,No,No,No,16.0,80000000.0,0.4,Yes,No,Yes,Yes,Yes,Yes,missingData
0,Explorio,XPL,,,,Gibraltar,45.0,,2.9,Yes,Yes,Utility,,No,Yes,No,13.0,,0.5,Yes,No,Yes,Yes,Yes,No,Yes
0,FILLIT,FILL,,,,Bulgaria,60.0,33.0,2.8,Yes,Yes,Utility,0.0928,No,No,No,13.0,204000000.0,0.68,Yes,Yes,Yes,Yes,Yes,No,missingData
0,Filotech,FILO,,,,Singapore,60.0,30.0,2.8,Yes,Yes,Utility,0.05,Yes,No,No,5.0,550000000.0,0.55,Yes,Yes,Yes,Yes,Yes,Yes,Yes
0,FinShi Capital,FINS,,,,Singapore,30.0,,2.8,Yes,Yes,Utility,1.0,No,No,No,4.0,,,Yes,Yes,Yes,Yes,Yes,Yes,Yes
0,FinTab,FNTB,,,,Cyprus,51.0,31.0,2.8,Yes,Yes,Utility,0.4,No,No,No,14.0,12000000.0,0.727,Yes,Yes,Yes,Yes,Yes,No,Yes
0,Flyp.me,FYP,,,,Luxembourg,23.0,,2.8,Yes,Yes,Utility,0.07,No,No,No,1.0,,,Yes,No,Yes,Yes,Yes,Yes,Yes
0,Fractal Token CrowdSale,FTO Token,,,,Italy,91.0,70.0,2.8,Yes,Yes,Utility,0.0675,No,No,Yes,4.0,500000000.0,0.769,Yes,Yes,Yes,Yes,Yes,Yes,Yes
0,FutureWorks Token,FTW,,,,USA,20.0,,2.9,Yes,Yes,Utility,0.0094,Yes,Yes,No,1.0,420000000.0,0.42,Yes,Yes,Yes,Yes,Yes,Yes,Yes
0,Gameloot,LOOT,,,,USA,30.0,,2.8,Yes,Yes,Utility,0.07,No,No,No,17.0,520000000.0,0.693,No,Yes,Yes,Yes,Yes,No,Yes
0,GeoFunders,GUNS,,,,USA,30.0,,2.6,Yes,Yes,Utility,0.2036,No,No,No,7.0,65000000.0,0.65,No,Yes,Yes,Yes,Yes,No,No
0,Giga Watt,WTT,,,,USA,59.0,,3.3,Yes,Yes,Utility,1.2,No,No,No,15.0,30000000.0,,No,Yes,Yes,Yes,Yes,No,No
0,GraphGrail AI,GAI,,,,British Virgin Islands,95.0,,2.75,Yes,Yes,Utility,0.1,Yes,Yes,Yes,6.0,100000000.0,0.5,Yes,Yes,Yes,Yes,Yes,No,Yes
0,GRE8,GRE8,,,,Australia,58.0,,2.8,Yes,Yes,Utility,0.38,No,Yes,No,6.0,728622221.0,0.8197,No,Yes,Yes,Yes,Yes,No,Yes
0,Gturbo,GTR,,,,Russia,30.0,14.0,2.7,Yes,Yes,Utility,0.05,Yes,Yes,No,4.5,416000000.0,0.92,Yes,Yes,Yes,Yes,Yes,Yes,Yes
0,H2SOL,H2PWR,,,,Czech Republic,30.0,,3.0,Yes,Yes,Utility,10.0,Yes,Yes,No,9.5,2000000.0,,No,Yes,Yes,Yes,Yes,No,Yes
0,HELIXHILLS,HILL,,,,Estonia,298.0,114.0,2.3,Yes,Yes,Utility,0.1021,No,No,Yes,0.0,65000000.0,0.65,Yes,Yes,Yes,Yes,Yes,Yes,Yes
0,Heluss,HUT,,,,Canada,91.0,,2.8,Yes,Yes,Utility,0.05,No,Yes,Yes,10.0,295000000.0,0.49,Yes,Yes,Yes,Yes,Yes,Yes,Yes
0,HeroesJourney,HJC,,,,USA,61.0,28.0,2.8,Yes,Yes,Utility,0.5171,No,Yes,No,12.0,50000000.0,0.5,No,No,Yes,Yes,Yes,Yes,Yes
0,HI-TEK,HIC,,,,USA,121.0,,2.8,No,No,Utility,0.1,No,Yes,No,18.0,800000000.0,0.08,Yes,Yes,Yes,Yes,Yes,Yes,missingData
0,HighSeek,HISK,,,,Russia,31.0,,2.8,No,No,Utility,1.0,No,No,No,9.0,11430800.0,0.68,Yes,Yes,Yes,Yes,Yes,No,Yes
0,Hinto,HNT token,,,,UK,14.0,,2.85,Yes,Yes,Utility,0.5,No,Yes,No,6.0,1000000.0,0.9,No,No,Yes,Yes,Yes,No,missingData
0,HomeToken,HOME,,,,Malaysia,30.0,,2.7,No,No,Utility,1.0,No,No,No,8.5,65000000.0,0.65,No,Yes,Yes,Yes,Yes,No,No
0,Homni,HOMNI,,,,Hong Kong,30.0,,3.5,Yes,Yes,Utility,0.25,No,No,No,7.5,60000000.0,0.5,Yes,Yes,Yes,Yes,No,Yes,Yes
0,HOSTCOIN,HOSTC,,,,USA,31.0,,2.8,No,No,Utility,1.0,No,No,Yes,6.0,55000000.0,0.55,No,No,Yes,Yes,Yes,No,Yes
0,HoToKeN,HTKN,,,,Thailand,58.0,45.0,3.6,No,No,Utility,0.1,No,No,No,19.0,3000000000.0,0.3,Yes,Yes,Yes,Yes,Yes,Yes,No
0,HouseCoin,HSC,,,,UK,90.0,,2.8,Yes,Yes,Utility,0.0957,No,Yes,No,6.0,30000000.0,0.3,Yes,Yes,Yes,Yes,Yes,Yes,Yes
0,ICloudSec,CLOUD,,,,India,88.0,,2.8,Yes,Yes,Utility,0.053,No,No,No,9.0,40000000000.0,0.8,No,Yes,Yes,Yes,Yes,Yes,Yes
0,iCod Identity,iCod,,,,Cyprus,52.0,30.0,2.8,Yes,Yes,Utility,0.001,Yes,Yes,No,3.0,450000000.0,0.45,No,No,Yes,Yes,Yes,Yes,Yes
0,IIOTTEL,I2,,,,Slovenia,61.0,28.0,2.8,Yes,Yes,Utility,0.1,No,No,No,8.5,437000000.0,0.874,Yes,Yes,Yes,Yes,Yes,No,Yes
0,Intelligent Trading Foundation,ITT,,,,Czech Republic,30.0,,2.8,Yes,Yes,Utility,0.3594,No,No,No,6.0,,,Yes,Yes,Yes,Yes,Yes,Yes,missingData
0,iOlite,iLT,,,,Estonia,19.0,21.0,3.1,No,No,Utility,0.0221,Yes,Yes,Yes,18.0,650000000.0,0.65,Yes,Yes,Yes,Yes,Yes,No,Yes
0,IP Sharing Exchange,IPSX,,,,Switzerland,5.0,,3.0,Yes,Yes,Utility,0.0123,Yes,Yes,No,11.0,,,No,No,Yes,Yes,Yes,No,Yes
0,iProtocol Network,IPN,,,,Ireland,74.0,,2.8,Yes,Yes,Utility,,No,Yes,No,10.0,1600000000.0,0.4,No,Yes,Yes,Yes,Yes,Yes,Yes
0,IPS,IPS,,,,Canada,183.0,,2.8,Yes,Yes,Utility,0.5,No,No,No,3.0,50000000.0,0.6,Yes,Yes,Yes,Yes,Yes,Yes,Yes
0,JCASH,JCASH,,,,Singapore,122.0,,2.8,Yes,Yes,Utility,0.2,Yes,Yes,No,24.0,224000000.0,0.112,Yes,Yes,Yes,Yes,Yes,No,Yes
0,Jupiter Project,JPI,,,,Japan,36.0,,2.8,Yes,Yes,Utility,0.014,No,Yes,No,10.0,35000000000.0,0.5,No,Yes,Yes,Yes,Yes,Yes,Yes
0,Just Dating Site,JDC,,,,Lithuania,46.0,,2.9,No,No,Utility,4.367,No,No,No,4.0,700000.0,,Yes,Yes,Yes,Yes,Yes,No,No
0,K.im,KIM,,,,Unknown,35.0,,3.1,No,No,Utility,0.04,No,Yes,No,11.0,200000000.0,0.2,Yes,Yes,Yes,Yes,Yes,Yes,Yes
0,Katalyse,KAT,,,,Singapore,48.0,,2.8,Yes,Yes,Utility,2.0133,No,No,No,11.0,12500000.0,,No,Yes,Yes,Yes,Yes,No,Yes
0,Kauri,KAU,,,,Marshall Islands,91.0,324.0,3.0,Yes,Yes,Utility,1.5,No,No,No,3.0,17000000.0,0.17,Yes,Yes,Yes,Yes,Yes,No,Yes
0,KAVA,KAVA,,,,Unknown,1.0,,3.3,No,No,Utility,0.46,No,No,No,12.0,6521739.0,0.0652,No,Yes,Yes,Yes,Yes,Yes,Yes
0,Keypasco,KEYO,,,,Sweden,122.0,,2.8,Yes,Yes,Utility,0.05,Yes,Yes,No,3.5,900000000.0,0.45,Yes,Yes,Yes,Yes,Yes,No,Yes
0,Krypteum,KTM,,,,South Africa,46.0,,2.8,Yes,Yes,Utility,112.0,No,Yes,No,7.0,400000.0,0.6,Yes,Yes,Yes,Yes,Yes,Yes,missingData
0,Kynson,KYN,,,,Hong Kong,62.0,,2.8,Yes,Yes,Utility,0.025,No,Yes,No,8.0,320000000.0,0.4,Yes,Yes,Yes,Yes,Yes,No,Yes
0,LanceChain,LANC,,,,Bulgaria,30.0,,3.2,Yes,Yes,Utility,0.1215,Yes,No,Yes,0.0,48400000.0,0.5,Yes,Yes,Yes,Yes,Yes,Yes,Yes
0,Legolas Exchange,LGO,,,,France,14.0,,3.0,Yes,Yes,Utility,0.3325,No,No,No,9.0,,0.6,No,Yes,Yes,Yes,Yes,Yes,Yes
0,Lendroid,LST,,,,Singapore,11.0,,2.6,Yes,Yes,Utility,0.017,Yes,No,Yes,8.0,240000000.0,0.02,No,Yes,Yes,Yes,Yes,Yes,Yes
0,Life Change,CCLC,,,,USA,60.0,,2.8,No,No,Utility,0.09,No,No,No,7.5,375000000.0,,No,No,Yes,Yes,Yes,Yes,missingData
0,Liquid Bonus Loyalty ICO,LiBO,,,,Russia,72.0,,2.8,Yes,Yes,Utility,0.0434,No,No,No,8.5,,,No,No,Yes,Yes,Yes,No,Yes
0,Litebolt,LBT,,,,UK,143.0,,2.8,Yes,Yes,Utility,0.7,No,Yes,No,11.0,37800000.0,0.4,No,No,Yes,Yes,Yes,No,Yes
0,Litra,LTA,,,,Switzerland,31.0,14.0,2.8,No,No,Utility,1.0,No,No,No,6.0,29999997.0,0.3,No,Yes,Yes,Yes,Yes,Yes,Yes
0,Live Show,LST,,,,Russia,50.0,,2.8,Yes,Yes,Utility,0.19,No,No,No,5.0,40000000.0,0.4,Yes,Yes,Yes,Yes,Yes,Yes,missingData
0,Loopex IEO,XLP,,,,Georgia,62.0,8.0,3.0,Yes,Yes,Utility,0.0065,No,No,No,0.0,4000000000.0,0.4,Yes,Yes,Yes,Yes,No,No,Yes
0,Loopring,LRC,,,,China,15.0,,3.2,Yes,Yes,Utility,0.06,No,No,No,3.0,14000000000000.0,,Yes,Yes,Yes,Yes,Yes,Yes,No
0,LOVE Token,LOVE,,,,India,29.0,14.0,2.2,Yes,Yes,Utility,0.404,No,Yes,No,0.0,500000.0,0.05,Yes,Yes,Yes,Yes,Yes,Yes,Yes
0,LSD,LSD,,,,Germany,108.0,,2.8,Yes,Yes,Utility,0.08,No,Yes,No,5.5,113680000.0,0.6,Yes,Yes,Yes,Yes,Yes,Yes,Yes
0,Madnetwork,MAD,,,,USA,32.0,,3.2,Yes,Yes,Utility,0.25,No,No,No,9.0,220000000.0,,Yes,Yes,Yes,Yes,Yes,No,Yes
0,Market Maker Technology,MMT token,,,,UK,45.0,44.0,2.8,Yes,Yes,Utility,0.9571,No,Yes,No,7.0,31250000.0,0.102,Yes,Yes,Yes,Yes,Yes,No,Yes
0,Masternode Invest,MS,,,,Switzerland,30.0,60.0,2.9,Yes,Yes,Utility,0.0238,No,Yes,Yes,13.5,,0.8,Yes,Yes,Yes,Yes,Yes,Yes,Yes
0,MBYS,MESH,,,,Estonia,41.0,31.0,3.0,Yes,Yes,Utility,0.2826,Yes,Yes,Yes,0.0,22950000.0,0.51,Yes,Yes,Yes,Yes,Yes,Yes,Yes
0,MCV-CAP,MCV,,,,Austria,282.0,61.0,2.8,Yes,Yes,Utility,0.4517,No,Yes,Yes,12.0,500000000.0,0.35,Yes,Yes,Yes,Yes,Yes,No,Yes
0,MedCash,MEDCASH,,,,Hong Kong,60.0,15.0,2.8,Yes,Yes,Utility,0.5,Yes,Yes,No,9.0,110000000.0,0.55,Yes,Yes,Yes,Yes,Yes,Yes,Yes
0,mHealthCoin,MHEC,,,,Hong Kong,199.0,,2.8,Yes,Yes,Utility,0.01,No,No,No,7.5,1300000000.0,0.32,Yes,Yes,Yes,Yes,Yes,Yes,Yes
0,MiMiner,MIT Token,,,,Singapore,31.0,58.0,2.8,Yes,Yes,Utility,2.0,No,Yes,Yes,7.0,20000000.0,0.87,Yes,Yes,Yes,Yes,Yes,No,Yes
0,MIR,MIR,,,,South Korea,48.0,,2.8,No,No,Utility,0.8,No,No,No,34.0,600000000.0,0.056,Yes,Yes,Yes,Yes,Yes,No,Yes
0,Monet,TENOM,,,,Switzerland,11.0,16.0,2.8,No,No,Utility,1.5603,Yes,Yes,Yes,9.0,4000000.0,0.4,No,Yes,Yes,Yes,Yes,Yes,Yes
0,MONETO,MTO,,,,Switzerland,30.0,30.0,2.8,Yes,Yes,Utility,0.5265,No,Yes,Yes,6.5,30031250.0,0.7,Yes,Yes,Yes,Yes,Yes,No,Yes
0,Monetorb,ORB,,,,Unknown,21.0,,2.85,Yes,Yes,Utility,0.2,No,No,No,3.0,,0.35,No,No,Yes,Yes,Yes,Yes,Yes
0,Money By Design,GTK,,,,France,152.0,91.0,2.7,Yes,Yes,Utility,0.0116,Yes,Yes,No,9.5,12000000000.0,0.7,No,Yes,Yes,Yes,Yes,No,Yes
0,Monster Bit,MB,,,,Russia,91.0,,2.8,Yes,Yes,Utility,0.4729,No,No,No,6.0,6000000.0,0.8,No,No,Yes,Yes,Yes,Yes,Yes
0,Montis,MONP,,,,Spain,365.0,,2.8,Yes,Yes,Utility,0.03,No,No,No,6.0,,,No,No,Yes,Yes,Yes,Yes,missingData
0,MultiChainExchange,MCE,,,,Germany,92.0,,2.3,Yes,Yes,Utility,0.0549,No,No,No,5.0,3500000000.0,0.7,Yes,Yes,Yes,Yes,Yes,No,Yes
0,Multiplycoin,MYC,,,,Nigeria,52.0,50.0,2.8,Yes,Yes,Utility,0.1,No,Yes,No,5.5,17400000.0,0.45,Yes,Yes,Yes,Yes,Yes,No,Yes
0,Myriads.IO,MRDS,,,,UK,60.0,,2.8,Yes,Yes,Utility,0.027,Yes,Yes,No,3.0,,,No,Yes,Yes,Yes,Yes,No,Yes
0,Mysterium,MYST,,,,USA,0.0,,2.9,Yes,Yes,Utility,0.885,No,No,No,5.5,,,No,No,Yes,Yes,Yes,Yes,Yes
0,NAU,NAU,,,,Russia,30.0,26.0,3.5,Yes,Yes,Utility,0.06,No,No,No,15.0,1000000000.0,,Yes,Yes,Yes,Yes,Yes,Yes,Yes
0,Nauticus,NTS,,,,Australia,60.0,12.0,4.4,Yes,Yes,Utility,0.0741,Yes,No,Yes,33.0,2000000000.0,0.8,Yes,Yes,Yes,Yes,Yes,Yes,Yes
0,ND Invest,NDC,,,,Cyprus,253.0,,2.8,Yes,Yes,Utility,0.9224,No,Yes,No,8.5,,0.62,Yes,Yes,Yes,Yes,Yes,No,Yes
0,Neurogress,NRG Token,,,,Switzerland,60.0,43.0,3.3,Yes,Yes,Utility,623.0,No,No,No,13.5,50000000.0,0.8,Yes,Yes,Yes,Yes,Yes,No,No
0,Nevix,NVX,,,,Indonesia,122.0,,2.8,No,No,Utility,0.0346,No,Yes,No,11.5,5500000000.0,0.55,No,No,Yes,Yes,Yes,No,missingData
0,Nova Blitz,NVT,,,,USA,30.0,,3.2,Yes,Yes,Utility,0.0014,No,No,No,8.0,75000000.0,0.75,No,No,Yes,Yes,Yes,No,Yes
0,Noxbox,NBX,,,,Belarus,28.0,,2.8,No,No,Utility,0.1,No,No,Yes,7.0,40000000.0,,Yes,Yes,Yes,Yes,Yes,Yes,Yes
0,Nuka Token,NKT,,,,USA,21.0,,2.8,Yes,Yes,Utility,0.0086,No,No,No,1.0,,,No,No,Yes,Yes,Yes,Yes,missingData
0,NYX,NYX,,,,Russia,21.0,14.0,2.8,Yes,Yes,Utility,0.55,No,No,No,5.0,,0.65,Yes,Yes,Yes,Yes,Yes,Yes,Yes
0,OfferZone,OFZ,,,,UK,77.0,,2.8,Yes,Yes,Utility,0.0923,No,Yes,No,8.0,130480000.0,0.4,Yes,Yes,Yes,Yes,Yes,Yes,Yes
0,onG.social,ONG,,,,USA,40.0,,2.7,Yes,Yes,Utility,1.0,No,No,No,7.0,,,No,No,Yes,Yes,Yes,No,missingData
0,Openartis,OART,,,,Poland,180.0,51.0,2.8,Yes,Yes,Utility,0.0096,No,No,No,3.0,1000000000.0,,Yes,Yes,Yes,Yes,Yes,No,Yes
0,Ophcrcoin,OPC Token,,,,UK,113.0,,2.8,Yes,Yes,Utility,0.2,Yes,Yes,No,7.5,451000000.0,0.82,Yes,Yes,Yes,Yes,Yes,No,Yes
0,OPN Platform,OPK,,,,Switzerland,91.0,,2.8,Yes,Yes,Utility,1.0,Yes,Yes,Yes,18.0,30000000.0,0.6,No,Yes,Yes,Yes,Yes,Yes,Yes
0,OSA Decentralized,OSA,,,,British Virgin Islands,41.0,43.0,4.15,Yes,Yes,Utility,0.0557,No,Yes,No,17.0,1028571428.0,0.22,No,Yes,Yes,No,No,No,Yes
0,PADOSCOIN,PADOS/PAD,,,,Indonesia,95.0,92.0,2.8,Yes,Yes,Utility,0.045,No,Yes,No,6.0,156000000.0,0.6,Yes,Yes,Yes,Yes,Yes,No,Yes
0,Pally,PAL,,,,UK,28.0,0.0,2.8,Yes,Yes,Utility,0.1,No,No,No,7.0,50000000.0,0.5,Yes,Yes,Yes,Yes,Yes,No,No
0,Panerora,PNR,,,,South Africa,90.0,,3.4,Yes,Yes,Utility,0.0015,No,No,No,4.0,90000000000.0,0.9,No,No,Yes,Yes,Yes,No,Yes
0,Patientory,PTOY,,,,USA,3.0,,2.8,Yes,Yes,Utility,104.0,No,No,No,6.0,100000000.0,,No,No,Yes,Yes,Yes,No,Yes
0,Paytailor,PTT,,,,Estonia,30.0,6.0,3.0,Yes,Yes,Utility,1.02,No,No,No,9.0,12000000.0,0.5,No,Yes,Yes,Yes,Yes,No,Yes
0,PerksCoin,PCT,,,,Canada,95.0,,3.5,Yes,Yes,Utility,0.73,No,No,No,14.0,80000000.0,0.8,No,No,Yes,Yes,Yes,No,Yes
0,Phenomenal Network,PN,,,,Singapore,20.0,,2.8,Yes,Yes,Utility,24.6397,No,Yes,No,9.0,450000000.0,0.5,No,Yes,Yes,Yes,Yes,No,Yes
0,Pig World,PICOs,,,,Taiwan,20.0,,2.8,Yes,Yes,Utility,0.02,No,No,Yes,3.0,200000000.0,0.5,No,No,Yes,Yes,Yes,Yes,Yes
0,Pillar,PLR,,,,UK,2.0,,2.85,Yes,Yes,Utility,0.097,No,No,No,16.0,,,No,No,Yes,Yes,Yes,Yes,Yes
0,Pindify,PDI,,,,Luxembourg,91.0,,3.6,Yes,Yes,Utility,1.175,No,No,No,14.0,200000000.0,,Yes,Yes,Yes,Yes,Yes,No,No
0,Platio Solar,Platio Coin,,,,Hungary,23.0,27.0,2.8,Yes,Yes,Utility,1.0,No,No,Yes,8.0,86400000.0,0.72,Yes,Yes,Yes,Yes,Yes,No,missingData
0,PlayBunk,BUNK,,,,Philippines,44.0,20.0,2.8,Yes,Yes,Utility,0.27,No,Yes,Yes,11.0,355200000.0,0.4,Yes,Yes,Yes,Yes,Yes,No,Yes
0,Quifas,QFS,,,,Seychelles,31.0,14.0,2.55,Yes,Yes,Utility,0.4,Yes,No,No,4.0,,0.5,Yes,Yes,Yes,Yes,Yes,No,Yes
0,R3S,R3S,,,,Estonia,27.0,14.0,3.1,Yes,Yes,Utility,,Yes,Yes,No,15.5,39900000.0,0.8333,Yes,Yes,Yes,Yes,Yes,Yes,Yes
0,Recoon,ROOK,,,,UK,27.0,5.0,2.6,Yes,No,Utility,,No,No,No,7.0,245000000.0,0.49,No,No,Yes,Yes,Yes,No,Yes
0,Red Pulse,PHX,,,,Hong Kong,0.0,,2.6,No,No,Utility,0.033,No,No,No,10.5,,0.4,No,No,Yes,Yes,Yes,No,missingData
0,Rentaway,RTW,,,,USA,30.0,14.0,2.8,Yes,Yes,Utility,0.5317,No,No,No,6.5,60000000.0,0.8,No,No,Yes,Yes,Yes,Yes,missingData
0,Rilstat,GREIT,,,,Malta,49.0,45.0,2.8,Yes,Yes,Utility,0.2,No,No,Yes,3.5,435000000.0,0.87,No,Yes,Yes,Yes,Yes,No,Yes
0,Rivetz,RvT,,,,USA,31.0,,3.3,Yes,Yes,Utility,0.89,No,No,No,14.0,70000000.0,,No,Yes,Yes,Yes,Yes,Yes,No
0,ROC2,ROC2,,,,Estonia,275.0,,2.6,Yes,Yes,Utility,2.75,No,No,No,15.0,15000000.0,,No,Yes,Yes,Yes,Yes,Yes,Yes
0,Russian Miner Coin,RMC,,,,Russia,760.0,19.0,2.4,No,No,Utility,4900.0,No,No,No,7.0,,,No,Yes,Yes,Yes,Yes,No,Yes
0,Safekeet,SKT,,,,France,75.0,,3.5,Yes,Yes,Utility,0.29,No,No,No,13.5,200000000.0,0.2,Yes,Yes,Yes,Yes,Yes,No,Yes
0,SelfKey,KEY Token,,,,Cayman Islands,0.0,9.0,3.7,Yes,Yes,Utility,0.015,No,No,No,39.5,6000000000.0,0.33,Yes,Yes,Yes,Yes,Yes,Yes,Yes
0,sharder protocol,SS,,,,Singapore,28.0,,2.8,Yes,Yes,Utility,0.0446,No,No,No,21.0,250000000.0,0.5,No,No,Yes,Yes,Yes,Yes,No
0,Shardus,ULT,,,,USA,364.0,,3.2,Yes,Yes,Utility,0.1,No,No,Yes,22.0,,,No,No,Yes,Yes,Yes,Yes,Yes
0,Simdaq,SMDQ,,,,Russia,32.0,,2.8,Yes,Yes,Utility,0.5,No,No,No,11.0,,0.7,Yes,Yes,Yes,Yes,Yes,No,Yes
0,Slothee,SLO,,,,British Virgin Islands,44.0,,3.6,Yes,Yes,Utility,0.08,No,Yes,No,16.0,280000000.0,0.7,No,Yes,Yes,Yes,Yes,Yes,Yes
0,Smart Little Machine,LMs,,,,Canada,28.0,85.0,2.8,Yes,Yes,Utility,0.0126,No,No,Yes,5.0,4000000000.0,0.8,No,No,Yes,Yes,Yes,No,missingData
0,SMARTER THAN CRYPTO,STC Token,,,,British Virgin Islands,,145.0,3.0,Yes,Yes,Utility,1.0,Yes,Yes,Yes,6.0,21750000.0,0.87,No,Yes,Yes,Yes,Yes,Yes,Yes
0,Social Wallet,WIRE,,,,USA,20.0,,2.8,No,No,Utility,0.15,No,Yes,No,12.0,187500000.0,0.75,No,Yes,Yes,Yes,Yes,No,Yes
0,Sorbase,SOR,,,,Estonia,30.0,,2.8,Yes,Yes,Utility,2.1,No,No,No,6.0,52500000.0,0.7,Yes,Yes,Yes,Yes,No,No,Yes
0,Spade Coin,SPDC,,,,United Arab Emirates,75.0,14.0,2.8,No,No,Utility,1.25,Yes,No,Yes,3.0,9212500.0,0.78,Yes,Yes,Yes,Yes,Yes,No,Yes
0,Spin Protocol,SPIN,,,,South Korea,31.0,,2.8,Yes,Yes,Utility,0.032,No,No,No,12.0,312500000.0,0.25,No,Yes,Yes,Yes,Yes,No,Yes
0,Startions,STRN,,,,Netherlands,26.0,,2.8,Yes,Yes,Utility,0.12,No,Yes,No,7.0,3038234.0,0.23,No,No,Yes,Yes,Yes,No,Yes
0,Stattm Project,STTM,,,,UK,44.0,37.0,2.9,Yes,Yes,Utility,0.0479,Yes,Yes,No,8.0,35000000.0,0.65,Yes,Yes,Yes,Yes,Yes,No,Yes
0,Super 8,S8,,,,Unknown,15.0,,3.4,No,No,Utility,0.01,No,Yes,Yes,4.0,80000000.0,0.2,No,No,Yes,Yes,Yes,Yes,Yes
0,SuperPay.vip,,,,,Singapore,167.0,,2.7,Yes,Yes,Utility,0.05,No,Yes,Yes,7.0,80000000.0,0.8,Yes,Yes,Yes,Yes,Yes,No,Yes
0,SupportMarket,Support Coin/SMT,,,,USA,14.0,29.0,2.8,Yes,Yes,Utility,0.25,Yes,Yes,No,9.0,250000000.0,0.5,Yes,Yes,Yes,Yes,Yes,Yes,Yes
0,SureRemit,RMT,,,,USA,31.0,28.0,3.55,No,No,Utility,0.02,No,No,No,10.0,,0.5,No,Yes,Yes,Yes,Yes,No,Yes
0,Synth,SNH,,,,Singapore,31.0,,2.8,Yes,Yes,Utility,0.05,No,No,No,7.5,100000000.0,0.7,Yes,Yes,Yes,Yes,Yes,No,missingData
0,Synthium Health,SHP,,,,USA,93.0,,3.2,Yes,Yes,Utility,0.65,No,No,No,14.0,200000000.0,0.85,No,Yes,Yes,Yes,Yes,Yes,Yes
0,Tangle,TGL,,,,Luxembourg,15.0,,2.8,No,No,Utility,0.1,No,No,Yes,4.0,10125000.0,0.89,No,No,Yes,Yes,Yes,Yes,Yes
0,Telegram Open Network,Gram,,,,British Virgin Islands,196.0,262.0,3.6,No,No,Utility,1.0,No,No,No,3.0,2200000000.0,0.44,No,No,No,Yes,Yes,No,Yes
0,Ten Billion Coin IEO,YBY,,,,China,31.0,,3.5,Yes,Yes,Utility,0.005,No,Yes,No,9.5,6000000000.0,0.6,Yes,Yes,Yes,Yes,Yes,Yes,Yes
0,The Force Protocol,FOR,,,,Unknown,0.0,,2.6,Yes,Yes,Utility,0.02,Yes,Yes,No,12.0,275000000.0,0.275,No,Yes,Yes,Yes,Yes,Yes,Yes
0,The Quantum Resistant Ledger,QRL,,,,Switzerland,23.0,,2.8,Yes,Yes,Payment,0.08,No,No,No,6.0,105000000.0,,Yes,Yes,Yes,Yes,Yes,Yes,missingData
0,THEGREATCOIN,TheGreatCoin/TGC,,,,Indonesia,69.0,23.0,2.8,No,No,Utility,,No,No,No,4.0,,,No,No,Yes,Yes,Yes,No,Yes
0,Tigereum,TIG,,,,UK,10.0,,3.5,Yes,Yes,Utility,0.798,No,No,No,13.5,40000000.0,0.8,No,Yes,Yes,Yes,Yes,No,Yes
0,Tio Tour Guides,TIO,,,,Hong Kong,27.0,,2.8,Yes,Yes,Utility,0.0733,No,No,No,5.5,11700000.0,0.68,No,Yes,Yes,Yes,Yes,No,missingData
0,TokenLoyalty,LOYAL,,,,Seychelles,14.0,,2.8,No,No,Utility,0.828,No,No,No,3.5,,,No,No,Yes,Yes,Yes,No,Yes
0,Tokenmom,TM,,,,South Korea,127.0,,2.8,Yes,Yes,Utility,0.00321,No,No,No,7.5,800000000.0,0.4,No,No,Yes,Yes,Yes,No,Yes
0,ToKoin,TOKO,,,,Indonesia,3.0,,2.8,Yes,Yes,Utility,,No,Yes,No,15.5,700000000.0,0.35,Yes,Yes,Yes,Yes,Yes,No,Yes
0,Torex,TOR,,,,UK,35.0,,2.8,Yes,Yes,Utility,0.63,No,No,No,10.0,,0.6,Yes,Yes,Yes,Yes,Yes,No,Yes
0,Trackr,TKR,,,,UK,30.0,,2.8,Yes,Yes,Utility,0.0519,No,No,No,3.0,58500000.0,0.9,No,Yes,Yes,Yes,Yes,Yes,missingData
0,Trademonk,TMNK,,,,Estonia,116.0,,2.8,Yes,Yes,Utility,4.4407,No,No,No,7.0,2800000.0,0.2,No,No,Yes,Yes,Yes,No,Yes
0,Trial Token,Trial Token,,,,Canada,120.0,,2.8,Yes,Yes,Utility,0.1,Yes,No,No,8.5,,,No,No,Yes,Yes,Yes,No,Yes
0,TripAlly,ALLY,,,,Singapore,43.0,31.0,2.8,Yes,Yes,Utility,2.25,No,No,No,9.5,,0.72,No,No,Yes,Yes,Yes,No,missingData
0,TripEcoSys,TCH,,,,UK,60.0,113.0,2.8,Yes,Yes,Utility,0.015,No,No,Yes,6.5,4000000000.0,0.4,Yes,No,Yes,Yes,Yes,Yes,Yes
0,Trippki,TRIP,,,,Gibraltar,31.0,29.0,3.1,Yes,Yes,Utility,0.1875,Yes,Yes,No,18.0,80000000.0,0.4,Yes,Yes,Yes,Yes,Yes,Yes,Yes
0,True News,TRE,,,,Japan,27.0,,2.9,Yes,Yes,Utility,0.0006,No,Yes,No,5.0,,0.28,No,No,Yes,Yes,Yes,No,No
0,Truwho,WHO,,,,Malta,128.0,,3.3,No,No,Utility,0.2,No,No,No,14.0,450000000.0,0.75,Yes,Yes,Yes,Yes,Yes,Yes,Yes
0,Tuk Tuk Pass,TTPNAA,,,,Thailand,117.0,19.0,2.7,Yes,Yes,Utility,1.0,No,No,No,11.0,700000000.0,0.7,No,No,Yes,Yes,Yes,No,Yes
0,UCMG,UCMG,,,,USA,41.0,13.0,2.8,Yes,Yes,Utility,0.5,No,No,No,10.5,111000000.0,0.86,No,Yes,Yes,Yes,Yes,No,Yes
0,Ultroneum,XUM,,,,Estonia,181.0,,2.8,Yes,Yes,Utility,0.2,No,Yes,Yes,16.0,300000000.0,0.6,Yes,Yes,Yes,Yes,Yes,Yes,Yes
0,UPI,UPI,,,,USA,31.0,,2.8,Yes,Yes,Utility,2.55e-05,No,No,Yes,4.0,15000000000.0,0.5,Yes,Yes,Yes,Yes,Yes,Yes,Yes
0,V Systems,VSYS,,,,Hong Kong,0.0,,2.8,No,No,Utility,0.0265,No,No,No,6.5,5142858000.0,0.3588,No,No,Yes,Yes,Yes,Yes,Yes
0,ViMarket,VIT,,,,UK,24.0,61.0,2.9,Yes,Yes,Utility,0.9,No,No,No,14.5,50000000.0,0.52,Yes,No,Yes,Yes,Yes,No,Yes
0,VR Platform OKO,OKOIN,,,,Czech Republic,132.0,,2.5,Yes,Yes,Utility,1.0,No,No,No,4.0,,0.35,No,Yes,Yes,Yes,Yes,Yes,Yes
0,Warrantoken,WTK,,,,USA,241.0,,2.8,Yes,Yes,Utility,0.5829,No,No,No,8.0,,,No,No,Yes,Yes,Yes,Yes,Yes
0,Water to the World,W2TW,,,,United Arab Emirates,105.0,48.0,3.0,Yes,Yes,Utility,0.65,No,No,No,10.0,1000000000.0,,Yes,No,Yes,Yes,Yes,No,Yes
0,Weedo,WEEDO<U+200B>,,,,USA,46.0,2.0,2.8,Yes,Yes,Utility,2.3,No,No,No,5.5,,0.55,Yes,Yes,Yes,Yes,Yes,No,Yes
0,Weekend Millionaires Club,WMC,,,,Slovenia,15.0,31.0,2.8,Yes,Yes,Utility,5.0,Yes,Yes,No,7.5,12700000.0,0.665,Yes,Yes,Yes,Yes,Yes,Yes,Yes
0,WeGen,WGC,,,,South Korea,9.0,,2.8,Yes,Yes,Utility,0.014,No,No,No,10.0,4500000000.0,0.3,Yes,Yes,Yes,Yes,Yes,No,missingData
0,WestrendCoin,WES,,,,Vietnam,62.0,,2.8,Yes,Yes,Utility,0.4,No,No,No,10.5,25000000.0,0.25,No,No,Yes,Yes,Yes,No,Yes
0,WikiBits,WIKI Token,,,,USA,46.0,89.0,2.8,Yes,Yes,Utility,0.085,No,No,No,16.0,250000000.0,0.16,No,No,Yes,Yes,Yes,No,Yes
0,WisePass,PASS Token,,,,Singapore,61.0,31.0,3.2,Yes,Yes,Utility,0.0362,Yes,Yes,No,24.0,250000000.0,0.25,Yes,Yes,Yes,Yes,Yes,No,Yes
0,Wizzle Infinity,WZI,,,,Netherlands,43.0,27.0,2.8,Yes,Yes,Utility,0.0116,Yes,Yes,No,15.5,4950000000.0,0.97,No,Yes,Yes,Yes,Yes,No,Yes
0,WorkPress,WPX,,,,United Arab Emirates,30.0,30.0,2.8,Yes,Yes,Utility,0.529,No,No,No,5.0,80000000.0,,No,No,Yes,Yes,Yes,Yes,Yes
0,xDAC,XDAC,,,,USA,61.0,46.0,4.0,No,No,Utility,0.2323,No,No,Yes,12.5,20000000.0,0.2,Yes,Yes,Yes,Yes,Yes,Yes,Yes
0,XMP,XMP,,,,Hong Kong,28.0,14.0,2.8,Yes,Yes,Utility,0.1,Yes,Yes,No,6.5,500000000.0,0.6252,Yes,Yes,Yes,Yes,Yes,No,Yes
0,Xwin CryptoBet,XWIN,,,,Belize,92.0,,3.2,Yes,Yes,Utility,3.48,No,No,No,8.0,80000000.0,0.8,No,No,Yes,Yes,Yes,Yes,Yes
0,Yield Coin,YLD,,,,UK,91.0,,2.8,Yes,Yes,Utility,0.02,No,Yes,No,9.5,2500000000.0,,Yes,Yes,Yes,Yes,No,No,Yes
0,Yizoot,YUT,,,,Malta,57.0,,2.8,Yes,Yes,Utility,1.0,No,No,Yes,3.5,100000000.0,0.5,Yes,Yes,Yes,Yes,Yes,No,Yes
0,Yoo-Mi,UME,,,,UK,13.0,20.0,2.8,Yes,Yes,Utility,0.0226,No,Yes,No,21.5,,,Yes,Yes,Yes,Yes,Yes,No,Yes
0,Yuan Developers Coin,YDS,,,,Hong Kong,31.0,,2.8,Yes,Yes,Utility,0.0695,No,No,No,6.0,147400000.0,,Yes,Yes,Yes,Yes,Yes,No,Yes
0,Ziktalk,ZIK,,,,South Korea,0.0,,2.8,Yes,Yes,Utility,0.002,No,Yes,No,6.0,1000000000.0,0.1,No,No,Yes,Yes,No,No,Yes
0,ZoneX eSports Platform,ZNX,,,,British Virgin Islands,20.0,20.0,2.8,Yes,Yes,Utility,0.0779,No,Yes,Yes,8.0,75000000.0,0.75,Yes,Yes,Yes,Yes,Yes,No,Yes
0,Zpay Network,ZPN,,,,Singapore,30.0,26.0,2.8,Yes,Yes,Utility,3.174,No,No,No,5.5,1950000.0,0.67,No,No,Yes,Yes,Yes,Yes,Yes
0,Zue,ZUE,,,,Singapore,33.0,,2.8,Yes,Yes,Utility,0.6,Yes,Yes,No,10.0,207000000.0,0.3,Yes,Yes,Yes,Yes,Yes,Yes,Yes
0,1APayment,1AP,,,,Switzerland,31.0,,2.7,Yes,Yes,Utility,0.7,No,Yes,Yes,10.0,46000000.0,0.575,No,Yes,Yes,Yes,Yes,No,Yes
0,3D-Token,3DT,,,,UK,41.0,13.0,2.7,Yes,Yes,Utility,0.4,No,No,No,19.0,150000000.0,,No,No,Yes,Yes,No,No,Yes
0,ABL,ABL,,,,Canada,30.0,,2.7,Yes,Yes,Utility,,Yes,No,No,19.0,,,No,No,Yes,Yes,Yes,No,Yes
0,ACUDEEN,ACU,,,,Singapore,14.0,,3.0,No,No,Utility,0.01,Yes,Yes,Yes,23.5,5500000000.0,0.55,Yes,Yes,Yes,Yes,Yes,No,No
0,Adshares,ADST,,,,Marshall Islands,189.0,,2.8,Yes,Yes,Utility,5.26,No,No,No,3.0,10000000.0,,Yes,Yes,Yes,Yes,Yes,Yes,Yes
0,Advanced Miners,ACM,,,,Hong Kong,61.0,14.0,2.7,Yes,Yes,Utility,,Yes,No,No,6.0,30000000.0,0.9375,No,Yes,Yes,Yes,Yes,No,Yes
0,Affchain,AFF,,,,Russia,14.0,,2.9,Yes,Yes,Utility,0.4357,No,No,No,6.0,72000000.0,0.72,No,Yes,Yes,Yes,Yes,No,Yes
0,Alis,ALIS,,,,Japan,30.0,,2.7,Yes,Yes,Utility,152.0,No,No,No,5.0,250000000.0,,Yes,Yes,Yes,Yes,Yes,Yes,Yes
0,Allchain,AIA,,,,Germany,28.0,,2.5,Yes,Yes,Utility,0.2051,No,No,No,14.0,346000000.0,0.35,No,No,Yes,Yes,Yes,No,Yes
0,Alphathereum,ATH,,,,United Arab Emirates,60.0,,2.7,Yes,Yes,Utility,1.0,No,No,No,1.0,9999999.0,,No,Yes,Yes,Yes,Yes,No,Yes
0,Altocar,ALTOCAR,,,,Russia,31.0,31.0,2.7,No,No,Utility,1.0,No,No,No,10.0,21760000.0,0.68,No,Yes,Yes,Yes,No,No,Yes
0,Ampleforth,AMPL,,,,USA,1.0,,2.55,Yes,Yes,Utility,0.98,No,Yes,No,14.0,5000000.0,0.1,No,Yes,Yes,Yes,Yes,Yes,Yes
0,Cyphr Coin,CYFR,,,,Saint Kitts and Nevis,90.0,,2.7,Yes,Yes,Utility,0.02,No,No,No,4.5,9000000000.0,0.45,No,Yes,Yes,Yes,Yes,No,Yes
0,Apollo Currency,Apollo,,,,Unknown,59.0,,2.5,Yes,Yes,Payment,,No,No,No,23.5,,,No,No,Yes,Yes,Yes,No,Yes
0,AQUA,AQX,,,,USA,5.0,90.0,2.7,Yes,Yes,Utility,0.18,No,Yes,Yes,15.0,225000000.0,0.45,Yes,Yes,Yes,Yes,Yes,No,Yes
0,Arevalor,ORB Token,,,,USA,21.0,7.0,2.4,Yes,Yes,Utility,0.0596,Yes,Yes,Yes,7.0,96000000.0,0.6,No,Yes,Yes,Yes,Yes,No,Yes
0,Artis Turba,ARTIS,,,,South Africa,89.0,,2.9,Yes,Yes,Utility,0.211,No,No,No,0.0,200000000.0,0.57,No,Yes,Yes,Yes,Yes,Yes,Yes
0,ArtWook,AKC,,,,UK,28.0,,2.7,Yes,Yes,Utility,0.0948,No,Yes,No,14.0,9000000.0,0.3,No,Yes,Yes,Yes,Yes,No,Yes
0,AuthenticID,ATHAU,,,,USA,26.0,,2.7,Yes,Yes,Utility,0.15,No,No,No,22.5,250000000.0,0.25,No,Yes,Yes,Yes,Yes,Yes,missingData
0,Autonomy,ATNMY,,,,USA,9.0,,3.5,Yes,Yes,Utility,0.1,No,Yes,No,8.0,800000000.0,0.1778,Yes,Yes,Yes,Yes,Yes,No,Yes
0,AXNET,AXN,,,,Estonia,60.0,,2.7,Yes,Yes,Utility,0.1182,No,Yes,Yes,8.0,100000000.0,0.1,Yes,Yes,Yes,Yes,Yes,Yes,Yes
0,BACE Exchange,BACE,,,,Switzerland,14.0,,2.7,Yes,Yes,Utility,0.3972,Yes,Yes,Yes,14.0,70000000.0,0.7,No,Yes,Yes,Yes,Yes,No,Yes
0,Bahiti,BHI,,,,Unknown,140.0,,2.7,No,No,Utility,0.0836,No,No,No,6.0,14000000.0,0.14,No,Yes,Yes,Yes,Yes,No,missingData
0,Bankaero,BANKAERO,,,,UK,24.0,,2.7,Yes,Yes,Utility,0.45,No,No,No,13.0,40000000.0,0.5,Yes,Yes,Yes,Yes,Yes,No,Yes
0,BergmannOS,BERG,,,,Russia,91.0,,2.7,Yes,Yes,Utility,3.0,No,No,No,8.0,1764708.0,0.85,No,Yes,Yes,Yes,Yes,No,Yes
0,Bet On Chart,CHART,,,,Czech Republic,30.0,123.0,2.7,Yes,Yes,Utility,0.2953,Yes,Yes,Yes,20.0,35000000.0,0.7,Yes,Yes,Yes,Yes,Yes,No,Yes
0,Betley,BETS,,,,Australia,30.0,61.0,2.95,Yes,Yes,Utility,0.0288,No,No,Yes,7.5,600000000.0,0.6,Yes,Yes,Yes,Yes,Yes,No,Yes
0,Biotor Biomass,BBT,,,,Netherlands,77.0,,2.7,Yes,Yes,Utility,0.1313,Yes,No,No,3.5,4000000.0,,No,Yes,Yes,Yes,No,No,Yes
0,Bit.team Market Place,BTT,,,,Russia,242.0,,2.7,Yes,Yes,Utility,1.0,No,No,No,10.0,75000000.0,0.75,No,Yes,Yes,Yes,Yes,No,Yes
0,Bitheum,BTH,,,,Cyprus,40.0,,2.7,No,No,Utility,1.128,No,No,Yes,6.0,12000000.0,0.85,Yes,Yes,Yes,Yes,Yes,No,Yes
0,Bitquence,BQX,,,,USA,18.0,,2.7,Yes,Yes,Utility,0.0338,No,No,No,10.0,4770000000000000.0,,No,Yes,Yes,Yes,Yes,No,Yes
0,Blocform,BFG,,,,Singapore,122.0,30.0,2.7,Yes,Yes,Utility,0.15,No,No,No,9.0,560000000.0,0.28,Yes,Yes,Yes,Yes,No,No,Yes
0,Blockchain Technology Research Innovations Corporation,BFD,,,,USA,43.0,45.0,2.8,Yes,Yes,Utility,1.0,No,No,No,3.0,500000.0,1.0,No,Yes,Yes,Yes,Yes,Yes,Yes
0,Bolt,BOLT,,,,UK,4.0,,2.7,Yes,Yes,Utility,0.0237,Yes,Yes,No,19.5,400000000.0,0.4,No,Yes,Yes,Yes,Yes,Yes,Yes
0,Bondkick Syndicate,XBK,,,,Estonia,86.0,,2.7,Yes,Yes,Utility,123.54,Yes,Yes,No,9.5,24999.0,,No,No,Yes,Yes,Yes,No,Yes
0,Bouncy,BOUNCY,,,,USA,181.0,,2.7,Yes,Yes,Utility,0.0591,No,Yes,No,7.0,100000000.0,0.8,Yes,Yes,Yes,Yes,Yes,Yes,Yes
0,Brick,BRKC,,,,Malta,137.0,,2.7,Yes,Yes,Utility,0.9,No,Yes,No,9.0,30000000.0,0.75,Yes,Yes,Yes,Yes,Yes,No,Yes
0,Browsers Lab,BAL,,,,USA,40.0,19.0,2.7,Yes,Yes,Utility,0.014,No,No,Yes,5.0,1200000000.0,0.6,No,No,Yes,Yes,Yes,Yes,Yes
0,BUILDCoin,B1x,,,,USA,365.0,,3.1,Yes,Yes,Utility,0.16,No,No,No,12.5,100000000.0,0.2,Yes,Yes,Yes,Yes,No,No,Yes
0,Burn Coin,BRN,,,,South Korea,29.0,40.0,2.7,Yes,Yes,Utility,,No,Yes,No,14.5,140000000.0,0.3,No,No,Yes,Yes,Yes,No,Yes
0,Burstex,BEX,,,,Slovakia,7.0,1.0,2.55,No,No,Utility,0.0035,No,No,No,15.0,2158812800.0,0.8,Yes,No,Yes,Yes,Yes,Yes,Yes
0,C3C.Network,C3C,,,,Unknown,75.0,22.0,2.7,Yes,Yes,Utility,0.1718,No,No,No,15.0,,,Yes,Yes,Yes,Yes,Yes,No,Yes
0,Caerus Connections,CAER,,,,USA,82.0,97.0,2.6,Yes,Yes,Utility,1.045,No,No,No,7.0,17000000.0,0.23,Yes,Yes,Yes,Yes,Yes,Yes,Yes
0,Captive,CAPCT,,,,USA,61.0,,2.7,No,No,Utility,0.06,No,No,No,7.0,20000000.0,0.35,No,Yes,Yes,Yes,Yes,No,Yes
0,Carbon Grid Protocol,CGRID,,,,Singapore,32.0,,2.8,Yes,Yes,Utility,,Yes,Yes,No,17.0,300000000.0,0.3,Yes,Yes,Yes,Yes,Yes,No,Yes
0,Celer Network,CELR,,,,Singapore,5.0,,3.85,Yes,Yes,Utility,0.0067,No,No,No,13.5,597000000.0,0.3,No,No,Yes,Yes,Yes,No,Yes
0,Chain Works,PIC,,,,Japan,13.0,46.0,2.7,Yes,Yes,Utility,0.0222,Yes,Yes,No,26.0,3000000000.0,0.3,Yes,Yes,Yes,Yes,Yes,No,missingData
0,charitySPACE,CHT,,,,Poland,41.0,,2.7,Yes,Yes,Utility,0.55,No,No,No,5.5,16000000.0,0.8,No,Yes,Yes,Yes,Yes,No,Yes
0,Checqit,CQT,,,,Canada,14.0,28.0,2.7,Yes,Yes,Utility,0.0202,No,No,No,12.0,,0.61,No,No,Yes,Yes,Yes,Yes,Yes
0,Chynge.net,XCLP,,,,Singapore,155.0,30.0,2.8,No,No,Utility,0.05,Yes,Yes,Yes,16.0,560000000.0,0.7,Yes,Yes,Yes,Yes,Yes,Yes,Yes
0,Civic,CVC,,,,USA,1.0,,2.9,Yes,Yes,Utility,0.1,No,No,No,2.0,,,No,Yes,Yes,Yes,Yes,No,Yes
0,Clickle,CLICK,,,,Germany,7.0,,2.7,Yes,Yes,Utility,0.23,No,No,No,5.0,17000000.0,0.85,No,Yes,Yes,Yes,Yes,Yes,Yes
0,Coal Coin,CLC,,,,Russia,27.0,41.0,2.7,Yes,Yes,Utility,40.0,No,No,No,8.0,930000.0,,Yes,No,Yes,Yes,Yes,Yes,Yes
0,Coin Island Air,CIA,,,,South Korea,173.0,,2.7,No,No,Utility,0.0104,No,No,No,5.0,1260000000.0,0.3,No,Yes,Yes,Yes,Yes,No,Yes
0,CoinTour,COT,,,,UK,30.0,14.0,2.7,Yes,Yes,Utility,0.056,No,No,Yes,5.0,74000000.0,0.74,Yes,Yes,Yes,Yes,Yes,No,Yes
0,Coinyspace,CNC Token,,,,Estonia,50.0,11.0,2.7,Yes,Yes,Utility,0.0187,No,No,No,5.0,600000000.0,0.6,Yes,Yes,Yes,Yes,Yes,No,Yes
0,CompositeCoin,CMN,,,,Russia,31.0,31.0,2.7,Yes,Yes,Utility,1.0,No,No,No,7.0,10500000.0,0.7,Yes,Yes,Yes,Yes,Yes,No,Yes
0,CorCom,COR,,,,USA,30.0,,2.7,Yes,Yes,Utility,21.162,No,No,No,8.0,2700000.0,,No,Yes,Yes,Yes,Yes,Yes,Yes
0,CottageCoin,CTG,,,,Belgium,27.0,30.0,2.6,Yes,Yes,Utility,1.41,No,No,No,9.0,141000000.0,,Yes,No,Yes,Yes,Yes,No,Yes
0,CPUcoin,CPU,,,,Unknown,2.0,2.0,3.7,Yes,Yes,Utility,0.2,No,Yes,No,9.5,3600000000.0,0.72,Yes,Yes,Yes,Yes,Yes,Yes,Yes
0,CrowdShareMining,CSM Token,,,,Thailand,83.0,36.0,2.7,Yes,Yes,Utility,1.0,No,No,No,7.0,7200000.0,0.72,Yes,Yes,Yes,Yes,Yes,No,Yes
0,Cryptassist,CTA,,,,Estonia,60.0,,3.5,No,No,Utility,0.38,No,No,Yes,25.0,74750000.0,0.846,No,Yes,Yes,Yes,Yes,Yes,Yes
0,Cryptaur,,,,,Singapore,105.0,,2.95,Yes,Yes,Utility,0.01,No,No,No,7.0,,0.3,No,No,Yes,Yes,Yes,No,Yes
0,Crypto Brokerage,CRBK,,,,UK,60.0,30.0,2.7,Yes,Yes,Utility,0.2094,No,No,No,9.5,50000000.0,0.5,Yes,Yes,Yes,Yes,Yes,Yes,missingData
0,Cryptocells,CC9,,,,Germany,89.0,,2.7,Yes,Yes,Utility,0.0053,No,Yes,Yes,6.0,18000000.0,0.6,No,No,Yes,Yes,Yes,No,Yes
0,CryptoWorld,CWV,,,,Singapore,56.0,56.0,2.7,Yes,Yes,Utility,0.0049,No,No,Yes,14.0,4000000000.0,0.4,No,Yes,Yes,Yes,Yes,Yes,Yes
0,Cryptum,CRTM,,,,Bulgaria,31.0,30.0,2.7,Yes,Yes,Utility,10.3652,No,No,No,5.0,156118.0,,No,Yes,Yes,Yes,Yes,No,missingData
0,Cuprum,Cuprum,,,,Estonia,58.0,,2.7,Yes,Yes,Utility,3.0,No,No,No,13.0,6000000.0,0.9329,Yes,Yes,Yes,Yes,Yes,No,Yes
0,CYO,CYO,,,,Germany,45.0,72.0,2.7,Yes,Yes,Utility,2.2636,No,Yes,No,5.0,22500000.0,,No,No,Yes,Yes,Yes,No,Yes
0,Silvertoken,SLVT,,,,Saint Kitts and Nevis,29.0,,2.45,Yes,Yes,Utility,17.0,No,No,No,0.0,,,No,No,Yes,Yes,Yes,No,Yes
0,DAGT,DAGT,,,,Singapore,45.0,,2.7,Yes,Yes,Utility,0.6128,No,No,No,7.0,20020000.0,0.2,No,Yes,Yes,Yes,Yes,Yes,Yes
0,DapCash,DAPG,,,,Russia,90.0,312.0,2.7,No,No,Utility,0.0315,No,No,Yes,6.0,400000.0,0.7,Yes,Yes,Yes,Yes,Yes,Yes,Yes
0,Data Trading,DTT,,,,Ukraine,66.0,10.0,2.7,Yes,Yes,Utility,0.1,No,No,No,8.0,36000000.0,,Yes,Yes,Yes,Yes,Yes,No,missingData
0,DCentral Capital,JUST,,,,UK,105.0,67.0,2.7,No,No,Utility,1.1,No,Yes,No,7.0,120000000.0,,Yes,Yes,Yes,Yes,Yes,No,Yes
0,Declub,DEC Token,,,,Malta,30.0,,2.7,Yes,Yes,Utility,0.1,Yes,Yes,No,8.5,10000000000.0,0.5,No,Yes,Yes,Yes,Yes,Yes,Yes
0,Deliverers Power Token,DPT,,,,Netherlands,198.0,,2.7,Yes,Yes,Utility,0.016,No,Yes,No,5.0,2550000000.0,0.51,No,Yes,Yes,Yes,Yes,Yes,Yes
0,Delta-X,DLXV,,,,South Africa,211.0,,2.7,Yes,Yes,Utility,0.14,No,No,No,4.5,70000000.0,0.14,Yes,Yes,Yes,Yes,Yes,No,Yes
0,Develop[crypto],DEV Token,,,,Unknown,30.0,14.0,2.7,Yes,Yes,Utility,,No,No,No,9.5,75600000.0,0.7,No,Yes,Yes,Yes,Yes,No,Yes
0,DIGIT Coin,DIGIT,,,,Thailand,48.0,20.0,2.9,No,No,Utility,1.0,No,No,No,23.0,20000000.0,,No,No,Yes,Yes,Yes,No,Yes
0,Digital Wallet,DWC,,,,Japan,25.0,,2.3,Yes,Yes,Utility,0.1,Yes,Yes,No,5.0,500000000.0,0.5,Yes,No,Yes,Yes,Yes,No,Yes
0,DineroCoin,Dinerocoin,,,,Singapore,30.0,,2.7,Yes,Yes,Utility,0.85,No,No,No,6.5,8550000000.0,0.95,No,Yes,Yes,Yes,No,No,missingData
0,Drac,XDRAC,,,,Spain,5.0,30.0,2.7,No,No,Utility,0.7675,No,No,No,5.0,9100000.0,0.91,Yes,Yes,Yes,Yes,Yes,No,Yes
0,Dream Real,DR,,,,British Virgin Islands,123.0,265.0,2.7,Yes,Yes,Utility,0.016,Yes,Yes,Yes,9.0,750000000.0,0.5,Yes,Yes,Yes,Yes,Yes,Yes,Yes
0,Dysnomia,MIA,,,,Taiwan,30.0,30.0,2.7,Yes,Yes,Utility,0.043,No,No,No,4.0,44000000.0,0.8,Yes,Yes,Yes,Yes,Yes,No,Yes
0,e-Pocket,EPT,,,,Australia,28.0,37.0,2.7,Yes,Yes,Utility,0.2,No,No,No,9.0,32000000.0,0.5,No,No,Yes,Yes,Yes,No,Yes
0,EarnsBit,ESBIT,,,,Singapore,15.0,,2.7,Yes,Yes,Utility,0.14,No,Yes,No,5.0,100000000.0,0.5,No,No,Yes,Yes,Yes,No,Yes
0,EiraCube,BRETT,,,,Spain,31.0,30.0,3.6,Yes,Yes,Utility,0.0225,No,No,No,0.0,750000000.0,0.5,Yes,Yes,Yes,Yes,Yes,Yes,Yes
0,Emphy,EPY,,,,Estonia,29.0,,2.7,Yes,Yes,Utility,0.1,No,No,No,6.0,80000000.0,0.8,No,Yes,Yes,Yes,Yes,No,missingData
0,Epocum,EPM,,,,Italy,40.0,,2.7,Yes,Yes,Utility,0.04,No,No,Yes,7.5,100000000.0,0.3,No,No,Yes,Yes,Yes,Yes,Yes
0,ERPCOIN,ERPCOIN,,,,Vietnam,30.0,,2.7,Yes,Yes,Utility,0.8,Yes,No,Yes,9.0,105000000.0,0.28,Yes,No,Yes,Yes,Yes,Yes,Yes
0,EvenToken,EST,,,,Taiwan,1.0,1.0,2.7,Yes,Yes,Utility,0.0675,No,No,No,16.0,6000000.0,,Yes,Yes,Yes,Yes,Yes,No,Yes
0,Exodius,EXO,,,,French Polynesia,111.0,28.0,2.7,No,No,Utility,0.2,No,No,No,6.0,38500000.0,0.55,No,Yes,Yes,Yes,Yes,No,Yes
0,EZMarket,EZM,,,,Singapore,42.0,,2.6,Yes,Yes,Utility,0.4646,No,No,No,6.0,,,No,Yes,Yes,Yes,Yes,No,No
0,FITX,FITX,,,,Russia,84.0,14.0,2.7,No,No,Utility,0.0333,No,Yes,No,11.0,,0.9,Yes,Yes,Yes,Yes,Yes,No,Yes
0,FIXY NETWORK,FIXY NETWORK / FXY,,,,Hong Kong,15.0,8.0,2.9,Yes,Yes,Utility,114.0,No,No,No,0.0,68000000.0,0.68,Yes,Yes,Yes,Yes,Yes,Yes,Yes
0,GameX,GX,,,,UK,18.0,3.0,2.7,No,No,Utility,0.25,No,No,No,2.0,,0.9,No,No,Yes,Yes,Yes,Yes,Yes
0,Gapi Coin,GP,,,,Turkey,50.0,61.0,2.7,Yes,Yes,Utility,,No,No,No,5.5,50000000.0,,No,No,Yes,Yes,Yes,No,Yes
0,GasCompressorCoin,GASC,,,,Russia,44.0,,2.7,Yes,Yes,Utility,1.0,No,No,Yes,12.0,22500000.0,0.9,No,Yes,Yes,Yes,Yes,No,Yes
0,Gaus,GAUS,,,,Estonia,32.0,18.0,2.7,Yes,Yes,Utility,0.01,Yes,Yes,No,12.0,,0.7,Yes,Yes,Yes,Yes,Yes,No,missingData
0,Gazellefund,GZA,,,,UK,32.0,,2.7,Yes,Yes,Utility,0.776,No,Yes,No,12.0,100000000.0,0.82,Yes,Yes,Yes,Yes,Yes,No,Yes
0,GBX,RKT,,,,Gibraltar,7.0,,2.7,Yes,Yes,Utility,0.1,No,No,No,20.5,,,Yes,Yes,Yes,Yes,Yes,No,Yes
0,Gem4me Market Space,GMC,,,,Switzerland,121.0,90.0,2.7,Yes,Yes,Utility,,No,No,Yes,21.0,700000000.0,0.55,No,Yes,Yes,Yes,Yes,No,Yes
0,Genevieve VC,GXVC,,,,USA,36.0,31.0,2.8,Yes,Yes,Utility,0.1,Yes,Yes,No,10.5,100000000.0,,No,No,Yes,Yes,Yes,No,Yes
0,Global Finances,GFXT,,,,USA,55.0,13.0,2.7,Yes,Yes,Utility,1.4,No,No,No,6.0,25000000.0,0.6,Yes,Yes,Yes,Yes,Yes,No,Yes
0,Global RE Bitcoin,GRB,,,,Bahamas,91.0,,2.7,Yes,Yes,Utility,0.01,No,No,No,9.0,15000000000.0,,No,Yes,Yes,Yes,Yes,No,Yes
0,GlobeTrotter,GTT,,,,Canada,44.0,15.0,2.7,Yes,Yes,Utility,0.2,No,No,No,6.0,100000000.0,,Yes,Yes,Yes,Yes,Yes,No,No
0,Globiance,GBEX,,,,Malta,78.0,14.0,2.7,Yes,Yes,Utility,0.034,No,No,No,10.0,,,No,Yes,Yes,Yes,No,No,Yes
0,GramGold Token,GGT,,,,UK,71.0,,2.75,Yes,Yes,Utility,0.258,Yes,Yes,Yes,7.0,500000000.0,0.5,No,No,Yes,Yes,Yes,No,Yes
0,Grow & Mine,GNM,,,,Russia,42.0,,2.7,Yes,Yes,Utility,3.7656,No,No,Yes,5.0,,0.87,Yes,Yes,Yes,Yes,Yes,No,Yes
0,HARA,HART,,,,Singapore,9.0,21.0,2.7,Yes,Yes,Utility,0.0153,No,Yes,Yes,26.0,360000000.0,0.3,Yes,Yes,Yes,Yes,Yes,Yes,Yes
0,HashByte,HSB,,,,Estonia,19.0,,2.7,Yes,Yes,Utility,1.6978,Yes,Yes,Yes,5.0,10000000.0,0.5,Yes,Yes,Yes,Yes,Yes,No,Yes
0,HealthHeart,HHT,,,,USA,30.0,40.0,2.7,Yes,Yes,Utility,,No,No,No,10.5,,,Yes,Yes,Yes,Yes,Yes,No,missingData
0,Healthureum,HHEM,,,,Estonia,34.0,14.0,3.1,Yes,Yes,Utility,3.95,No,No,No,4.0,,0.29,Yes,No,Yes,Yes,Yes,Yes,No
0,HEdpAY,HDP,,,,UK,144.0,,2.8,Yes,Yes,Utility,4.7668,Yes,Yes,Yes,4.5,90000000.0,0.45,Yes,Yes,Yes,Yes,Yes,Yes,Yes
0,Hellenic Node Project,HellenicNode/HN,,,,Greece,32.0,,2.7,No,No,Utility,0.0017,Yes,Yes,No,6.0,60000000.0,,Yes,Yes,Yes,Yes,Yes,No,Yes
0,honeybee,HNBEE,,,,Russia,30.0,,2.7,Yes,Yes,Utility,0.09,No,No,No,3.5,2500000.0,,No,Yes,Yes,Yes,Yes,No,Yes
0,HPQ,HPQ,,,,Vietnam,73.0,20.0,3.1,Yes,Yes,Utility,2.0,No,No,Yes,0.0,7000000.0,0.14,Yes,Yes,Yes,Yes,Yes,No,Yes
0,IAC AutoUnit,AutoToken (ATK),,,,Russia,118.0,52.0,2.7,Yes,Yes,Utility,,No,No,No,14.0,60187847.0,0.7,No,Yes,Yes,Yes,Yes,No,Yes
0,ICBCoin,ICBT,,,,UK,63.0,42.0,2.7,Yes,Yes,Utility,0.7019,No,No,Yes,12.0,225000000.0,0.75,No,No,Yes,Yes,Yes,No,Yes
0,iConsort,ICS,,,,Philippines,76.0,,2.7,Yes,Yes,Utility,1.4e-05,No,Yes,Yes,10.0,14000000000.0,0.7,Yes,Yes,Yes,Yes,Yes,Yes,Yes
0,Impak Coin,MPK,,,,Canada,30.0,4.0,2.7,No,No,Utility,0.8116,No,No,No,23.0,11500000.0,,No,Yes,Yes,Yes,Yes,No,missingData
0,Integrative Wallet Token,IWT,,,,Spain,28.0,,2.7,Yes,Yes,Utility,0.2523,No,No,No,6.0,45000000.0,0.45,No,Yes,Yes,Yes,Yes,Yes,Yes
0,Internacional Coin,INTER,,,,Chile,107.0,61.0,2.7,No,No,Utility,1.0094,Yes,Yes,Yes,6.0,20000000.0,0.34,No,No,Yes,Yes,Yes,No,Yes
0,Izibits,IZI,,,,Russia,14.0,,2.7,Yes,Yes,Utility,0.2629,No,No,No,3.0,280000000.0,0.7,No,No,Yes,Yes,Yes,No,Yes
0,KahnChat,KCH,,,,UK,55.0,2.0,2.7,Yes,Yes,Utility,0.78,Yes,Yes,No,6.0,64000000.0,0.8,Yes,Yes,Yes,Yes,Yes,No,Yes
0,Kapu,KAPU,,,,Italy,30.0,77.0,2.7,Yes,Yes,Utility,,No,No,No,11.5,100000000.0,0.87,No,No,Yes,Yes,Yes,Yes,Yes
0,Karma,KIT,,,,USA,10.0,11.0,2.8,Yes,Yes,Utility,0.0706,No,No,No,27.0,1000000000.0,0.425,No,Yes,Yes,Yes,Yes,No,Yes
0,KC Bank,KCB,,,,Unknown,365.0,62.0,2.7,Yes,Yes,Utility,,No,No,No,13.0,50000000.0,,No,Yes,Yes,Yes,Yes,No,Yes
0,Kingdomgame,KDG,,,,Vietnam,4.0,4.0,2.7,No,No,Utility,0.2,No,No,No,12.0,50000000000.0,0.5,No,No,Yes,Yes,Yes,No,Yes
0,KROPS,KRO,,,,Hong Kong,150.0,,2.7,Yes,Yes,Utility,1.0545,No,No,No,33.0,20000000.0,0.8,No,No,Yes,Yes,No,No,Yes
0,LabelsCoin,LBSC,,,,Liechtenstein,61.0,,2.7,Yes,Yes,Utility,0.9476,No,No,No,6.5,22200000.0,0.74,Yes,Yes,Yes,Yes,Yes,Yes,Yes
0,Lamden,TAU,,,,Switzerland,33.0,33.0,3.3,Yes,Yes,Utility,0.025,No,No,No,13.0,343192038.0,0.686,No,Yes,Yes,Yes,Yes,Yes,No
0,Lavenir ICO,LVR,,,,USA,30.0,,2.6,Yes,Yes,Utility,0.8,No,No,No,14.0,8000000.0,0.8,No,No,Yes,Yes,Yes,No,No
0,Lexray,LEXR,,,,Switzerland,36.0,20.0,2.7,Yes,Yes,Utility,0.5,No,Yes,No,20.5,90352500.0,0.5163,Yes,Yes,Yes,Yes,Yes,No,Yes
0,Lionstarter,LST,,,,Luxembourg,91.0,,2.7,Yes,Yes,Utility,0.1,Yes,Yes,No,6.0,260000000.0,,Yes,Yes,Yes,Yes,Yes,No,Yes
0,ListeningMind,LMT,,,,Unknown,67.0,,2.7,Yes,Yes,Utility,0.01,No,No,No,14.5,620000000.0,0.09,Yes,Yes,Yes,Yes,No,No,Yes
0,Looksrev,LOOK,,,,Singapore,147.0,26.0,2.7,Yes,Yes,Utility,0.12,No,No,No,3.5,500000000.0,0.5,Yes,Yes,Yes,Yes,Yes,No,Yes
0,LovelySuites,LVDS,,,,UK,241.0,,2.8,No,No,Utility,0.1,Yes,Yes,No,7.0,250000000.0,0.5,Yes,Yes,Yes,Yes,No,No,Yes
0,Magnify,MGF,,,,Georgia,60.0,,2.7,Yes,Yes,Utility,1.0,No,No,Yes,11.0,4900000.0,0.49,Yes,Yes,Yes,Yes,Yes,Yes,Yes
0,Markscheider,MARK,,,,Russia,25.0,30.0,1.9,Yes,Yes,Utility,2.4,No,No,No,6.0,36000000.0,0.9,No,No,Yes,Yes,Yes,No,Yes
0,Matic,MATIC,,,,India,2.0,,3.8,Yes,Yes,Utility,0.0026,Yes,Yes,No,3.0,1900000000.0,0.19,No,Yes,Yes,Yes,Yes,Yes,Yes
0,MATREXA,MTRX,,,,Singapore,15.0,,2.7,Yes,Yes,Utility,1.5,No,No,No,6.0,32000000.0,,Yes,Yes,Yes,Yes,Yes,Yes,Yes
0,MECA Coin,MCA,,,,Unknown,46.0,,2.7,Yes,Yes,Utility,,No,No,No,21.0,2000000000.0,0.4,No,Yes,Yes,Yes,Yes,No,Yes
0,MediConnect,MEDI,,,,UK,222.0,10.0,2.6,No,No,Utility,0.02,Yes,No,Yes,8.5,335000000.0,0.67,No,Yes,Yes,Yes,Yes,No,Yes
0,Mijn Vastgoed,MVT,,,,Netherlands,29.0,,2.7,Yes,Yes,Utility,0.0453,No,No,No,7.5,80000000.0,0.8,Yes,Yes,Yes,Yes,Yes,No,missingData
0,Mine,MINE,,,,Philippines,4.0,,2.7,Yes,Yes,Utility,0.001,No,No,No,5.0,250000000000.0,1.0,No,Yes,Yes,Yes,Yes,No,Yes
0,MineMuse,MNM,,,,USA,31.0,30.0,2.7,Yes,Yes,Utility,0.3,No,No,No,12.0,18450000.0,0.45,No,No,Yes,Yes,Yes,No,Yes
0,Minery,MNRY,,,,Russia,91.0,107.0,2.7,Yes,Yes,Utility,1.0,No,Yes,No,14.0,47850000.0,0.87,Yes,Yes,Yes,Yes,Yes,No,Yes
0,MinitCredit,minit,,,,Russia,30.0,31.0,2.7,Yes,Yes,Utility,0.0239,No,No,No,4.5,3000000.0,0.813,Yes,No,Yes,Yes,Yes,No,Yes
0,MOS Lottery,MOS,,,,Switzerland,30.0,,2.7,Yes,Yes,Utility,0.01,No,No,No,6.0,5500000000.0,0.55,Yes,Yes,Yes,Yes,Yes,No,Yes
0,MoviesChain,ZVR,,,,Russia,91.0,,2.7,Yes,Yes,Utility,,No,No,No,17.0,9000000.0,0.9,Yes,Yes,Yes,Yes,Yes,No,Yes
0,MPH-ONE,MPH,,,,China,214.0,89.0,2.7,Yes,Yes,Utility,0.16,No,No,Yes,12.0,156000000.0,0.78,Yes,Yes,Yes,Yes,Yes,No,Yes
0,Natee,NATEE,,,,Singapore,60.0,,2.8,Yes,Yes,Utility,0.36,No,No,No,14.0,60000000.0,0.5,No,No,Yes,Yes,Yes,No,Yes
0,Nebluro,NBLR,,,,Singapore,158.0,,2.8,Yes,Yes,Utility,0.08,Yes,Yes,Yes,6.0,115380000.0,0.18,Yes,Yes,Yes,Yes,Yes,Yes,Yes
0,NEWS,NEWS,,,,Russia,28.0,30.0,2.7,No,No,Utility,0.0032,No,No,No,5.5,,,Yes,Yes,Yes,Yes,Yes,No,Yes
0,NFXCoin,NFXC,,,,Brazil,412.0,,2.7,Yes,Yes,Utility,0.8808,No,No,No,9.0,250000000.0,0.5,Yes,Yes,Yes,Yes,Yes,No,Yes
0,NGS (NEW GENERATION SECURITY),NGS,,,,UK,56.0,62.0,2.7,Yes,Yes,Utility,0.1,Yes,No,No,6.0,14000000.0,0.7,Yes,Yes,Yes,Yes,No,Yes,Yes
0,No Fake Today,NFC,,,,Singapore,30.0,,2.7,Yes,Yes,Utility,0.1,No,Yes,No,6.5,270000000.0,0.6,No,No,Yes,Yes,Yes,Yes,Yes
0,Nucleus,nCash,,,,USA,88.0,,3.1,Yes,Yes,Utility,0.01,Yes,Yes,Yes,13.0,10000000000.0,0.5,Yes,Yes,Yes,Yes,Yes,Yes,No
0,NuMoney Exchange,NMX,,,,Singapore,56.0,,2.4,Yes,Yes,Utility,0.01,No,Yes,Yes,5.5,,,Yes,No,Yes,Yes,Yes,No,Yes
0,Parkade,PRKC,,,,Estonia,107.0,,2.7,Yes,Yes,Utility,0.5,Yes,Yes,Yes,11.5,240000000.0,0.6,Yes,Yes,Yes,Yes,Yes,No,Yes
0,Payeercoin,PYC,,,,New Zealand,61.0,7.0,2.0,Yes,Yes,Utility,0.1,No,No,No,2.5,50000000.0,0.85,No,No,Yes,Yes,Yes,No,Yes
0,Peace Token,PeaceToken,,,,Singapore,27.0,19.0,2.7,Yes,Yes,Utility,0.07,No,No,No,4.0,110000000.0,0.55,Yes,Yes,Yes,Yes,Yes,No,Yes
0,PeerBanks,IRA,,,,USA,66.0,,2.7,No,No,Utility,100.0,No,No,No,4.0,,,No,No,Yes,Yes,Yes,Yes,Yes
0,Peur,PURC,,,,Australia,34.0,34.0,2.7,Yes,Yes,Utility,0.07,Yes,No,No,10.0,130000000.0,0.65,Yes,Yes,Yes,Yes,Yes,Yes,Yes
0,Pink Taxi Token,PTT,,,,UK,183.0,46.0,3.1,Yes,Yes,Utility,0.1816,Yes,No,Yes,21.0,35000000.0,0.7,Yes,Yes,Yes,Yes,Yes,Yes,Yes
0,ProjecEreum Tokens,PJR,,,,Spain,115.0,,2.7,Yes,Yes,Utility,1.0,No,Yes,No,10.0,72000000.0,0.6,Yes,Yes,Yes,Yes,Yes,No,Yes
0,Proof Suite,Proof,,,,South Korea,29.0,,2.8,Yes,Yes,Utility,39.97,No,No,missingData,17.0,1181031.0,0.5,No,No,Yes,Yes,Yes,Yes,No
0,RachelX,RACH,,,,UK,77.0,,3.8,Yes,Yes,Utility,0.01,No,No,No,7.0,2500000000.0,0.31,Yes,Yes,Yes,Yes,Yes,No,Yes
0,Rasputin,ROC,,,,Estonia,40.0,,2.7,Yes,Yes,Utility,2.75,No,No,No,9.0,3000000.0,0.6,No,Yes,Yes,Yes,Yes,No,missingData
0,REAL,REAL,,,,Singapore,30.0,,2.85,Yes,Yes,Utility,1.3762,No,No,No,6.0,,0.51,Yes,Yes,Yes,Yes,Yes,Yes,No
0,Reality Clash,RCC,,,,UK,31.0,,2.75,Yes,Yes,Utility,,No,No,No,11.0,50000000.0,,No,No,Yes,Yes,Yes,No,missingData
0,REANIMATOR,RNM,,,,Germany,30.0,,2.7,Yes,Yes,Utility,0.2,No,No,No,4.0,,,Yes,Yes,Yes,Yes,Yes,No,Yes
0,Ripplecash,XRPC,,,,Unknown,472.0,,2.7,Yes,Yes,Utility,,No,No,No,7.0,560000000.0,0.56,Yes,Yes,Yes,Yes,Yes,No,Yes
0,Robin8,KOL,,,,USA,1.0,,3.05,Yes,Yes,Utility,0.01,No,No,No,15.5,200000000.0,0.2,No,Yes,Yes,Yes,Yes,No,Yes
0,R_Block,CVT,,,,UK,21.0,,3.0,Yes,Yes,Utility,1.3,No,No,No,12.0,,,No,No,Yes,Yes,Yes,Yes,Yes
0,SAAVcoin,SAAV,,,,USA,124.0,,2.9,Yes,Yes,Utility,0.01,No,No,No,9.0,,0.75,No,Yes,Yes,Yes,Yes,No,Yes
0,SBC Platform,SBCE,,,,Switzerland,223.0,1.0,2.7,Yes,Yes,Utility,3.8129,No,Yes,Yes,10.5,12013889.0,0.6,Yes,Yes,Yes,Yes,Yes,No,Yes
0,Scroll Token,SCRL,,,,USA,58.0,,2.7,Yes,Yes,Utility,0.0095,Yes,Yes,No,19.0,1000000000.0,0.2,Yes,Yes,Yes,Yes,Yes,No,Yes
0,SERO,SERO,,,,Cayman Islands,30.0,,3.6,Yes,Yes,Utility,0.02,No,Yes,No,6.5,200000000.0,0.2,No,Yes,Yes,Yes,Yes,Yes,Yes
0,Silver Coin,SilverCoin,,,,Indonesia,61.0,56.0,2.5,Yes,Yes,Utility,0.1914,No,Yes,Yes,2.0,10500000.0,0.42,No,No,Yes,Yes,Yes,No,Yes
0,Sintez,SINT,,,,Hong Kong,31.0,31.0,2.9,Yes,Yes,Utility,,No,No,No,4.0,750000000.0,0.75,Yes,Yes,Yes,Yes,Yes,Yes,Yes
0,SmartCity,SCT Token,,,,Croatia,58.0,16.0,2.7,Yes,Yes,Utility,0.0555,No,No,No,7.5,80000000.0,0.9,Yes,Yes,Yes,Yes,Yes,No,Yes
0,SmartGold,SGT,,,,Tanzania,90.0,20.0,2.7,Yes,No,Utility,20.0,No,No,No,11.0,800000.0,0.8,Yes,Yes,Yes,Yes,Yes,No,Yes
0,SMARTRealty,RLTY,,,,USA,89.0,30.0,3.8,Yes,Yes,Utility,0.58,No,No,No,8.0,200000000.0,0.4,No,Yes,Yes,Yes,Yes,No,Yes
0,Solar DAO,SDAO,,,,Israel,41.0,,2.7,Yes,Yes,Utility,1.0,No,No,No,5.0,80000000.0,0.75,No,Yes,Yes,Yes,Yes,No,Yes
0,Sportie,SPTI,,,,Unknown,91.0,29.0,2.7,Yes,Yes,Utility,0.0231,No,No,No,4.0,1200000000.0,0.6,Yes,Yes,Yes,Yes,Yes,No,Yes
0,Squarex,SQEX,,,,Latvia,30.0,17.0,2.9,Yes,Yes,Utility,0.2308,Yes,No,No,16.0,68730000.0,0.79,Yes,Yes,Yes,Yes,Yes,Yes,Yes
0,Start Waves,SWC,,,,Colombia,121.0,61.0,2.7,Yes,Yes,Utility,0.03,No,Yes,Yes,3.0,600000000.0,0.6,Yes,Yes,Yes,Yes,Yes,No,Yes
0,Status,SNT,,,,Switzerland,0.0,,2.7,Yes,Yes,Utility,0.0365,No,No,No,12.0,,,No,No,Yes,Yes,Yes,Yes,missingData
0,Stellargoldcoin,XLMGOLD,,,,India,153.0,31.0,2.6,Yes,Yes,Utility,0.5,No,No,No,11.0,67750000.0,0.2,Yes,Yes,Yes,Yes,Yes,No,No
0,StokIT,STO,,,,Canada,5.0,4.0,2.7,No,No,Utility,0.049,No,No,No,4.0,,,No,Yes,Yes,Yes,Yes,No,missingData
0,Storecoin,STORE,,,,USA,135.0,,2.7,No,No,Utility,0.179,Yes,Yes,No,13.0,,,No,No,Yes,Yes,Yes,Yes,Yes
0,STOW IT Token,STOW,,,,USA,29.0,27.0,2.7,Yes,Yes,Utility,0.0233,No,Yes,No,11.0,250500000.0,0.57,No,Yes,Yes,Yes,Yes,No,Yes
0,Synco,SYNCO,,,,Singapore,20.0,51.0,2.6,Yes,Yes,Utility,0.0125,Yes,Yes,No,29.0,6500000000.0,0.5,Yes,Yes,Yes,Yes,Yes,No,Yes
0,Talketh,VOX,,,,Switzerland,117.0,,2.7,Yes,Yes,Utility,1.01,No,Yes,Yes,7.0,37500000.0,,Yes,Yes,Yes,Yes,Yes,No,Yes
0,TeleX AI,TLX,,,,UK,11.0,30.0,2.8,Yes,Yes,Utility,0.075,No,No,No,4.0,60000000.0,,No,Yes,Yes,Yes,Yes,No,Yes
0,The Company Green Energy,GEC,,,,Belarus,363.0,,2.7,Yes,Yes,Utility,1.0,No,No,No,18.0,230000000.0,0.8,Yes,Yes,Yes,Yes,Yes,Yes,Yes
0,The Magnus Collective,MGS,,,,Seychelles,10.0,,3.9,Yes,Yes,Utility,0.66,Yes,Yes,No,9.5,,,Yes,Yes,Yes,Yes,Yes,Yes,Yes
0,The TOK App,TOK,,,,Singapore,30.0,29.0,2.7,Yes,Yes,Utility,1.0,No,No,No,3.0,325000000.0,0.65,Yes,Yes,Yes,Yes,Yes,No,Yes
0,Thought,THT,,,,British Virgin Islands,60.0,12.0,2.9,No,No,Utility,0.1364,Yes,Yes,No,16.0,,0.32,Yes,Yes,Yes,Yes,Yes,Yes,Yes
0,Titan Autonomous,,,,,USA,44.0,,2.7,Yes,Yes,Utility,0.5,Yes,Yes,No,11.5,125000000.0,0.48,Yes,Yes,Yes,Yes,Yes,No,Yes
0,TOS,TOS,,,,Singapore,10.0,,2.7,Yes,Yes,Utility,0.1445,No,Yes,No,7.0,500000000.0,0.5,Yes,Yes,Yes,Yes,Yes,Yes,Yes
0,TourismCoin,TOCC,,,,Turkey,10.0,8.0,2.7,Yes,Yes,Utility,0.8,No,Yes,No,10.0,9300000.0,0.5,Yes,Yes,Yes,Yes,Yes,No,Yes
0,TRIPBIT,TBT Token,,,,Australia,63.0,34.0,2.7,Yes,Yes,Utility,0.0476,No,Yes,No,6.5,,0.55,Yes,Yes,Yes,Yes,Yes,No,Yes
0,TwixaCoin,TWIX,,,,Netherlands,22.0,,2.7,Yes,Yes,Utility,0.5,No,Yes,No,11.0,,0.55,No,No,Yes,Yes,No,No,Yes
0,TWQ Token,TWQ,,,,Cayman Islands,37.0,,2.5,Yes,Yes,Utility,0.1,No,Yes,No,11.0,50000000.0,0.3,Yes,Yes,Yes,Yes,Yes,No,Yes
0,UpToken,UP,,,,USA,60.0,,3.2,Yes,Yes,Utility,0.1,No,No,No,9.5,10000000000.0,0.8,No,Yes,Yes,Yes,Yes,No,No
0,Vacuum,VAC,,,,Russia,31.0,14.0,2.7,Yes,Yes,Utility,0.4704,No,No,No,6.0,60000000.0,0.6,No,No,Yes,Yes,Yes,No,Yes
0,Valena-SVCoin,SVCoin,,,,Russia,30.0,,2.7,Yes,Yes,Utility,2.5,Yes,No,No,23.0,52740000.0,0.81,No,No,Yes,Yes,Yes,No,Yes
0,Ventana,VENTANA,,,,Australia,28.0,,2.7,Yes,Yes,Utility,0.35,No,No,No,7.0,,,Yes,Yes,Yes,Yes,Yes,No,missingData
0,Ventured Network,VCN,,,,USA,30.0,,2.7,Yes,Yes,Utility,0.074,No,No,No,3.0,330000000.0,,Yes,Yes,Yes,Yes,Yes,Yes,No
0,Vera Cruz Coin,VCC,,,,United Arab Emirates,61.0,,2.7,Yes,Yes,Utility,1.25,No,No,No,9.0,40000000.0,0.408,Yes,Yes,Yes,Yes,Yes,Yes,missingData
0,Verif-y,VFY,,,,USA,36.0,41.0,2.7,Yes,Yes,Utility,0.0894,No,No,No,15.0,,0.4,No,Yes,Yes,Yes,Yes,No,Yes
0,Vestopia,VTP,,,,United Arab Emirates,60.0,,2.7,Yes,Yes,Utility,0.1039,No,No,No,1.0,52000000.0,0.6,No,Yes,Yes,Yes,Yes,Yes,Yes
0,VirUs,VIS,,,,Switzerland,91.0,,2.7,Yes,Yes,Utility,0.0066,No,No,No,5.0,80000000.0,0.8,Yes,Yes,Yes,Yes,Yes,No,Yes
0,Vixcore,VXCR,,,,South Korea,91.0,,2.7,Yes,Yes,Utility,4.62e-05,No,No,Yes,9.0,5000000000.0,0.5,No,No,Yes,Yes,Yes,No,Yes
0,Vodi X,VDX,,,,Malta,1.0,,3.3,Yes,Yes,Utility,0.01,No,No,No,11.5,450000000.0,0.45,Yes,Yes,Yes,Yes,Yes,No,Yes
0,VOXXO,VOXXO,,,,Turkey,217.0,,2.8,Yes,Yes,Utility,0.05,No,No,No,4.5,,,Yes,Yes,Yes,Yes,Yes,No,Yes
0,VR MED,VRMD,,,,Cyprus,28.0,27.0,3.2,Yes,Yes,Utility,0.25,Yes,Yes,No,14.0,2000000.0,,Yes,Yes,Yes,Yes,Yes,Yes,Yes
0,VReS,VReS,,,,Unknown,64.0,,2.7,Yes,Yes,Utility,0.1548,No,No,No,10.0,165000000.0,0.5,Yes,Yes,Yes,Yes,Yes,No,Yes
0,VTradeExchange OÜ,VTRD,,,,Estonia,66.0,,2.7,Yes,Yes,Utility,0.05,Yes,Yes,No,13.5,275000000.0,,No,No,Yes,Yes,Yes,No,Yes
0,Wala Financial Platform,DALA,,,,South Africa,10.0,,2.85,Yes,Yes,Utility,0.1,No,No,No,6.5,300000000.0,0.3,No,Yes,Yes,Yes,Yes,Yes,Yes
0,Wang Token,WANG,,,,Unknown,30.0,,2.7,Yes,Yes,Utility,,No,No,No,4.0,15000000000.0,0.6,Yes,Yes,Yes,Yes,Yes,Yes,Yes
0,weBloc,WOK Token,,,,South Korea,9.0,9.0,2.7,No,No,Utility,0.0009,Yes,Yes,No,36.0,4000000000.0,0.4,Yes,Yes,Yes,Yes,Yes,No,Yes
0,WeevoCity,WEE,,,,Bulgaria,60.0,30.0,2.7,Yes,Yes,Utility,0.046,No,No,No,7.0,49500000.0,0.45,Yes,Yes,Yes,Yes,Yes,Yes,Yes
0,WHIRL,WRL,,,,Malta,274.0,,2.7,Yes,Yes,Utility,0.0001,No,No,Yes,7.0,38250000000.0,0.708,Yes,Yes,Yes,Yes,Yes,No,Yes
0,Whitestone Coin,WHS,,,,Japan,68.0,,2.7,Yes,Yes,Utility,3.9,No,No,No,3.0,5000000.0,0.5,No,No,Yes,Yes,Yes,Yes,Yes
0,WinMiner,The WinMiner Token,,,,UK,83.0,,2.7,No,No,Utility,0.01,Yes,Yes,No,7.5,5000000000.0,0.5,Yes,Yes,Yes,Yes,Yes,No,Yes
0,Wireline,WRL,,,,USA,31.0,,2.7,Yes,Yes,Utility,0.1,No,No,No,10.5,100000000.0,0.333,No,Yes,Yes,Yes,Yes,No,Yes
0,WISEPLAT,WISE,,,,Poland,36.0,27.0,2.7,Yes,Yes,Utility,51.65,No,No,No,7.0,10000000.0,0.7,Yes,No,Yes,Yes,Yes,Yes,Yes
0,wysker,WYS,,,,Germany,28.0,75.0,2.9,Yes,Yes,Utility,0.062,No,No,No,22.0,1782692307.0,,No,Yes,Yes,Yes,Yes,Yes,Yes
0,XRONOS,XPO,,,,Czech Republic,30.0,,2.7,Yes,Yes,Utility,3.5,No,No,No,9.0,,,No,No,Yes,Yes,Yes,No,Yes
0,Yobit,YBC,,,,Canada,78.0,,2.7,Yes,Yes,Utility,7.0,No,Yes,No,11.0,1400000.0,0.7,Yes,Yes,Yes,Yes,Yes,No,Yes
0,Ziggurat Token,ZIG,,,,Estonia,150.0,,2.8,Yes,Yes,Utility,0.22,No,No,No,2.0,350460000.0,0.66,No,Yes,Yes,Yes,Yes,No,Yes
0,ZrCoin,ZRC,,,,Russia,29.0,,2.9,No,No,Utility,1.55,No,No,No,10.0,,,Yes,No,Yes,Yes,Yes,No,No
0,100Tokens,OHC,,,,USA,20.0,23.0,2.9,Yes,Yes,Utility,0.0113,No,No,No,0.0,600000000.0,0.6,Yes,Yes,Yes,Yes,Yes,Yes,Yes
0,8gig,Po8,,,,Panama,184.0,,2.6,Yes,Yes,Utility,0.0109,No,No,No,17.5,,,No,No,Yes,Yes,Yes,No,Yes
0,Aaramco,ARM,,,,UK,44.0,,2.6,Yes,Yes,Utility,2.3,No,No,No,8.0,350000000.0,0.7,No,Yes,Yes,Yes,Yes,Yes,Yes
0,Ace Casino,CASI,,,,Estonia,170.0,,2.2,Yes,Yes,Utility,,No,No,Yes,8.0,770000000.0,0.5,Yes,Yes,Yes,Yes,Yes,No,Yes
0,Airgeadcoin,AED,,,,Ireland,174.0,45.0,2.8,Yes,Yes,Utility,1.1692,No,Yes,No,16.0,80000000.0,0.8,Yes,Yes,Yes,Yes,Yes,Yes,Yes
0,Alfa-Enzo,NZO,,,,Cayman Islands,217.0,104.0,2.6,Yes,Yes,Utility,0.01,No,No,Yes,12.5,12600000000.0,0.6,Yes,Yes,Yes,Yes,Yes,No,Yes
0,Alttradex,ATXT,,,,Monaco,41.0,,2.6,Yes,Yes,Utility,0.25,No,No,No,3.5,142857143.0,,Yes,Yes,Yes,Yes,Yes,Yes,Yes
0,AMPLE! Coin,ACO,,,,Japan,31.0,15.0,3.1,Yes,Yes,Utility,1.21,No,No,No,14.0,,,No,No,Yes,Yes,Yes,Yes,No
0,Angel Token,Angel Token,,,,Unknown,22.0,,2.3,Yes,Yes,Utility,0.632,No,No,No,0.0,70000000.0,0.7,No,No,Yes,Yes,Yes,Yes,Yes
0,ANTAVIRA,ARMT,,,,Monaco,30.0,,2.6,Yes,Yes,Utility,1.0,No,No,No,3.5,,0.5,Yes,Yes,Yes,Yes,Yes,No,Yes
0,APIS Beechain,APIS,,,,Romania,31.0,,2.6,No,No,Utility,0.012,No,No,No,5.5,80000000.0,0.8,Yes,Yes,Yes,Yes,Yes,No,Yes
0,ArtNoy,ART Token,,,,Israel,167.0,24.0,2.6,Yes,Yes,Utility,1.0,No,No,No,12.0,60000000.0,0.6,Yes,Yes,Yes,Yes,Yes,No,Yes
0,Astoria,APC Token,,,,Singapore,30.0,30.0,2.6,Yes,Yes,Utility,0.0638,No,No,No,4.0,65000000.0,,No,No,Yes,Yes,Yes,No,Yes
0,Athero,THO,,,,Cayman Islands,122.0,,2.6,Yes,Yes,Utility,0.04,No,Yes,Yes,7.0,1400000000.0,0.7,Yes,Yes,Yes,Yes,Yes,Yes,Yes
0,Aurora,IDXM,,,,USA,31.0,,2.6,Yes,Yes,Utility,3000.0,No,No,No,9.0,,,No,Yes,Yes,Yes,Yes,No,Yes
0,Authorship,ATS,,,,USA,30.0,,2.6,Yes,Yes,Utility,0.042,No,No,No,2.0,,0.8,Yes,Yes,Yes,Yes,Yes,No,Yes
0,AvaGo,AVA,,,,Singapore,92.0,,2.6,Yes,Yes,Utility,0.0727,Yes,Yes,Yes,3.5,250000000.0,0.51,Yes,Yes,Yes,Yes,Yes,Yes,Yes
0,BABB,BAX,,,,UK,28.0,31.0,3.75,Yes,Yes,Utility,0.0012,Yes,Yes,Yes,22.5,20000000000.0,0.6,No,No,Yes,Yes,Yes,No,Yes
0,Bartcoin,BARC,,,,France,66.0,28.0,2.2,Yes,Yes,Utility,1.1341,No,Yes,No,13.0,5140000.0,,Yes,Yes,Yes,Yes,No,No,Yes
0,BCEDEX,BCDX,,,,Russia,120.0,46.0,2.6,Yes,Yes,Utility,0.0006,No,No,Yes,6.0,7000000000.0,0.7,Yes,Yes,Yes,Yes,Yes,No,Yes
0,BDXAlliance,BDX,,,,Malta,92.0,,2.6,Yes,Yes,Utility,0.3389,No,Yes,No,6.0,90000000.0,0.45,Yes,Yes,Yes,Yes,Yes,No,Yes
0,Bitfair,XBF,,,,Anguilla,28.0,,2.6,Yes,Yes,Utility,0.5,Yes,Yes,Yes,15.0,432000000.0,0.6,No,No,Yes,Yes,Yes,Yes,Yes
0,BitKAM Network,KAM,,,,Unknown,52.0,,2.6,Yes,Yes,Utility,0.01,No,Yes,No,5.0,1000000000.0,0.2,No,No,Yes,Yes,Yes,No,Yes
0,BitWorld,BIW,,,,Singapore,59.0,38.0,2.6,Yes,Yes,Utility,0.36,No,No,No,1.0,40000000.0,0.5,Yes,Yes,Yes,Yes,Yes,No,Yes
0,Blockium,BOK,,,,Israel,3.0,,2.6,Yes,Yes,Utility,0.023,No,No,Yes,10.0,650000.0,0.1,No,No,Yes,Yes,Yes,No,Yes
0,BlokCoin,BLOKS,,,,Liechtenstein,35.0,4.0,2.6,Yes,Yes,Utility,0.2,No,No,No,7.0,,0.55,No,No,Yes,Yes,Yes,Yes,Yes
0,BlueGold,BG,,,,Malta,152.0,71.0,2.6,Yes,Yes,Utility,1.0,Yes,Yes,Yes,13.0,,0.64,Yes,Yes,Yes,Yes,Yes,Yes,Yes
0,Bodhi,BOT,,,,USA,15.0,,2.5,No,No,Utility,0.37,No,No,No,12.0,,0.6,No,No,Yes,Yes,Yes,Yes,Yes
0,Boosteroid,BTR,,,,United Arab Emirates,16.0,,2.8,Yes,Yes,Utility,2.78,Yes,Yes,No,0.0,89000000.0,,No,No,Yes,Yes,Yes,Yes,Yes
0,Cajutel Sarl,CAJUTEL,,,,Guinea-Bissau,73.0,,2.6,Yes,Yes,Utility,90.83,No,No,No,4.0,720000.0,0.4,Yes,Yes,Yes,Yes,Yes,No,Yes
0,Canabio,CNB,,,,UK,348.0,16.0,2.5,Yes,Yes,Utility,0.4,No,No,No,4.5,,,Yes,Yes,Yes,Yes,Yes,No,No
0,CareerXon,CRN,,,,Switzerland,1.0,,2.6,Yes,Yes,Utility,0.2279,No,No,No,4.0,15000000.0,0.966,No,Yes,Yes,Yes,Yes,Yes,missingData
0,Carmel,CARMEL,,,,Romania,70.0,70.0,2.6,Yes,Yes,Utility,1.0,No,No,No,3.0,42000000.0,0.6,Yes,Yes,Yes,Yes,Yes,Yes,Yes
0,Cartel,CRTL,,,,Singapore,70.0,,2.6,Yes,Yes,Utility,0.0841,Yes,No,No,13.0,70000000.0,0.7,Yes,Yes,Yes,Yes,Yes,No,Yes
0,Cederis,ISP,,,,Spain,33.0,,2.9,Yes,Yes,Utility,0.1,No,No,No,4.5,,,Yes,No,Yes,Yes,Yes,No,No
0,CFun,CFUN,,,,Singapore,1.0,,2.7,No,No,Utility,0.03,No,No,No,9.0,500000000.0,0.5,Yes,Yes,Yes,Yes,Yes,No,Yes
0,ChainRepublik,CRC Token,,,,Romania,106.0,,2.7,No,No,Utility,1.0,No,No,No,3.0,800000.0,0.05,Yes,Yes,Yes,Yes,Yes,Yes,Yes
0,ClickableTV,CTV,,,,USA,92.0,38.0,2.6,Yes,Yes,Utility,0.523,No,No,No,7.5,30000000.0,0.3,No,Yes,Yes,Yes,Yes,No,Yes
0,Code of Talent,CODE,,,,Romania,46.0,16.0,2.6,Yes,Yes,Utility,0.1,Yes,Yes,Yes,30.5,185000000.0,0.55,Yes,Yes,Yes,Yes,Yes,No,Yes
0,Coin Mine Australia,CMA,,,,Australia,70.0,14.0,2.6,Yes,Yes,Utility,0.2,No,Yes,No,9.0,120000000.0,0.8,No,Yes,Yes,Yes,Yes,No,Yes
0,COINANX,ANX,,,,Australia,20.0,,2.6,Yes,Yes,Utility,0.02,Yes,Yes,Yes,10.5,,0.25,Yes,Yes,Yes,Yes,Yes,No,Yes
0,CoinJob,XCJ,,,,USA,31.0,,2.6,Yes,Yes,Utility,0.2992,No,No,No,4.0,60000000.0,,No,Yes,Yes,Yes,Yes,No,missingData
0,COMMITGOOD,GOOD,,,,USA,72.0,,2.6,Yes,Yes,Utility,0.3022,No,Yes,No,15.0,59000000.0,,No,Yes,Yes,Yes,Yes,No,Yes
0,Contents Protocol,CPT Token,,,,South Korea,3.0,,2.6,Yes,Yes,Utility,0.00152,No,Yes,Yes,27.5,,0.3,No,Yes,Yes,Yes,Yes,No,Yes
0,Conventment,CNVT,,,,USA,14.0,23.0,2.6,No,No,Utility,0.7405,Yes,No,No,5.0,75000000.0,0.75,Yes,Yes,Yes,Yes,Yes,No,Yes
0,Cooperative Exchange,COOP,,,,USA,89.0,3.0,2.6,Yes,Yes,Utility,0.047,No,No,Yes,6.5,9000000.0,0.75,Yes,Yes,Yes,Yes,Yes,No,Yes
0,crypto wealth,CWJ,,,,Nigeria,91.0,,2.6,Yes,Yes,Utility,,No,No,No,7.0,,,Yes,Yes,Yes,Yes,Yes,Yes,Yes
0,CryptoAlias,ALS,,,,Romania,62.0,,2.8,Yes,Yes,Utility,0.928,No,No,No,5.0,75000000.0,0.75,No,No,Yes,Yes,Yes,Yes,No
0,CryptoCocktail Coin,CCC,,,,Unknown,17.0,,2.6,Yes,Yes,Utility,0.03,No,No,No,5.0,27000000.0,,Yes,Yes,Yes,Yes,Yes,No,missingData
0,CryptoGlobal Markets,CGX,,,,UK,32.0,10.0,2.4,Yes,Yes,Utility,114.0,No,No,No,3.5,15750000.0,0.75,Yes,Yes,Yes,Yes,Yes,No,Yes
0,CryptoStarter,CST Token,,,,Austria,30.0,31.0,2.6,Yes,Yes,Utility,0.4962,No,No,No,7.5,,,No,No,Yes,Yes,Yes,No,Yes
0,Cryptoya,CRA,,,,Netherlands,56.0,30.0,2.6,Yes,Yes,Utility,0.05,No,Yes,No,7.5,450000000.0,0.7,No,No,Yes,Yes,No,No,missingData
0,Crypviser,CVCOIN,,,,Russia,41.0,,2.6,Yes,Yes,Utility,1.0,No,No,No,6.0,15000000.0,,No,No,Yes,Yes,Yes,No,Yes
0,DANS,DANS,,,,UK,60.0,,2.6,Yes,Yes,Utility,0.2785,Yes,Yes,Yes,6.0,80000000.0,0.8,No,Yes,Yes,Yes,Yes,No,Yes
0,DataXchain,DXCT,,,,Singapore,41.0,,2.6,Yes,Yes,Utility,0.06,No,Yes,Yes,14.5,730000000.0,0.73,No,Yes,Yes,Yes,Yes,Yes,Yes
0,DATO,DATO,,,,Japan,6.0,,2.6,Yes,Yes,Utility,1.2419,No,No,No,6.0,,0.6,No,Yes,Yes,Yes,No,Yes,Yes
0,DeckSwap,DEK,,,,Unknown,31.0,,2.6,Yes,Yes,Utility,0.0165,No,No,No,1.5,70000000.0,,Yes,Yes,Yes,Yes,Yes,Yes,missingData
0,DestineyAI,ScudoCoin,,,,Czech Republic,49.0,14.0,2.6,No,No,Utility,6.96,Yes,Yes,No,13.0,175846600.0,0.419,No,No,Yes,Yes,Yes,Yes,missingData
0,Digital Credit,DGCT,,,,Japan,30.0,,2.6,Yes,Yes,Utility,0.045,Yes,Yes,No,4.0,700000000.0,0.2,Yes,Yes,Yes,Yes,Yes,Yes,missingData
0,Digital Developers Fund,DDF,,,,Cayman Islands,30.0,,2.1,Yes,Yes,Utility,0.2953,No,No,No,6.0,247500000.0,,No,Yes,Yes,No,Yes,Yes,No
0,Digitex,DGTX,,,,Seychelles,31.0,,2.5,Yes,Yes,Utility,0.01,No,No,No,6.0,700000000.0,,No,Yes,Yes,Yes,Yes,No,Yes
0,DisLedger,DCL,,,,US Virgin Islands,60.0,,2.6,Yes,Yes,Utility,70.0,No,No,No,1.0,,,No,Yes,Yes,Yes,Yes,Yes,Yes
0,Dopameme,DMT,,,,Mexico,28.0,,3.0,Yes,Yes,Utility,0.1803,No,No,No,10.0,100000000.0,,Yes,Yes,Yes,Yes,Yes,Yes,Yes
0,Dubailancers Token,DXBC,,,,United Arab Emirates,12.0,,2.6,Yes,Yes,Utility,0.0032,No,No,No,6.0,200000000.0,0.5,No,No,Yes,Yes,Yes,No,missingData
0,Echoin,EC,,,,Unknown,0.0,,2.6,Yes,Yes,Utility,0.0113,No,No,No,7.0,274336282.0,0.1372,No,Yes,Yes,Yes,Yes,No,Yes
0,eKash,EKH,,,,Russia,60.0,,2.6,Yes,Yes,Utility,0.3401,No,No,No,5.0,500000000.0,0.5,No,No,Yes,Yes,Yes,Yes,Yes
0,Equadex,EDEX,,,,Japan,60.0,,2.6,Yes,Yes,Utility,0.544,Yes,Yes,No,19.0,85000000.0,0.85,Yes,Yes,Yes,Yes,Yes,No,missingData
0,Etheraffle,LOT,,,,UK,62.0,37.0,2.6,Yes,Yes,Utility,0.0055,No,No,No,3.0,,,No,No,Yes,Yes,Yes,Yes,Yes
0,EVAIO,EVA token,,,,Unknown,1.0,,2.6,Yes,Yes,Utility,0.015,No,No,No,4.0,4200000000.0,0.35,No,Yes,Yes,Yes,Yes,No,Yes
0,exortion,EXOE,,,,Thailand,91.0,29.0,2.6,Yes,Yes,Utility,0.1,No,Yes,No,5.0,220500000.0,0.7,Yes,Yes,Yes,Yes,Yes,No,missingData
0,ExsulCoin,XUL,,,,USA,30.0,70.0,2.4,Yes,Yes,Utility,0.685,No,No,No,6.0,3000000000.0,0.5,No,Yes,Yes,Yes,Yes,No,Yes
0,Extremium,EXT Token,,,,USA,61.0,,2.6,Yes,Yes,Utility,2.0,No,No,Yes,0.0,7000000.0,0.333,Yes,Yes,Yes,Yes,Yes,No,Yes
0,EZYcount,EZY,,,,Switzerland,94.0,30.0,2.6,No,No,Utility,0.1034,No,Yes,Yes,13.0,20000000.0,,Yes,Yes,Yes,Yes,Yes,No,Yes
0,Fair Diamond Mining,FDM,,,,Unknown,119.0,,2.6,Yes,Yes,Utility,167.773,No,No,No,8.0,24480.0,0.51,No,Yes,Yes,Yes,No,No,missingData
0,Farm,FARMG,,,,USA,27.0,15.0,2.7,Yes,Yes,Utility,0.4785,Yes,No,No,6.0,75000000.0,0.75,Yes,Yes,Yes,Yes,Yes,No,Yes
0,Faxport,FAS,,,,Hong Kong,46.0,19.0,3.4,Yes,Yes,Utility,193.0,Yes,No,No,16.0,90000000.0,0.45,Yes,Yes,Yes,Yes,Yes,Yes,Yes
0,Feedchain,FEED,,,,Cayman Islands,59.0,20.0,2.6,Yes,Yes,Utility,0.0124,No,Yes,Yes,17.0,,0.35,Yes,Yes,Yes,Yes,Yes,No,Yes
0,Feelium,FCC,,,,Singapore,,,2.6,No,No,Utility,3.0,No,No,No,8.0,,0.5,Yes,Yes,Yes,Yes,Yes,No,Yes
0,Filecoin,FIL,,,,USA,31.0,,3.1,No,No,Utility,0.75,No,No,No,13.0,200000000.0,0.1,No,Yes,Yes,Yes,Yes,No,No
0,FinTech Coin,FTC Token,,,,Unknown,152.0,,2.6,Yes,Yes,Utility,0.29,No,No,No,6.0,,,No,No,Yes,Yes,Yes,No,Yes
0,FINX,FINX,,,,British Virgin Islands,168.0,,2.6,Yes,Yes,Utility,409.1667,No,Yes,No,23.0,98940000000.0,0.9894,No,No,Yes,Yes,Yes,No,missingData
0,Floaterium,FLI Token,,,,Russia,55.0,,2.6,Yes,Yes,Utility,0.02,No,No,No,8.0,825000000.0,0.75,Yes,Yes,Yes,Yes,Yes,No,Yes
0,Follex,SET,,,,Australia,31.0,2.0,2.6,Yes,Yes,Utility,0.262,No,No,Yes,12.0,32000000.0,0.65,No,Yes,Yes,Yes,Yes,No,Yes
0,G-Coin,GCoin,,,,Ghana,24.0,,2.6,Yes,Yes,Utility,0.02,No,No,No,7.0,2450000000.0,0.7,Yes,Yes,Yes,Yes,Yes,No,Yes
0,Gelios,GLS,,,,Russia,30.0,,2.6,Yes,Yes,Utility,1.0,No,No,No,5.0,,0.51,Yes,Yes,Yes,Yes,Yes,Yes,Yes
0,GINEX,GNX Token,,,,Seychelles,123.0,71.0,2.6,Yes,Yes,Utility,0.225,No,No,Yes,4.0,,0.8,No,No,Yes,Yes,Yes,Yes,Yes
0,Global ICO Fund,GLIF,,,,Switzerland,29.0,,2.6,Yes,Yes,Utility,0.1,Yes,Yes,No,7.0,99996000.0,,Yes,Yes,Yes,Yes,Yes,Yes,Yes
0,Global Pay Net,GLPN,,,,USA,92.0,,2.6,No,No,Utility,0.23,No,No,Yes,9.0,500000.0,,No,No,Yes,Yes,Yes,Yes,Yes
0,gonetworks,GOT,,,,Swaziland,18.0,,2.6,Yes,Yes,Utility,0.5333,No,No,No,16.0,,,No,No,Yes,Yes,Yes,Yes,Yes
0,GOODWORK,OOO Token,,,,Unknown,106.0,92.0,2.6,Yes,Yes,Utility,6.6921,Yes,Yes,Yes,4.0,4050800.0,0.52,Yes,Yes,Yes,Yes,Yes,No,Yes
0,Grand50,Grand50,,,,South Korea,31.0,31.0,2.6,No,No,Utility,,Yes,Yes,No,14.0,3250000000.0,0.65,No,No,Yes,Yes,Yes,No,missingData
0,GreenWorld Farm,GWF,,,,Nigeria,61.0,,2.6,Yes,Yes,Utility,0.0537,No,No,Yes,5.0,,0.62,Yes,Yes,Yes,Yes,Yes,No,Yes
0,Hedger,HDR,,,,Switzerland,91.0,,2.6,Yes,Yes,Utility,0.05,No,No,No,4.0,10000000000.0,0.7,Yes,Yes,Yes,Yes,Yes,No,Yes
0,Hicky,HKY,,,,British Virgin Islands,40.0,31.0,2.8,Yes,Yes,Utility,0.0692,No,No,No,22.0,481500000.0,0.6,No,Yes,Yes,Yes,Yes,Yes,Yes
0,Holdme,HME,,,,USA,30.0,31.0,2.6,Yes,Yes,Utility,0.23,No,No,No,8.0,63000000.0,,Yes,No,Yes,Yes,Yes,No,Yes
0,Honestis Network,HNT,,,,Poland,91.0,21.0,2.6,Yes,Yes,Utility,2.5618,No,No,No,7.0,,,No,No,Yes,Yes,Yes,Yes,missingData
0,HorseChain,HRS,,,,United Arab Emirates,40.0,12.0,2.6,Yes,Yes,Utility,0.3,No,Yes,No,5.0,162500000.0,0.65,Yes,Yes,Yes,Yes,Yes,Yes,Yes
0,HPlus,HPLUS,,,,USA,137.0,,2.6,No,No,Utility,0.4,No,No,No,2.0,36000000.0,0.85,No,Yes,Yes,Yes,Yes,No,No
0,Hubezoo,UNG,,,,USA,122.0,74.0,2.8,Yes,Yes,Utility,1.5,Yes,No,Yes,5.5,200000000.0,,No,No,Yes,Yes,Yes,No,Yes
0,HUNT,HUNT,,,,South Korea,3.0,,2.75,Yes,Yes,Utility,0.02,No,No,No,11.0,50000000.0,0.1,No,Yes,Yes,Yes,Yes,Yes,Yes
0,HUYUcoin,HUYU,,,,South Africa,29.0,40.0,2.6,No,No,Utility,0.024,No,No,No,8.0,650000000.0,0.65,No,Yes,Yes,Yes,Yes,No,Yes
0,Hyperbridge,HBX,,,,Estonia,30.0,183.0,2.6,Yes,Yes,Utility,0.055,Yes,Yes,No,14.5,550000000.0,0.55,Yes,Yes,Yes,Yes,Yes,Yes,Yes
0,IHT Coin,IHT,,,,China,0.0,,2.6,Yes,Yes,Utility,0.1142,Yes,Yes,No,18.0,350000000.0,0.35,Yes,Yes,Yes,Yes,Yes,No,Yes
0,Incent,INCNT,,,,Australia,0.0,,2.6,No,No,Utility,0.095,No,No,No,8.0,,,No,No,Yes,Yes,Yes,No,missingData
0,iRegMed,IRM,,,,Luxembourg,45.0,,3.2,Yes,Yes,Utility,0.19,No,Yes,No,19.0,120000000.0,0.6,No,Yes,Yes,Yes,Yes,No,No
0,Istrium,ISM,,,,France,59.0,38.0,2.6,Yes,Yes,Utility,0.2512,Yes,No,Yes,10.0,20000000.0,0.75,Yes,Yes,Yes,Yes,Yes,No,Yes
0,IViN,IViN,,,,Estonia,45.0,,2.6,No,No,Utility,0.0425,No,No,No,11.0,400000000.0,0.4,Yes,Yes,Yes,Yes,Yes,No,Yes
0,JoinGrowth,JGC,,,,Mexico,28.0,,2.6,Yes,Yes,Utility,0.5,No,No,No,8.0,,,No,No,Yes,Yes,Yes,Yes,Yes
0,Juchating,PSR,,,,South Korea,2.0,,2.6,Yes,Yes,Utility,0.0042,No,No,No,9.0,400000000.0,0.2,Yes,No,Yes,Yes,No,No,Yes
0,Kastle,AKT,,,,USA,65.0,,2.6,Yes,No,Utility,0.1,No,Yes,Yes,8.0,100000000.0,0.5,No,Yes,Yes,Yes,Yes,No,Yes
0,KINEKT Terminals,XKN,,,,South Africa,91.0,9.0,2.6,Yes,Yes,Utility,0.0462,No,Yes,No,5.0,500000000.0,0.5,No,No,Yes,Yes,Yes,Yes,Yes
0,Kissescoin,Kisses,,,,Czech Republic,59.0,,2.3,Yes,Yes,Utility,2.7,No,No,Yes,7.0,72000000.0,0.3,No,No,Yes,Yes,Yes,No,Yes
0,Koala,KOA,,,,UK,115.0,15.0,2.6,Yes,Yes,Utility,0.0283,Yes,No,Yes,7.0,800000000.0,0.7,Yes,Yes,Yes,Yes,Yes,Yes,Yes
0,Konios Project,KON,,,,Switzerland,91.0,121.0,2.8,Yes,Yes,Utility,0.01,Yes,Yes,Yes,15.0,3750000000.0,0.75,No,Yes,Yes,Yes,Yes,Yes,Yes
0,LakeDiamond,LkD,,,,Switzerland,125.0,5.0,2.6,No,No,Utility,0.552,Yes,Yes,No,22.0,110000000.0,0.7762,Yes,Yes,Yes,Yes,Yes,No,Yes
0,Larecoin (LARE),LARE,,,,USA,361.0,3.0,2.2,Yes,Yes,Utility,0.5609,No,Yes,No,2.0,28000000000.0,0.48,Yes,Yes,Yes,Yes,Yes,No,Yes
0,Lead Wallet,LEAD,,,,Nigeria,29.0,1.0,3.0,Yes,Yes,Utility,0.04,No,No,Yes,9.0,400000000.0,0.4,Yes,Yes,Yes,Yes,Yes,Yes,Yes
0,Lift Token,LIFT,,,,Germany,112.0,,2.6,Yes,Yes,Utility,0.07,No,No,No,5.0,369647721.0,0.7,Yes,Yes,Yes,Yes,Yes,No,Yes
0,LiveTree,,,,,UK,60.0,14.0,3.1,Yes,Yes,Utility,1.0,No,No,No,9.5,256250000.0,0.8,Yes,Yes,Yes,Yes,Yes,Yes,Yes
0,LKSCOIN,LKSCOIN (LKS),,,,Italy,57.0,,2.6,Yes,Yes,Utility,0.011,No,Yes,No,9.0,100000000.0,0.7,No,Yes,Yes,Yes,Yes,No,Yes
0,Lumenus,XLS,,,,Indonesia,17.0,9.0,2.6,No,No,Utility,0.286,No,No,Yes,10.0,240000000.0,0.8,Yes,Yes,Yes,Yes,Yes,No,missingData
0,Luven Diagnostic,LVN,,,,Ukraine,44.0,21.0,2.6,Yes,Yes,Utility,2.93,No,No,No,7.0,30000000.0,,No,No,Yes,Yes,Yes,No,Yes
0,Makeafolio,MAF,,,,USA,153.0,,2.6,No,No,Utility,378.2667,Yes,Yes,No,9.5,,0.6,No,Yes,Yes,Yes,Yes,Yes,Yes
0,marketLIST,LIST,,,,UK,61.0,,2.6,Yes,Yes,Utility,0.046,No,No,No,7.0,750000000.0,0.75,No,Yes,Yes,Yes,Yes,No,Yes
0,MAS COIN,MAS,,,,Malaysia,93.0,,2.6,Yes,Yes,Utility,0.01,No,Yes,No,6.0,1000000000.0,0.5,No,Yes,Yes,Yes,No,No,missingData
0,MB8Coin,MB8,,,,Hungary,328.0,,2.6,No,No,Utility,0.3987,No,No,Yes,8.0,550000000.0,0.963,No,Yes,Yes,Yes,Yes,Yes,missingData
0,MedAI Network,MedAI,,,,Singapore,181.0,21.0,2.8,Yes,Yes,Utility,0.1,Yes,Yes,Yes,6.5,,,Yes,Yes,Yes,Yes,Yes,Yes,Yes
0,Meet Luna,LSTRS,,,,South Korea,7.0,,2.6,No,No,Utility,0.001,Yes,Yes,No,6.0,,0.4,No,No,Yes,Yes,Yes,Yes,Yes
0,Meterx,MTRX,,,,Unknown,31.0,31.0,2.6,Yes,Yes,Utility,0.04,No,No,No,5.0,500000000.0,0.5,No,No,Yes,Yes,Yes,No,Yes
0,Mfun,MFN,,,,Singapore,30.0,121.0,2.6,No,No,Utility,0.005,Yes,Yes,Yes,9.0,25000000000.0,0.25,Yes,Yes,Yes,Yes,Yes,Yes,Yes
0,MiCars,MCR,,,,France,32.0,7.0,2.7,Yes,Yes,Utility,0.232,Yes,Yes,No,2.5,15000000.0,0.67,No,No,Yes,Yes,Yes,No,Yes
0,Mindol,MIN,,,,Japan,67.0,,2.3,Yes,Yes,Utility,0.2278,No,No,No,4.0,,,No,No,Yes,Yes,Yes,No,Yes
0,Mineberg,BERG,,,,UK,59.0,30.0,2.6,Yes,Yes,Utility,1.0,Yes,Yes,No,6.0,30000000.0,,Yes,Yes,Yes,Yes,No,No,Yes
0,Mit-Ra,MTA,,,,United Arab Emirates,303.0,,2.5,Yes,Yes,Utility,0.1,No,No,Yes,8.0,280000000.0,0.8,No,Yes,Yes,Yes,Yes,Yes,Yes
0,MJCoin,MJC,,,,USA,80.0,26.0,2.4,Yes,Yes,Utility,0.02,No,No,No,5.0,10450000.0,0.825,No,Yes,Yes,Yes,Yes,No,Yes
0,Monaize,MNZ,,,,France,211.0,,2.6,No,No,Utility,1.054,No,No,No,8.0,,,Yes,Yes,Yes,Yes,Yes,Yes,Yes
0,Moria,MOR,,,,USA,40.0,,2.6,Yes,Yes,Utility,1.0,No,Yes,No,5.0,,0.8,No,Yes,Yes,Yes,Yes,Yes,missingData
0,MovieChain,MVC Token,,,,China,11.0,,2.6,Yes,Yes,Utility,0.01,Yes,Yes,No,9.0,,,No,No,Yes,Yes,Yes,No,Yes
0,MRCHAIN,MRCH,,,,Singapore,68.0,,2.6,Yes,Yes,Utility,0.055,Yes,Yes,No,4.0,1400000000.0,0.7,Yes,Yes,Yes,Yes,Yes,Yes,Yes
0,MTCash,MTC Token.,,,,Hong Kong,14.0,41.0,2.4,Yes,Yes,Utility,0.102,No,Yes,No,13.0,300000000.0,,Yes,Yes,Yes,Yes,No,No,Yes
0,MTK,MTK,,,,Japan,28.0,,2.6,Yes,Yes,Utility,7.5,No,Yes,No,12.0,30000000.0,0.3,No,Yes,Yes,Yes,Yes,No,missingData
0,NEL,NEL,,,,Singapore,70.0,,2.6,No,No,Utility,0.09,No,No,No,6.0,100000000.0,,Yes,Yes,Yes,Yes,Yes,No,Yes
0,NEMODaX,NEMO,,,,South Korea,10.0,5.0,2.6,Yes,Yes,Utility,0.04,No,Yes,No,9.0,,0.2,No,Yes,Yes,Yes,Yes,No,missingData
0,Neo Smart Energy,NSE,,,,Indonesia,98.0,7.0,3.1,Yes,Yes,Utility,0.56,No,No,No,7.0,19000000.0,0.38,Yes,Yes,Yes,Yes,Yes,No,Yes
0,NeuronX,NXBT,,,,Estonia,79.0,94.0,2.6,Yes,Yes,Utility,0.00075,No,Yes,No,11.5,,0.7,No,Yes,Yes,Yes,Yes,Yes,missingData
0,Notarchain.es,YOF,,,,Spain,97.0,31.0,2.6,Yes,Yes,Utility,0.058,No,No,No,4.0,1500000000.0,0.834,No,No,Yes,Yes,Yes,No,No
0,NUVO,NUVO,,,,UK,30.0,,2.3,No,No,Utility,0.0025,No,Yes,No,8.0,2000000000.0,0.5,Yes,Yes,Yes,Yes,Yes,No,Yes
0,Nuvus.io,GETX,,,,Afghanistan,91.0,,2.6,Yes,Yes,Utility,0.8,Yes,Yes,No,6.0,80000000.0,0.6,Yes,Yes,Yes,Yes,Yes,Yes,Yes
0,Octera,OT,,,,Singapore,91.0,,2.6,No,No,Utility,0.25,No,No,No,11.0,100000000.0,0.64,No,Yes,Yes,Yes,Yes,Yes,missingData
0,OkeyDokey,OKEY,,,,Singapore,44.0,,2.6,Yes,Yes,Utility,0.0141,Yes,Yes,Yes,16.0,450000000.0,0.6,No,No,Yes,Yes,Yes,Yes,Yes
0,OKMCoin,OKMC,,,,Singapore,60.0,,2.6,Yes,Yes,Utility,0.55,Yes,Yes,No,14.0,30000000.0,0.3,Yes,Yes,Yes,Yes,Yes,No,Yes
0,Olife,OLIFE,,,,Singapore,152.0,,2.6,Yes,Yes,Utility,0.025,No,Yes,No,18.0,500000000.0,0.5,Yes,Yes,Yes,Yes,Yes,No,Yes
0,One Solution,OSF,,,,Estonia,62.0,20.0,2.6,Yes,Yes,Utility,10.0,Yes,Yes,Yes,4.0,80000000.0,0.85,Yes,Yes,Yes,Yes,Yes,No,Yes
0,Orbeum,OBM,,,,UK,59.0,,2.6,Yes,Yes,Utility,0.01,No,No,Yes,3.0,4000000000.0,0.73,Yes,Yes,Yes,Yes,Yes,No,Yes
0,Ozinex Exchange Platform,OZI,,,,Spain,221.0,15.0,2.6,Yes,Yes,Utility,0.2,No,Yes,Yes,3.0,300000000.0,0.6,Yes,Yes,Yes,Yes,Yes,Yes,Yes
0,Pallium,PLMT,,,,Russia,303.0,30.0,2.6,Yes,Yes,Utility,0.0842,Yes,No,No,11.0,220000000.0,0.88,Yes,Yes,Yes,Yes,Yes,Yes,Yes
0,ParcelX,GPX,,,,Singapore,92.0,29.0,2.6,Yes,Yes,Utility,0.18,Yes,Yes,No,5.5,300000000.0,0.3,Yes,Yes,Yes,Yes,Yes,Yes,Yes
0,PayPro,PIP,,,,Gibraltar,42.0,7.0,3.6,Yes,Yes,Utility,0.4215,Yes,Yes,Yes,9.0,,0.4,No,Yes,No,Yes,No,Yes,Yes
0,Pieta,PIETA/PITC,,,,Saudi Arabia,102.0,19.0,2.1,Yes,Yes,Utility,0.25,Yes,Yes,Yes,14.5,9900000.0,0.6,Yes,Yes,Yes,Yes,Yes,No,Yes
0,Pingvalue,PCO,,,,Luxembourg,21.0,28.0,2.7,Yes,Yes,Utility,0.0844,No,No,No,31.0,360000000.0,0.6,No,No,Yes,Yes,Yes,No,No
0,Pinnacle Brilliance,BRIL,,,,Belize,84.0,15.0,2.7,No,No,Utility,1.0,No,No,No,9.5,26990000.0,,No,No,Yes,Yes,Yes,No,Yes
0,POA Network,POA,,,,USA,0.0,,2.6,Yes,Yes,Utility,0.072,No,No,No,15.5,252460800.0,0.7,No,Yes,Yes,Yes,Yes,Yes,Yes
0,Prime Shipping Foundation,PSF,,,,Gibraltar,16.0,16.0,2.6,Yes,Yes,Utility,1.0,Yes,Yes,No,9.0,2100000000.0,0.35,Yes,Yes,Yes,Yes,Yes,Yes,Yes
0,Primex,PMX,,,,Lithuania,52.0,,2.6,Yes,Yes,Utility,,Yes,Yes,No,5.5,100000000.0,,Yes,Yes,Yes,Yes,Yes,No,Yes
0,PROPS,PROPS,,,,USA,10.0,,2.7,Yes,Yes,Utility,0.13,No,No,No,9.0,,0.2,No,Yes,Yes,Yes,Yes,No,Yes
0,Qilin.Market,QILIN,,,,Unknown,62.0,,2.6,Yes,Yes,Utility,0.36,No,No,No,7.0,10150000.0,0.7,No,No,Yes,Yes,Yes,Yes,Yes
0,QWIQQ ICO,QIQ,,,,Singapore,54.0,7.0,2.6,Yes,Yes,Utility,0.4,Yes,Yes,Yes,5.0,20000000.0,0.25,Yes,Yes,Yes,Yes,Yes,Yes,Yes
0,Rakugo,RKST,,,,UK,31.0,,2.6,Yes,Yes,Utility,0.2358,No,No,No,18.0,,,No,Yes,Yes,Yes,Yes,No,missingData
0,Rate ICO,STR Token,,,,Thailand,30.0,,3.0,Yes,Yes,Utility,2.1162,No,No,No,9.0,40000000.0,0.67,No,No,Yes,Yes,Yes,No,Yes
0,Re:Factor,REFT,,,,Singapore,91.0,35.0,2.6,Yes,Yes,Utility,0.0292,Yes,Yes,No,15.0,720000000.0,0.72,Yes,Yes,Yes,Yes,Yes,Yes,Yes
0,Real Property Token,RPT,,,,Hong Kong,30.0,14.0,2.7,Yes,Yes,Utility,0.448,No,No,No,10.0,,,Yes,Yes,Yes,Yes,Yes,No,Yes
0,Red Cat,RCAT,,,,Puerto Rico,90.0,,2.6,Yes,Yes,Utility,0.15,Yes,No,No,6.0,156000000.0,0.52,No,Yes,Yes,Yes,No,No,Yes
0,REVV COIN,REC Token,,,,South Korea,35.0,,2.6,Yes,Yes,Utility,44.86,No,No,No,11.0,63000000.0,,No,No,Yes,Yes,No,No,Yes
0,Rider Token,RTN,,,,India,15.0,,2.6,Yes,Yes,Utility,0.02,No,No,No,16.0,,,No,No,Yes,Yes,Yes,Yes,Yes
0,RipaEx,XPX,,,,Italy,167.0,,3.0,No,No,Utility,0.1168,No,Yes,Yes,5.0,,0.65,No,No,Yes,Yes,Yes,Yes,Yes
0,Ripio Credit Network,RCN,,,,Cayman Islands,26.0,,2.6,Yes,Yes,Utility,0.0743,No,No,No,16.0,,0.51,No,Yes,Yes,Yes,Yes,Yes,Yes
0,Riptide Coin,RIPT,,,,USA,246.0,6.0,2.7,Yes,Yes,Utility,0.1,No,No,No,6.0,660566835.0,,No,Yes,Yes,Yes,Yes,Yes,missingData
0,RuCoin,RUC,,,,Russia,90.0,34.0,2.8,Yes,No,Utility,2.0,No,No,No,5.0,45000000.0,,Yes,Yes,Yes,Yes,Yes,Yes,Yes
0,Run2Play - The Blockchain Fitness Platform,RUN,,,,Switzerland,31.0,,2.7,Yes,Yes,Utility,,No,Yes,No,8.0,3500000000.0,0.7,No,No,Yes,Yes,Yes,Yes,Yes
0,SGV-G Technology,SGV,,,,Chile,305.0,92.0,2.6,No,No,Utility,11.6659,Yes,No,No,6.0,57000000.0,,Yes,Yes,Yes,Yes,Yes,No,Yes
0,Shark Trade,SC,,,,USA,224.0,,2.2,Yes,Yes,Utility,1.6,No,No,No,0.0,100000000.0,0.74,No,Yes,Yes,Yes,Yes,No,Yes
0,Bit-Paradise,BPD,,,,Saint Kitts and Nevis,10.0,,2.4,Yes,Yes,Utility,0.02,No,No,No,0.0,50000000.0,0.7,No,Yes,Yes,Yes,Yes,Yes,Yes
0,SkyWay,SWAY,,,,UK,31.0,,2.6,Yes,Yes,Utility,,No,No,No,8.0,2000000000.0,,No,No,No,Yes,Yes,No,missingData
0,SLOGN Logistics,SLOGN,,,,Singapore,31.0,,2.6,Yes,Yes,Utility,0.033,No,No,No,13.0,8000000000.0,0.7,Yes,Yes,Yes,Yes,Yes,Yes,missingData
0,SmartHealthcare,SHC,,,,Estonia,29.0,10.0,2.6,Yes,Yes,Utility,0.1747,No,Yes,No,9.0,,,No,No,Yes,Yes,Yes,No,Yes
0,SmartInsurProtocol,SIPC,,,,Singapore,91.0,,2.6,Yes,Yes,Utility,0.0054,Yes,Yes,No,7.0,,,No,No,Yes,Yes,Yes,Yes,Yes
0,SMRT,SMRT,,,,UK,92.0,28.0,2.7,Yes,Yes,Utility,0.21,No,Yes,No,9.0,,0.5,No,Yes,Yes,Yes,Yes,Yes,No
0,SocialMedia.Market,SMT,,,,Ukraine,35.0,14.0,4.1,Yes,Yes,Utility,245.0,No,Yes,Yes,35.5,40000000.0,0.8,No,Yes,Yes,Yes,Yes,Yes,Yes
0,SP Estate,SPC,,,,Czech Republic,333.0,45.0,2.6,Yes,Yes,Utility,0.1145,No,No,No,6.0,,,Yes,Yes,Yes,Yes,Yes,No,missingData
0,SPENDER,SPD,,,,South Korea,9.0,,2.6,Yes,Yes,Utility,1.0,No,No,No,6.0,20000000000.0,0.2,Yes,Yes,Yes,Yes,No,No,missingData
0,SportyFi,SPF Token,,,,UK,109.0,,2.6,Yes,Yes,Utility,0.12,No,No,No,20.0,134000000.0,0.67,Yes,Yes,Yes,Yes,Yes,No,Yes
0,Sprtshub,Sprtshubcoin/SHC,,,,Nigeria,29.0,,2.6,No,No,Utility,0.0035,Yes,Yes,No,6.0,60000000.0,0.3,Yes,Yes,Yes,Yes,Yes,No,Yes
0,Stabilise,SPC Token,,,,UK,60.0,,2.6,Yes,Yes,Utility,0.001,No,No,No,2.0,20.0,0.8,No,No,Yes,Yes,Yes,No,Yes
0,Staramba,STT,,,,Germany,91.0,,2.3,Yes,Yes,Utility,1.0,Yes,Yes,No,0.0,1000000000.0,0.45,No,Yes,Yes,Yes,Yes,No,No
0,Stash,STP,,,,Australia,28.0,28.0,2.6,Yes,Yes,Utility,0.1,No,No,No,7.0,360000000.0,0.72,No,Yes,Yes,Yes,Yes,No,missingData
0,StasyQ,SQoin,,,,Lithuania,60.0,,2.6,Yes,Yes,Utility,0.058,No,Yes,No,6.0,245000000.0,0.7,No,Yes,Yes,Yes,Yes,Yes,Yes
0,Shipit,SHPT,,,,Saint Kitts and Nevis,,,4.2,Yes,No,missingData,0.015,Yes,Yes,Yes,28.0,375000000.0,0.75,missingData,missingData,Yes,Yes,missingData,Yes,missingData
0,StockBlock,XMC,,,,India,31.0,,2.6,Yes,Yes,Utility,0.234,No,No,No,5.0,137500000.0,0.55,Yes,Yes,Yes,Yes,Yes,No,Yes
0,Stream41,STRM41,,,,USA,153.0,,2.6,Yes,Yes,Utility,647.74,No,No,No,15.5,10000000.0,0.2,No,No,Yes,Yes,Yes,No,missingData
0,STYRAS,STY,,,,Switzerland,32.0,6.0,2.6,Yes,Yes,Utility,158.0,No,No,No,8.0,200000000.0,0.9,Yes,Yes,Yes,Yes,Yes,No,missingData
0,Super Ethereum,STH,,,,Afghanistan,82.0,,2.6,Yes,Yes,Utility,0.006,No,No,Yes,14.0,,0.75,Yes,Yes,Yes,Yes,Yes,Yes,Yes
0,Support Chain,SUP,,,,Unknown,77.0,,2.6,Yes,Yes,Utility,0.3734,No,No,No,8.0,320000000.0,0.8,Yes,Yes,Yes,Yes,Yes,No,Yes
0,Surveychain,SVC,,,,Switzerland,28.0,21.0,2.6,Yes,Yes,Utility,0.198,No,No,No,6.0,70000000.0,0.7,No,Yes,Yes,Yes,Yes,No,Yes
0,SYN LEDGER,SYN token,,,,Unknown,10.0,,2.6,Yes,Yes,Utility,0.1,No,Yes,No,3.5,17000000.0,0.8,No,No,Yes,Yes,Yes,No,Yes
0,Synapse,SYN,,,,USA,236.0,7.0,2.7,Yes,Yes,Utility,0.045,No,No,No,7.5,330000000.0,0.33,Yes,No,Yes,Yes,Yes,No,Yes
0,TaxiCash,TXC,,,,Australia,56.0,13.0,2.6,Yes,Yes,Utility,1.0,No,No,Yes,12.0,80000000.0,0.8,No,No,Yes,Yes,Yes,No,Yes
0,Telecoin,TELE,,,,Unknown,183.0,,3.8,Yes,Yes,Utility,1.33,No,No,No,5.5,13865000.0,0.8,No,Yes,Yes,Yes,Yes,Yes,Yes
0,TEN Token,GDEM,,,,Estonia,3.0,,2.6,Yes,Yes,Utility,0.072,No,No,No,6.5,5000000000.0,0.5,No,No,Yes,Yes,Yes,No,Yes
0,TEND,TND,,,,Switzerland,25.0,,3.5,Yes,Yes,Utility,10.0,No,Yes,Yes,15.0,9500000.0,0.57,Yes,Yes,Yes,Yes,Yes,Yes,Yes
0,Tesoro,ORO,,,,United Arab Emirates,59.0,,2.4,Yes,Yes,Utility,0.35,No,No,No,3.0,65000000.0,0.65,No,No,Yes,Yes,Yes,No,Yes
0,The Veris Foundation,VRS Token,,,,USA,111.0,50.0,2.6,No,No,Utility,0.2364,Yes,Yes,No,7.5,30000000.0,0.6,Yes,Yes,Yes,Yes,Yes,Yes,missingData
0,Thor,THOR,,,,USA,24.0,,2.6,No,No,Utility,1.0,No,No,No,10.5,50000000.0,0.5,No,Yes,Yes,Yes,Yes,Yes,Yes
0,Toplancer,TLC,,,,India,76.0,,2.6,Yes,Yes,Utility,0.1115,No,No,Yes,5.0,400000000.0,0.8,Yes,Yes,Yes,Yes,Yes,No,Yes
0,TradeOne,BITT,,,,UK,61.0,62.0,2.6,Yes,Yes,Utility,0.1,Yes,Yes,No,13.0,400000000.0,0.8,Yes,Yes,Yes,Yes,Yes,Yes,Yes
0,TradeTEX,TDX,,,,Australia,85.0,,2.6,Yes,Yes,Utility,1.0,No,No,No,2.0,15000000.0,0.4286,No,Yes,Yes,Yes,Yes,No,Yes
0,TreeBlock,TREX,,,,Singapore,335.0,,2.6,Yes,Yes,Utility,0.0246,No,Yes,Yes,0.0,10000000000.0,0.25,Yes,Yes,Yes,Yes,Yes,Yes,Yes
0,Tron Game Global,GTP,,,,UK,1.0,,2.6,No,No,Utility,,No,No,No,7.0,1100000000.0,0.6,No,Yes,Yes,Yes,Yes,Yes,Yes
0,Trufield,TRUF,,,,UK,56.0,28.0,2.6,Yes,Yes,Utility,0.2156,No,No,Yes,11.0,70000000.0,,Yes,Yes,Yes,Yes,Yes,No,Yes
0,TrustED,TED,,,,Australia,59.0,111.0,2.6,Yes,Yes,Utility,0.02,No,No,Yes,24.0,1204000000.0,0.7,Yes,Yes,Yes,Yes,Yes,No,Yes
0,Truxir,TIR,,,,Tunisia,75.0,31.0,2.6,Yes,Yes,Utility,0.4,No,Yes,No,5.0,50000000000.0,0.3333,Yes,Yes,Yes,Yes,Yes,No,Yes
0,Tubig Blockchain,TUB,,,,UK,60.0,14.0,2.6,Yes,Yes,Utility,0.5,Yes,Yes,Yes,6.5,35000000.0,,Yes,Yes,Yes,Yes,Yes,Yes,Yes
0,Union,UNI Token,,,,India,91.0,,3.1,Yes,Yes,Utility,0.045,No,Yes,No,6.5,160000000.0,0.8,No,Yes,Yes,Yes,Yes,Yes,Yes
0,Universe Coin IEO,UNIS,,,,Portugal,55.0,94.0,2.6,Yes,Yes,Utility,0.05,No,Yes,No,7.5,1000000000.0,0.1,Yes,Yes,Yes,Yes,Yes,No,Yes
0,UpFinex,UPX,,,,China,47.0,30.0,2.6,Yes,Yes,Utility,0.35,No,No,Yes,6.0,11400000.0,0.57,No,Yes,Yes,Yes,Yes,No,Yes
0,VANM,,,,,Germany,120.0,44.0,3.5,No,No,Utility,0.0704,Yes,No,No,0.0,144000000.0,0.6,No,No,Yes,Yes,Yes,Yes,Yes
0,Vertix,VRX,,,,Switzerland,36.0,,2.6,No,No,Utility,0.1,No,No,No,4.0,30000000.0,0.7,Yes,Yes,Yes,Yes,Yes,No,missingData
0,VFarm,VFT,,,,Singapore,91.0,,2.6,Yes,Yes,Utility,0.1,No,Yes,No,12.0,150000000.0,0.4,No,Yes,Yes,Yes,Yes,No,missingData
0,VICECOIN,VCE,,,,Hong Kong,24.0,,2.6,Yes,Yes,Utility,0.1,No,Yes,No,2.0,,,No,No,Yes,Yes,Yes,No,Yes
0,Vital,VNST,,,,USA,198.0,,2.6,Yes,Yes,Utility,1.5,Yes,No,No,4.0,19238500.0,0.41,No,Yes,Yes,Yes,Yes,No,missingData
0,VocoNetwork,VOCT,,,,Israel,121.0,,3.2,Yes,Yes,Utility,0.2,Yes,Yes,No,17.0,1000000000.0,0.4,No,No,Yes,Yes,Yes,No,Yes
0,VRBTC,VRBTC,,,,UK,3.0,13.0,2.6,Yes,Yes,Utility,0.025,No,No,No,19.0,800000000.0,0.8,No,Yes,Yes,Yes,Yes,No,missingData
0,winkPark,TALAR,,,,Poland,83.0,,2.5,Yes,Yes,Utility,0.0518,No,No,Yes,5.0,1700000000.0,0.5,Yes,Yes,Yes,Yes,Yes,No,Yes
0,Wish Chain,WISH token,,,,Singapore,3.0,,2.9,Yes,Yes,Utility,0.025,No,Yes,No,11.0,10000000000.0,0.25,No,No,Yes,Yes,Yes,No,Yes
0,Wishcoin,Wishcoin,,,,UK,28.0,,2.6,Yes,Yes,Utility,0.1,No,No,No,10.0,200000000.0,0.4,No,No,Yes,Yes,Yes,Yes,missingData
0,World Turtle Coin,TURTL,,,,USA,28.0,,2.6,No,No,Utility,0.1,No,No,No,3.0,,,No,Yes,Yes,Yes,Yes,No,missingData
0,WorldCore,WRC,,,,Czech Republic,62.0,,2.8,Yes,Yes,Utility,0.1,No,No,No,14.0,,,No,Yes,Yes,Yes,Yes,No,Yes
0,YouToken,YTN,,,,USA,63.0,59.0,2.6,Yes,No,Utility,0.15,No,Yes,Yes,8.5,1000000000.0,0.35,Yes,Yes,Yes,Yes,Yes,Yes,Yes
0,ZED,ZED,,,,Canada,91.0,61.0,2.6,No,No,Utility,,No,No,No,10.0,80000000000.0,0.21,No,Yes,Yes,Yes,Yes,Yes,Yes
0,Zempa,Zempa,,,,Ukraine,30.0,,2.6,Yes,No,Utility,0.05,No,No,No,4.5,95000000.0,0.98,No,Yes,Yes,Yes,Yes,No,Yes
0,ZEUS,ZET,,,,Ukraine,41.0,31.0,2.8,Yes,Yes,Utility,1.108,No,No,No,8.0,58000000.0,,No,No,Yes,Yes,Yes,No,Yes
0,Zipper,ZIPT,,,,Hong Kong,35.0,,2.9,Yes,Yes,Utility,0.03,No,No,No,10.0,,,Yes,Yes,Yes,Yes,Yes,Yes,Yes
0,Zloadr,ZDR,,,,UK,31.0,,2.4,Yes,Yes,Utility,0.05,No,No,No,4.5,65000000.0,0.65,No,Yes,Yes,Yes,Yes,No,Yes
0,Zupply,ZUP,,,,Italy,42.0,,2.6,Yes,Yes,Utility,0.0302,No,No,Yes,6.5,600000000.0,0.67,Yes,Yes,Yes,Yes,Yes,No,Yes
0,ZXC Exchange,WDX,,,,Philippines,61.0,,2.6,No,No,Utility,0.552,No,Yes,No,4.5,50000000.0,0.5,Yes,Yes,Yes,Yes,Yes,Yes,Yes
0,Сhromia,,,,,,,,,No,No,missingData,,No,No,missingData,,,,missingData,missingData,No,No,missingData,No,missingData
0,0x,ZRX,,,,USA,31.0,,3.1,Yes,Yes,Utility,0.07,No,No,No,6.5,,0.5,No,No,Yes,Yes,Yes,Yes,No
0,AAA Coin,AAA,,,,Canada,49.0,,2.4,Yes,Yes,Utility,1.0,No,No,No,1.5,97020000.0,0.7,No,No,Yes,Yes,Yes,No,Yes
0,AICoin,,,,,Singapore,42.0,,2.4,Yes,Yes,Utility,0.054,No,No,No,3.0,,,No,No,Yes,Yes,Yes,Yes,missingData
0,AIDA,AID,,,,Estonia,86.0,23.0,2.8,Yes,Yes,Utility,0.25,No,No,No,13.5,,0.76,Yes,Yes,Yes,Yes,Yes,Yes,Yes
0,AKM GLOBAL,AKM,,,,Germany,222.0,,2.5,Yes,Yes,Utility,0.595,No,No,No,7.0,,,Yes,Yes,Yes,Yes,Yes,No,No
0,Alendoo,XALT,,,,UK,41.0,13.0,2.4,Yes,Yes,Utility,,No,No,No,5.0,85000000.0,0.85,Yes,Yes,Yes,Yes,Yes,No,Yes
0,AllForMiner,MIT Token,,,,Czech Republic,78.0,,2.4,Yes,Yes,Utility,1.16,No,No,Yes,5.5,5000000.0,0.5,Yes,Yes,Yes,Yes,Yes,No,Yes
0,Amorito,AMO,,,,Romania,21.0,21.0,2.4,Yes,Yes,Utility,0.0577,No,No,No,5.0,450000000.0,0.45,No,No,Yes,Yes,Yes,Yes,Yes
0,Armors Labs,ARM  token,,,,Unknown,28.0,,2.1,Yes,Yes,Utility,0.0014,No,Yes,No,9.0,3150000000.0,0.15,No,Yes,Yes,Yes,Yes,Yes,Yes
0,Assetbase Foundation,PDT,,,,Seychelles,306.0,,2.4,Yes,Yes,Utility,1.0,No,No,Yes,10.0,5000000.0,,Yes,Yes,Yes,Yes,Yes,Yes,missingData
0,Aston,ATX,,,,Singapore,20.0,4.0,2.4,Yes,Yes,Utility,0.4905,No,No,No,5.0,700000000.0,0.7,No,No,Yes,Yes,Yes,Yes,missingData
0,ATECH,AFX token,,,,Thailand,24.0,14.0,2.7,Yes,Yes,Utility,0.06,No,Yes,Yes,6.0,550000000.0,0.55,Yes,Yes,Yes,Yes,Yes,No,No
0,Attention Network,ATTN,,,,Canada,28.0,,3.1,Yes,Yes,Utility,0.0761,No,No,No,0.0,450000000.0,,Yes,Yes,Yes,Yes,Yes,No,Yes
0,Avalon,AVA,,,,USA,36.0,,2.6,Yes,Yes,Utility,1.0597,No,No,No,12.0,8700000.0,,No,No,No,No,Yes,No,Yes
0,AZ FundChain,AZT,,,,British Virgin Islands,15.0,,3.0,Yes,Yes,Utility,0.6,Yes,Yes,Yes,1.0,2500000.0,0.0833,Yes,Yes,Yes,Yes,Yes,No,No
0,BeeMedics,BMC Token,,,,USA,30.0,,2.4,No,No,Utility,0.005,No,No,Yes,10.0,4000000000.0,,Yes,Yes,Yes,Yes,No,No,Yes
0,benefitcoin,BENFIT,,,,USA,91.0,92.0,2.3,No,No,Utility,0.35,No,No,No,3.0,39000000.0,0.65,No,No,Yes,Yes,No,Yes,No
0,Binocoin,Bino,,,,UK,55.0,20.0,2.4,Yes,Yes,Utility,0.65,No,No,No,11.0,50000000.0,0.5,No,No,Yes,Yes,Yes,No,Yes
0,Galleon Quest,SEA,,,,Saint Kitts and Nevis,46.0,,2.8,Yes,No,missingData,0.14,Yes,No,Yes,11.0,280000000.0,0.7,missingData,missingData,Yes,Yes,missingData,Yes,missingData
0,BitBounce,Credo,,,,USA,3.0,3.0,2.4,Yes,Yes,Utility,0.075,No,No,No,5.5,206000000.0,0.4,No,Yes,Yes,Yes,Yes,Yes,missingData
0,BitDouble,BDBL,,,,Georgia,80.0,,2.4,No,No,Utility,0.25,Yes,Yes,No,8.0,32300000.0,0.85,No,No,Yes,Yes,Yes,No,Yes
0,BiteCoin Network,BiteCoin,,,,France,49.0,55.0,2.8,Yes,Yes,Utility,0.0043,No,Yes,No,7.0,4900000000.0,0.7,Yes,Yes,Yes,Yes,Yes,No,Yes
0,BitherCash,BEC,,,,United Arab Emirates,776.0,,2.0,Yes,Yes,Utility,1.2,No,No,No,0.0,8250000.0,0.75,No,No,Yes,Yes,Yes,Yes,No
0,Bits Digit,BITSD,,,,Belize,30.0,6.0,2.4,Yes,Yes,Utility,1.1766,No,No,No,2.0,7000000.0,,No,Yes,Yes,Yes,Yes,Yes,missingData
0,Bitshares Media,BTSMD,,,,Indonesia,30.0,18.0,2.4,No,No,Utility,0.0356,Yes,Yes,Yes,4.0,1650000000.0,0.45826,Yes,Yes,Yes,Yes,Yes,Yes,missingData
0,Bitsync,BITC,,,,Japan,34.0,6.0,2.4,Yes,Yes,Utility,0.2,No,No,No,13.5,,0.45,Yes,Yes,Yes,Yes,Yes,No,Yes
0,Blackpearl,BPLC,,,,USA,13.0,,2.4,Yes,Yes,Utility,0.075,No,No,No,8.5,1280000000.0,0.2,Yes,Yes,Yes,Yes,No,No,Yes
0,BlobFlow,FLOW,,,,Unknown,7.0,,2.4,Yes,Yes,Utility,0.003,No,Yes,No,5.0,500000000.0,0.05,No,No,Yes,Yes,Yes,No,Yes
0,BlockFood,BFT Token,,,,France,35.0,31.0,2.4,Yes,Yes,Utility,0.2849,Yes,Yes,No,10.0,,,Yes,Yes,Yes,Yes,Yes,Yes,missingData
0,Blockstack,Blockstack Token,,,,USA,60.0,,2.7,No,No,Utility,0.3,No,No,No,16.0,880000000.0,,No,No,Yes,Yes,Yes,Yes,No
0,Bucky,BUCKY,,,,Seychelles,63.0,60.0,2.5,Yes,Yes,Utility,0.25,No,Yes,No,10.0,385400000.0,0.41,Yes,Yes,Yes,Yes,Yes,Yes,Yes
0,Celestial Coin,CEL,,,,USA,151.0,,2.4,Yes,Yes,Utility,0.1,No,No,No,4.0,34020000.0,0.81,No,No,Yes,Yes,Yes,No,Yes
0,Chain ID,CID,,,,British Virgin Islands,27.0,,2.4,Yes,Yes,Utility,0.85,No,No,No,4.0,7000000.0,0.7,No,No,Yes,Yes,Yes,No,Yes
0,CI Chain,CIC,,,,Singapore,30.0,,2.4,Yes,Yes,Utility,1.0,Yes,Yes,No,8.0,375000000.0,0.75,No,No,Yes,Yes,Yes,No,Yes
0,Circles,CRC,,,,Singapore,30.0,,2.4,Yes,Yes,Utility,0.015,No,No,No,7.0,350000000.0,0.7,No,Yes,Yes,Yes,Yes,No,missingData
0,Cogenero,COG,,,,UK,30.0,29.0,2.2,Yes,Yes,Utility,0.0166,Yes,Yes,Yes,6.5,600000000.0,0.6,Yes,Yes,Yes,Yes,Yes,Yes,Yes
0,CoinCasino,CAS,,,,Czech Republic,50.0,,2.1,Yes,Yes,Utility,0.012,No,No,No,8.0,936000000.0,0.68,No,No,Yes,Yes,Yes,Yes,No
0,CoinDrive,CDR,,,,Ukraine,21.0,14.0,2.1,Yes,Yes,Utility,1.0,No,No,No,8.5,18000000.0,0.88,Yes,Yes,Yes,No,Yes,Yes,Yes
0,Copy Trader,CTT,,,,USA,204.0,14.0,2.4,Yes,Yes,Utility,0.4537,No,No,No,5.0,60000000.0,0.3,No,No,Yes,Yes,Yes,Yes,Yes
0,CryptoABS,ABS,,,,Taiwan,21.0,,2.4,Yes,Yes,Utility,1000.0,No,No,No,4.0,1000.0,,No,Yes,Yes,Yes,Yes,Yes,missingData
0,CryptoNationz,CNZ,,,,United Arab Emirates,16.0,7.0,2.4,Yes,Yes,Utility,1.55,No,No,No,4.0,400000000.0,0.7,No,No,Yes,Yes,Yes,No,Yes
0,CurioInvest,CURIO,,,,Liechtenstein,1.0,,2.4,Yes,Yes,Utility,1.0,No,Yes,Yes,14.0,2000000.0,,Yes,Yes,Yes,Yes,Yes,No,Yes
0,DAEX,DAX,,,,China,5.0,,2.8,Yes,Yes,Utility,0.0652,No,Yes,Yes,9.5,,,Yes,Yes,Yes,Yes,Yes,No,Yes
0,Dank Signals,DANK,,,,Canada,28.0,6.0,2.4,Yes,Yes,Utility,0.01,No,No,Yes,0.0,700000000.0,0.8,No,Yes,Yes,Yes,Yes,Yes,Yes
0,DealBox,DLBX,,,,USA,61.0,,2.4,Yes,Yes,Utility,0.75,No,No,No,18.0,,,No,Yes,Yes,Yes,No,Yes,Yes
0,Decem,DECEM,,,,Slovenia,41.0,66.0,2.4,Yes,Yes,Utility,0.015,Yes,Yes,No,7.0,940000000.0,0.94,Yes,Yes,Yes,Yes,Yes,No,Yes
0,DeCoin,DCI,,,,Ukraine,44.0,,2.5,Yes,Yes,Utility,0.03,No,No,No,6.0,350000000.0,0.7,No,Yes,Yes,Yes,No,No,Yes
0,DeFund Project,XDF,,,,Italy,30.0,15.0,2.4,Yes,Yes,Utility,0.006,No,No,No,0.0,450000000.0,0.9,Yes,Yes,Yes,Yes,Yes,Yes,Yes
0,Denaro,DNO,,,,UK,44.0,,1.8,Yes,Yes,Utility,0.1963,No,No,Yes,8.0,10000000.0,0.65,No,No,Yes,Yes,Yes,No,Yes
0,DeskBell Chain,DBT,,,,Estonia,314.0,14.0,3.0,Yes,Yes,Utility,0.5,No,Yes,Yes,12.0,12000000.0,0.692,Yes,Yes,Yes,Yes,Yes,Yes,Yes
0,Digital Gold,DG,,,,Hong Kong,132.0,,2.4,Yes,Yes,Utility,0.1,No,No,No,8.0,300000000.0,0.3,Yes,Yes,Yes,Yes,Yes,No,Yes
0,DropAnswer,DeeCoin,,,,Russia,30.0,,2.4,Yes,Yes,Utility,878.0,No,No,No,7.5,60000000.0,0.5,Yes,Yes,Yes,Yes,Yes,No,Yes
0,Dubtokens,DBN,,,,Switzerland,28.0,,2.4,Yes,Yes,Utility,0.1,No,No,No,31.5,,,No,No,Yes,No,Yes,No,Yes
0,Educoin,EDU,,,,Singapore,7.0,,2.4,Yes,Yes,Utility,525.01,No,No,No,6.0,1000000000.0,0.5,No,No,Yes,Yes,Yes,Yes,Yes
0,EjaCoin,EJAC,,,,Bulgaria,72.0,31.0,2.4,Yes,Yes,Utility,0.1,No,Yes,No,9.0,,0.6,Yes,Yes,Yes,Yes,Yes,No,Yes
0,Emiba,EMB,,,,Russia,578.0,,2.4,Yes,Yes,Utility,1.0,No,Yes,No,9.0,,0.58,Yes,Yes,Yes,Yes,Yes,No,No
0,Emyron Coin,EMY,,,,USA,77.0,,2.4,Yes,Yes,Utility,0.5,No,No,No,1.0,7000000.0,0.28,Yes,No,Yes,Yes,Yes,No,Yes
0,Ethereum Slot Machine,EST,,,,Russia,57.0,,2.4,Yes,Yes,Utility,0.512,No,No,No,3.0,42500000.0,0.85,No,No,Yes,Yes,Yes,No,Yes
0,Ethoasis,ETHO,,,,Sweden,44.0,,2.4,Yes,Yes,Utility,188.0,No,No,No,1.0,2000000.0,0.4,Yes,Yes,Yes,Yes,Yes,No,Yes
0,Export.Online,EXON,,,,Russia,30.0,11.0,2.4,Yes,Yes,Utility,1.0,No,No,No,4.0,36547525.0,0.843,Yes,Yes,Yes,Yes,No,No,Yes
0,Fameone,FAME,,,,Switzerland,75.0,,2.4,Yes,Yes,Utility,0.2885,Yes,Yes,No,5.5,137500000.0,0.55,Yes,Yes,Yes,Yes,Yes,No,Yes
0,Foreground,DEAL,,,,USA,21.0,,2.4,Yes,Yes,Utility,642.4,No,No,No,6.0,500000.0,0.74,Yes,Yes,Yes,Yes,Yes,No,missingData
0,ForgeCDN,FORGE,,,,Croatia,33.0,27.0,2.4,Yes,Yes,Utility,0.597,No,No,No,12.0,47408900.0,0.77,Yes,Yes,Yes,Yes,Yes,No,Yes
0,Fortitude Ranch,FR,,,,USA,54.0,,2.9,Yes,Yes,Utility,100.0,No,No,No,6.0,180000.0,,Yes,Yes,Yes,Yes,Yes,Yes,No
0,Foxytrade,FXTR,,,,Hong Kong,38.0,,2.6,Yes,Yes,Utility,,Yes,Yes,No,20.0,77333333.0,0.6,Yes,Yes,Yes,Yes,Yes,Yes,Yes
0,Full Circle Coin,FCC,,,,Singapore,60.0,60.0,2.4,No,No,Utility,,No,No,No,3.5,,,No,No,Yes,Yes,Yes,Yes,missingData
0,FunFair,FUN,,,,UK,365.0,,3.5,Yes,Yes,Utility,0.0067,No,No,No,29.0,3654638581.0,,No,Yes,Yes,Yes,Yes,No,Yes
0,Galactikka,GALA,,,,Russia,140.0,,2.3,Yes,Yes,Utility,0.1,No,No,No,9.0,15260000.0,,Yes,Yes,Yes,Yes,Yes,Yes,Yes
0,Game.com,GTC,,,,China,29.0,21.0,2.4,Yes,Yes,Utility,0.15,No,No,No,4.0,500000000.0,0.4,No,No,Yes,Yes,Yes,Yes,Yes
0,Gameworks,GWX,,,,Philippines,127.0,,2.55,No,No,Utility,0.003,No,Yes,No,9.0,5040000000.0,0.56,Yes,Yes,Yes,Yes,Yes,No,missingData
0,Geekzcode,GUT,,,,UK,22.0,8.0,2.4,Yes,Yes,Utility,1.9766,No,No,No,8.0,,,No,No,Yes,Yes,Yes,No,missingData
0,GenieICO,CGC,,,,Singapore,107.0,,3.5,Yes,Yes,Utility,2.125,No,No,No,11.0,50000000.0,0.83,No,Yes,Yes,Yes,Yes,Yes,Yes
0,Ghost Talk,XCSS,,,,South Korea,4.0,,2.4,Yes,Yes,Utility,0.01,No,Yes,No,16.0,200000000.0,0.2,No,Yes,Yes,Yes,No,No,Yes
0,GIG9,9Coin,,,,UK,259.0,30.0,3.0,Yes,Yes,Utility,0.116,Yes,Yes,Yes,19.0,,,Yes,Yes,Yes,Yes,Yes,Yes,Yes
0,Global Shrimp Coin,GSD,,,,Peru,44.0,,2.4,Yes,Yes,Utility,1.8342,No,No,No,6.0,151151515.0,0.66,Yes,Yes,Yes,Yes,Yes,No,Yes
0,Gold Bits Coin,GBC,,,,Australia,113.0,16.0,2.4,Yes,Yes,Utility,0.5,Yes,No,No,6.0,1000000000.0,,No,No,Yes,Yes,Yes,No,Yes
0,Grailum,GMX,,,,UK,211.0,,2.4,No,No,Utility,0.2,No,No,Yes,5.0,,,No,No,Yes,Yes,Yes,Yes,Yes
0,Graz,GRZ,,,,Russia,30.0,14.0,2.2,Yes,Yes,Utility,1.0,Yes,Yes,No,10.0,,,Yes,Yes,Yes,Yes,Yes,Yes,Yes
0,Greenhashes,GH,,,,India,135.0,8.0,2.4,No,No,Utility,0.6572,No,No,Yes,11.5,300000000.0,,No,No,Yes,Yes,Yes,No,Yes
0,Guardium,GDM,,,,USA,29.0,,2.4,No,No,Utility,0.2646,No,No,No,10.0,30000000.0,0.3,No,No,Yes,Yes,Yes,No,Yes
0,HAI Project,HAI,,,,Switzerland,45.0,13.0,2.0,Yes,Yes,Utility,0.21,No,Yes,No,3.0,80000000.0,0.8,Yes,Yes,Yes,Yes,Yes,No,Yes
0,HashHive,CELL,,,,Cyprus,29.0,,2.4,No,No,Utility,20.0,No,No,No,5.0,1500000.0,0.9,No,Yes,Yes,Yes,Yes,No,Yes
0,Hedge.pro,HEDGE,,,,Russia,28.0,57.0,2.4,Yes,Yes,Utility,6.4498,No,No,No,2.0,1000000.0,,Yes,Yes,Yes,Yes,No,No,Yes
0,HighCastle,AIMS Digital Voucher,,,,UK,62.0,9.0,2.6,Yes,Yes,Utility,1.3812,No,No,No,7.5,80000000.0,,No,Yes,Yes,Yes,Yes,No,No
0,HIGHER,HGR,,,,USA,31.0,31.0,2.4,Yes,Yes,Utility,0.1,No,No,No,4.0,7600000.0,0.76,Yes,No,Yes,Yes,No,No,missingData
0,HOX,HOX,,,,Germany,53.0,11.0,2.4,Yes,Yes,Utility,,No,Yes,No,0.0,37500000.0,0.5,Yes,Yes,Yes,Yes,Yes,Yes,Yes
0,Hubii Network,HBT,,,,Singapore,14.0,,2.6,Yes,Yes,Utility,0.3883,No,No,No,15.0,,,Yes,Yes,Yes,Yes,Yes,No,missingData
0,Humbyl,HBL,,,,Singapore,102.0,,2.4,Yes,Yes,Utility,0.211,Yes,Yes,Yes,12.5,,0.4,Yes,Yes,Yes,Yes,Yes,Yes,Yes
0,HUSSY,HUS,,,,Estonia,30.0,,2.1,Yes,Yes,Utility,0.36,No,Yes,No,0.0,60000000.0,0.6,Yes,Yes,Yes,Yes,Yes,Yes,Yes
0,IcoBasis,BSS,,,,Russia,46.0,,2.4,Yes,Yes,Utility,1.0,No,No,No,5.0,1600000.0,,Yes,Yes,Yes,Yes,Yes,No,Yes
0,IDTechnology,Lika,,,,Israel,31.0,,2.4,Yes,Yes,Utility,0.062,No,No,No,6.0,680000000.0,0.5,No,No,Yes,Yes,Yes,No,Yes
0,ignite RATINGS,IGNT,,,,Gibraltar,44.0,10.0,2.4,Yes,Yes,Utility,5.63,No,No,Yes,15.5,10000000.0,,Yes,Yes,Yes,Yes,Yes,Yes,Yes
0,IMDEX,IMDX,,,,Singapore,21.0,,2.4,Yes,Yes,Utility,0.002,No,No,No,4.0,1800000000.0,0.18,Yes,Yes,Yes,Yes,Yes,No,Yes
0,Incremint.io,MNTS,,,,Cayman Islands,91.0,27.0,2.4,Yes,Yes,Utility,0.2144,No,Yes,No,8.5,500000000.0,,No,Yes,Yes,Yes,Yes,No,Yes
0,Inmusik,$OUND,,,,Ireland,98.0,,3.6,Yes,Yes,Utility,0.1,Yes,Yes,Yes,22.0,200000000.0,0.5,No,Yes,Yes,Yes,Yes,Yes,Yes
0,Intellium,INTL,,,,Russia,171.0,29.0,2.4,No,No,Utility,1.0,No,No,No,6.0,10000000.0,0.5,No,Yes,Yes,Yes,Yes,No,No
0,IstaPay,ISTP,,,,UK,170.0,157.0,2.4,Yes,Yes,Utility,0.0191,No,No,No,4.0,2550000000.0,,No,Yes,Yes,Yes,Yes,No,missingData
0,JBOXCOIN,JBX,,,,USA,30.0,,2.5,Yes,Yes,Utility,0.2,No,No,No,10.0,,,No,No,Yes,Yes,Yes,No,Yes
0,Katalyst Coin,KatalystCoin,,,,Singapore,31.0,30.0,2.4,No,No,Utility,0.15,No,No,No,14.0,,,No,No,Yes,Yes,Yes,No,Yes
0,KitToken,KIT,,,,Malaysia,42.0,,2.4,Yes,Yes,Utility,0.05,No,No,No,12.5,3500000.0,0.43,Yes,Yes,Yes,Yes,Yes,No,missingData
0,Krypton Galaxy Coin,KGC,,,,China,0.0,,2.4,Yes,Yes,Utility,0.0033,No,No,No,3.0,690000000.0,0.23,No,Yes,Yes,Yes,Yes,No,Yes
0,Kuverit,KUV,,,,Unknown,1.0,,2.4,Yes,Yes,Utility,0.008,No,No,No,7.0,,,Yes,Yes,Yes,Yes,No,No,Yes
0,LaLa World,LALA,,,,Singapore,31.0,20.0,3.2,Yes,Yes,Utility,0.13,No,No,No,11.5,,,No,Yes,Yes,Yes,Yes,No,Yes
0,LibLob,BOOMR,,,,USA,27.0,6.0,2.6,Yes,Yes,Utility,0.2,No,No,No,0.0,500000000.0,0.3,Yes,Yes,Yes,Yes,Yes,Yes,No
0,Life Charity,LFT,,,,Belarus,61.0,,2.3,Yes,Yes,Utility,0.009,No,No,Yes,3.0,,,Yes,Yes,Yes,Yes,Yes,Yes,Yes
0,LIST101,LST,,,,Denmark,15.0,6.0,2.4,No,No,Utility,0.3,Yes,Yes,No,15.0,60000000.0,0.6,No,Yes,Yes,Yes,Yes,No,missingData
0,LiveEdu,EDU,,,,UK,26.0,14.0,2.2,Yes,Yes,Utility,0.1,No,No,No,5.0,10000000.0,0.33,Yes,Yes,Yes,Yes,Yes,No,Yes
0,Lydian,LDN,,,,Singapore,15.0,92.0,2.6,Yes,Yes,Utility,5.0,Yes,Yes,Yes,18.0,20000000.0,0.5,No,No,Yes,Yes,Yes,No,Yes
0,Masscryp,MASS,,,,United Arab Emirates,64.0,,2.4,No,No,Utility,0.61,No,Yes,No,17.0,10000000.0,,Yes,Yes,Yes,Yes,Yes,Yes,Yes
0,Medica,MEDTK,,,,Belize,28.0,43.0,2.4,Yes,Yes,Utility,0.03,No,Yes,No,10.0,1000000000.0,,No,Yes,Yes,Yes,Yes,No,Yes
0,Mondo,MND,,,,Hong Kong,44.0,,2.4,Yes,Yes,Utility,0.5,No,No,No,5.0,,,No,Yes,Yes,Yes,Yes,Yes,Yes
0,MoneyTech,MT,,,,Ukraine,35.0,,2.4,No,No,Utility,1.0,No,No,No,4.0,500000.0,0.6,No,Yes,Yes,Yes,Yes,No,missingData
0,Multisignio,MSG,,,,Greece,30.0,27.0,2.4,Yes,Yes,Utility,0.026,No,No,No,5.0,2000000.0,0.74,No,No,Yes,Yes,Yes,No,Yes
0,mytime,MTT,,,,Russia,0.0,,2.3,Yes,Yes,Utility,,No,No,No,7.0,,,Yes,Yes,Yes,Yes,Yes,No,Yes
0,nahmii,nahmii Tokens,,,,Singapore,9.0,,3.9,No,No,Utility,0.01,No,No,No,6.0,500000000.0,,No,No,Yes,Yes,Yes,Yes,Yes
0,Nesten,NIT,,,,Unknown,49.0,,2.25,Yes,Yes,Utility,0.0957,No,Yes,No,3.0,28000000.0,0.25,No,Yes,Yes,Yes,Yes,No,missingData
0,Neunet,NEN,,,,USA,16.0,,2.4,Yes,Yes,Utility,0.08,No,No,No,3.0,425000000.0,0.85,No,No,Yes,Yes,Yes,No,missingData
0,NEVERDIE,NDC,,,,USA,63.0,,2.25,Yes,Yes,Utility,0.25,No,No,No,2.0,18565200.0,,Yes,Yes,Yes,Yes,Yes,No,missingData
0,Nova,NBC Token,,,,Switzerland,184.0,,2.4,Yes,Yes,Utility,0.06,No,No,No,3.0,,0.66,Yes,Yes,Yes,Yes,Yes,Yes,missingData
0,Oceanus Foundation,OCEAN,,,,Unknown,30.0,14.0,2.4,Yes,Yes,Utility,,No,No,No,16.0,15000000.0,,No,No,Yes,Yes,Yes,No,missingData
0,OneGram,OGC,,,,United Arab Emirates,120.0,,2.4,Yes,Yes,Utility,41.66,No,No,No,8.5,12400786.0,,No,Yes,Yes,Yes,Yes,Yes,missingData
0,OneRoot,RNT,,,,Singapore,30.0,,2.4,Yes,Yes,Utility,0.213,No,No,No,5.0,150000000.0,0.375,No,Yes,Yes,Yes,Yes,No,Yes
0,OpenAssets,OPA,,,,Russia,34.0,34.0,1.75,Yes,Yes,Utility,1.0,No,No,No,2.0,34000000.0,,Yes,Yes,Yes,Yes,Yes,No,Yes
0,optonium,OPO,,,,USA,21.0,,2.5,Yes,Yes,Utility,0.1,No,No,No,16.0,,,No,No,Yes,Yes,Yes,No,No
0,Orch Network,ORC,,,,Switzerland,36.0,15.0,2.4,Yes,Yes,Utility,0.029,No,No,Yes,3.0,,,Yes,Yes,Yes,Yes,Yes,No,Yes
0,P2PEP,,,,,Israel,16.0,,2.4,Yes,Yes,Utility,,No,No,No,9.5,,0.4,No,No,Yes,Yes,Yes,No,Yes
0,Peoples,PPL,,,,India,45.0,,2.4,Yes,Yes,Utility,1.0,No,No,Yes,5.0,7200000.0,0.9,Yes,Yes,Yes,Yes,Yes,No,Yes
0,Pixinch,PIN,,,,France,45.0,,2.4,Yes,Yes,Utility,1.2941,No,Yes,No,4.0,,,Yes,Yes,Yes,Yes,Yes,No,Yes
0,PlannerScape,PLAN,,,,Hong Kong,89.0,,2.4,Yes,Yes,Utility,,No,No,No,4.0,644000000.0,0.46,No,Yes,Yes,Yes,Yes,No,Yes
0,PlayingCrypto,PLYC,,,,UK,31.0,,2.4,Yes,Yes,Utility,0.0003,No,No,Yes,7.0,46200000000.0,0.6,Yes,Yes,Yes,Yes,Yes,No,Yes
0,PMOTION,PMO,,,,USA,25.0,30.0,2.4,Yes,Yes,Utility,0.0045,No,No,Yes,3.0,800000000.0,0.8,No,Yes,Yes,Yes,Yes,No,missingData
0,Polymerium,PLM,,,,Russia,45.0,30.0,1.9,Yes,Yes,Utility,10.0,No,No,No,9.0,1500000.0,,No,No,Yes,Yes,Yes,No,Yes
0,POWER,POWER,,,,UK,30.0,30.0,2.4,Yes,Yes,Utility,5.43,No,No,No,3.0,1000000.0,,No,Yes,Yes,Yes,Yes,No,Yes
0,PRETHER,PTH,,,,Seychelles,90.0,,2.4,Yes,Yes,Utility,0.087,No,No,No,6.0,,0.85,Yes,Yes,Yes,Yes,Yes,No,Yes
0,Primalbase,PBT,,,,Netherlands,1.0,,2.4,No,No,Utility,7554.6,No,No,No,3.0,1000.0,,No,Yes,Yes,Yes,Yes,No,missingData
0,PriorityEx,PYX,,,,Thailand,58.0,89.0,2.4,Yes,Yes,Utility,1.2,No,Yes,No,10.0,,0.4,Yes,Yes,Yes,Yes,Yes,No,Yes
0,Project Zephyr,ZEPH,,,,Hong Kong,31.0,,2.4,No,No,Utility,0.0212,No,No,No,10.0,,,No,No,Yes,Yes,Yes,No,Yes
0,Qredit,QRT,,,,Netherlands,7.0,6.0,2.7,No,No,Utility,0.116,Yes,Yes,No,5.0,,0.9,No,Yes,Yes,Yes,Yes,No,Yes
0,REALT,RLT,,,,UK,54.0,,2.4,Yes,Yes,Utility,0.7591,No,No,No,2.0,40000000.0,0.4875,Yes,Yes,Yes,Yes,Yes,No,Yes
0,ReiDAO,REI,,,,Singapore,25.0,,2.4,Yes,Yes,Utility,,No,No,No,5.0,,,Yes,Yes,Yes,Yes,Yes,No,No
0,Release Project,REL,,,,Japan,379.0,188.0,2.1,Yes,Yes,Utility,0.0004,No,No,No,5.5,50000000.0,0.5,No,No,Yes,Yes,Yes,No,Yes
0,Render It Coin,RNDIT,,,,Ireland,90.0,30.0,2.4,Yes,Yes,Utility,11.6212,No,No,No,4.0,4000000.0,0.8,Yes,Yes,Yes,Yes,Yes,No,Yes
0,Robo Advisor Coin,RAC,,,,UK,71.0,,2.7,Yes,Yes,Utility,24.18,No,No,No,13.5,,,Yes,Yes,Yes,Yes,Yes,No,No
0,Royaltoken,RYL,,,,Indonesia,75.0,,2.4,Yes,Yes,Utility,0.35,No,Yes,No,3.0,2000000.0,0.5,No,No,Yes,Yes,Yes,Yes,Yes
0,Saisho,ST,,,,Bermuda,243.0,,2.4,Yes,Yes,Utility,1.1733,Yes,Yes,No,26.5,,,No,No,Yes,Yes,Yes,No,missingData
0,SCOUT Token,SCOUT,,,,Canada,44.0,,2.4,Yes,Yes,Utility,0.0001,No,No,No,4.0,550000000000.0,0.55,No,Yes,Yes,Yes,Yes,No,missingData
0,Share Estate,SRE,,,,Unknown,61.0,33.0,2.4,Yes,Yes,Utility,1.0,No,No,No,8.0,,0.76,Yes,Yes,Yes,Yes,Yes,No,missingData
0,Silica neXus,DROID,,,,Unknown,92.0,,2.4,Yes,Yes,Utility,0.02,No,Yes,No,11.5,100000000000.0,0.1,No,Yes,Yes,Yes,Yes,No,Yes
0,Sine,SNE,,,,Russia,21.0,9.0,2.3,Yes,Yes,Utility,0.3808,No,No,No,6.0,200000000.0,0.5,No,Yes,Yes,Yes,Yes,No,Yes
0,SingularDTV,SNGLS,,,,USA,0.0,,2.5,Yes,Yes,Utility,0.015,No,No,No,0.0,,,No,No,Yes,Yes,Yes,No,No
0,SmartGenie.io,SMAG,,,,Germany,90.0,9.0,2.4,Yes,Yes,Utility,1.0,No,No,Yes,8.5,,0.8,Yes,Yes,Yes,Yes,Yes,Yes,Yes
0,Sosnovkino,SNKcoin,,,,Russia,31.0,,2.4,Yes,Yes,Utility,10.0,No,No,No,2.0,,,No,No,Yes,Yes,Yes,Yes,missingData
0,Spacoin,SPA,,,,Cambodia,13.0,6.0,2.4,Yes,Yes,Utility,0.087,No,No,No,8.0,80000000.0,0.53,Yes,Yes,Yes,Yes,Yes,No,Yes
0,Starta,Start,,,,Russia,30.0,,2.3,No,No,Utility,1.0,No,No,No,11.0,,,No,No,Yes,Yes,Yes,No,missingData
0,SunMoney,SMT,,,,United Arab Emirates,46.0,28.0,3.0,Yes,Yes,Utility,4.5571,Yes,Yes,No,16.0,7200000.0,0.72,No,Yes,Yes,Yes,Yes,Yes,Yes
0,Sunxcoin,XNS,,,,India,42.0,,2.4,Yes,Yes,Utility,0.4,No,No,No,13.0,5000000.0,,Yes,Yes,Yes,Yes,Yes,No,Yes
0,TaaS,TaaS,,,,Singapore,32.0,,2.8,Yes,Yes,Utility,1.0,No,No,No,3.5,101000000.0,,No,No,Yes,Yes,Yes,No,No
0,Tap,TAP,,,,Gibraltar,29.0,,2.2,Yes,Yes,Utility,1.0,No,No,No,13.0,15000000.0,0.15,No,Yes,Yes,Yes,Yes,No,Yes
0,Teledactyl,TDCL,,,,USA,38.0,38.0,2.4,No,No,Utility,0.0105,Yes,No,No,14.0,700000000.0,0.7,Yes,Yes,Yes,Yes,Yes,No,Yes
0,Telegraf Money,DBC,,,,Denmark,8.0,,2.6,Yes,Yes,Utility,1.0,No,No,No,11.0,,,No,No,Yes,Yes,Yes,No,Yes
0,Tempow,TEMP,,,,Singapore,64.0,62.0,2.4,Yes,Yes,Utility,1.0,No,Yes,No,17.0,950000000.0,0.55,Yes,Yes,Yes,Yes,Yes,Yes,Yes
0,The Geoma DAO,GMD,,,,Romania,73.0,31.0,1.9,No,No,Utility,1.045310184,No,No,No,4.0,20895000.0,0.995,Yes,Yes,Yes,Yes,Yes,No,Yes
0,The Government Network,GOVT,,,,Belize,29.0,30.0,2.4,Yes,Yes,Utility,0.64,No,Yes,No,8.0,87500000.0,0.7,Yes,Yes,Yes,Yes,Yes,Yes,Yes
0,The Man Cave Project,BROCOIN,,,,Singapore,30.0,,2.4,No,No,Utility,0.05,No,No,Yes,8.0,500000000.0,0.75,No,Yes,Yes,Yes,Yes,No,missingData
0,The Rentals Token,TRT,,,,Spain,74.0,100.0,2.4,Yes,Yes,Utility,0.0257,Yes,Yes,Yes,11.5,6750000000.0,0.5,Yes,Yes,Yes,Yes,Yes,Yes,Yes
0,The Silverlink Network,SLV,,,,Singapore,60.0,62.0,2.4,Yes,Yes,Utility,0.745990036,No,Yes,No,8.5,2000000.0,0.22,Yes,Yes,Yes,Yes,Yes,Yes,Yes
0,theCryptoWatch,XCW,,,,Russia,61.0,111.0,2.4,Yes,Yes,Utility,0.0957,No,No,No,11.5,20000000.0,0.75,Yes,Yes,Yes,Yes,Yes,No,Yes
0,thx! (IEO at Liquid by Quoine),thx! token / THX,,,,Singapore,29.0,,2.4,Yes,Yes,Utility,,Yes,Yes,No,7.0,288000000.0,0.4,No,No,Yes,Yes,No,Yes,Yes
0,Titancore,TICO,,,,Sweden,108.0,29.0,2.4,Yes,Yes,Utility,0.01,No,No,Yes,1.0,10000000000.0,0.4,Yes,Yes,Yes,Yes,Yes,No,Yes
0,TLPAC,TLPAC,,,,USA,60.0,13.0,2.4,Yes,Yes,Utility,0.062,Yes,Yes,Yes,13.0,150000000.0,0.3,No,Yes,Yes,Yes,No,Yes,Yes
0,TokenLend,TLN,,,,Belize,45.0,10.0,2.85,Yes,Yes,Utility,0.288,No,Yes,Yes,10.0,102500000.0,0.82,Yes,Yes,Yes,Yes,Yes,Yes,Yes
0,TradeBit,TBT,,,,Bulgaria,20.0,20.0,2.4,Yes,Yes,Utility,0.0045,Yes,Yes,No,5.0,,0.75,No,No,Yes,Yes,Yes,No,missingData
0,Traderstars,TRS,,,,Gibraltar,30.0,,2.4,Yes,Yes,Utility,2.49,No,No,No,9.5,,0.6,No,Yes,Yes,Yes,Yes,No,missingData
0,UniDAG,UDAG,,,,Estonia,302.0,,2.4,Yes,Yes,Utility,0.1135,No,No,Yes,0.0,30300000.0,0.5,No,No,Yes,Yes,Yes,Yes,missingData
0,UnoCryptoCoin,UNC,,,,USA,151.0,,2.4,No,No,Utility,3e-05,No,No,No,4.0,20000000.0,0.4,No,No,Yes,Yes,Yes,No,Yes
0,Velic,VELT,,,,Singapore,58.0,,2.6,No,No,Utility,0.01,Yes,Yes,Yes,4.0,900000000.0,0.06,No,No,Yes,Yes,Yes,No,Yes
0,Viacash,VIA,,,,Singapore,131.0,43.0,2.4,Yes,Yes,Utility,1.37e-05,No,No,Yes,3.5,7800000000.0,0.65,Yes,Yes,Yes,Yes,Yes,Yes,Yes
0,Victortokens,VIC,,,,Malta,135.0,,2.4,Yes,Yes,Utility,0.0192,Yes,Yes,Yes,9.0,,0.42,Yes,Yes,Yes,No,Yes,No,Yes
0,Vipe,VPE,,,,Sweden,22.0,10.0,2.3,Yes,Yes,Utility,0.25,No,No,No,7.0,45000000.0,0.45,Yes,Yes,Yes,Yes,Yes,No,Yes
0,Virtual Reality Games,VIR,,,,USA,122.0,,2.4,Yes,Yes,Utility,1.0,No,Yes,No,4.0,500000.0,,Yes,No,Yes,Yes,No,No,Yes
0,Vortex Project,VORTEX,,,,Singapore,15.0,6.0,2.4,Yes,Yes,Utility,,No,No,Yes,5.5,,0.4,No,No,Yes,Yes,Yes,Yes,Yes
0,VRExplosion,VRE,,,,Hong Kong,61.0,,1.7,Yes,Yes,Utility,0.2,No,No,Yes,0.0,60000000.0,0.6,Yes,Yes,Yes,Yes,Yes,No,Yes
0,Wagerr,WGR,,,,Belize,24.0,,2.4,No,No,Payment,0.055,No,No,No,6.0,,,No,No,Yes,No,Yes,Yes,missingData
0,WhaleFund,WHALE,,,,Singapore,20.0,5.0,2.4,Yes,Yes,Utility,7.2334,No,No,No,8.0,480000.0,0.6,No,No,Yes,Yes,Yes,No,Yes
0,WiC,WiC,,,,UK,44.0,16.0,2.4,Yes,Yes,Utility,0.008,No,No,No,3.0,90000000.0,0.9,No,Yes,Yes,Yes,Yes,No,Yes
0,Wings,WINGS,,,,Switzerland,49.0,,2.9,Yes,Yes,Utility,0.0288,No,No,No,9.0,100000000.0,,No,No,Yes,Yes,Yes,No,Yes
0,WITCOIN,WIT,,,,Switzerland,21.0,,2.4,Yes,Yes,Utility,0.3359,No,No,No,15.0,,0.65,Yes,Yes,Yes,Yes,Yes,Yes,missingData
0,Wolk,WOLK,,,,USA,42.0,,2.4,Yes,Yes,Utility,0.3,No,No,No,11.0,,,No,No,Yes,Yes,Yes,Yes,Yes
0,Worldwide Meds,WDMD,,,,USA,88.0,14.0,2.4,Yes,Yes,Utility,0.215219574,No,No,No,8.0,500000000.0,0.5,Yes,Yes,Yes,Yes,Yes,No,Yes
0,XcelR,XCL,,,,USA,60.0,,2.4,No,No,Utility,0.5411,No,No,No,0.0,1008000.0,0.12,No,No,Yes,Yes,Yes,Yes,Yes
0,XCon,XCON,,,,Tanzania,12.0,31.0,2.4,Yes,Yes,Utility,0.2,No,No,No,8.5,53200000.0,0.76,No,Yes,Yes,Yes,Yes,Yes,Yes
0,Yudi,XYD,,,,Hong Kong,30.0,,1.5,Yes,Yes,Utility,0.1136,No,No,No,4.5,16000000.0,0.2,No,No,Yes,Yes,Yes,Yes,Yes
0,ZBX,XT,,,,Malta,28.0,43.0,2.4,Yes,Yes,Utility,,Yes,Yes,Yes,18.5,100000000.0,0.2,No,No,Yes,No,Yes,No,Yes
0,ZILLA,ZLA,,,,Singapore,20.0,40.0,2.7,Yes,Yes,Utility,0.75,No,No,No,8.0,,0.75,No,Yes,Yes,Yes,Yes,No,Yes
0,0penProductDB,OPDB,,,,Lithuania,56.0,,2.0,Yes,Yes,Utility,1.0,Yes,No,Yes,6.5,27500000.0,0.55,Yes,Yes,Yes,Yes,Yes,No,Yes
0,3DAX,3DAX/3DX,,,,Indonesia,27.0,,2.3,Yes,Yes,Utility,0.0005,No,No,Yes,4.0,6000000000.0,0.6,Yes,Yes,Yes,Yes,Yes,Yes,Yes
0,AdultCam,ACI,,,,Czech Republic,56.0,22.0,2.3,Yes,Yes,Utility,0.8005,No,No,No,8.0,10000000.0,0.5,No,Yes,Yes,Yes,Yes,Yes,Yes
0,Afrolis,AFR,,,,Nigeria,73.0,14.0,2.3,Yes,Yes,Utility,1.0,Yes,No,No,3.0,1000000.0,,No,No,Yes,Yes,Yes,No,Yes
0,Agrivita,AGR,,,,Russia,28.0,8.0,2.4,Yes,Yes,Utility,0.557,No,No,Yes,5.0,1500000.0,,No,No,Yes,Yes,Yes,No,Yes
0,Aktie Social,AKT,,,,Austria,41.0,13.0,2.3,Yes,Yes,Utility,0.7503,No,No,No,8.5,70000000.0,,No,No,Yes,Yes,Yes,No,No
0,Alfa,ALFA,,,,Unknown,121.0,,2.3,Yes,Yes,Utility,0.0001,No,No,No,7.0,100000000.0,0.35,No,No,Yes,Yes,Yes,No,missingData
0,ALLCARE,ALCR,,,,Singapore,91.0,139.0,2.3,Yes,Yes,Utility,0.25,Yes,Yes,No,10.0,,,No,No,Yes,Yes,Yes,Yes,Yes
0,AnonHotels,PRIV,,,,Poland,14.0,15.0,2.5,Yes,Yes,Utility,0.46,No,No,No,4.5,,,Yes,Yes,Yes,Yes,Yes,No,No
0,Arena,ARNA,,,,USA,17.0,14.0,2.3,No,No,Utility,0.08,No,No,No,3.0,9800000.0,0.7,No,No,Yes,Yes,Yes,No,missingData
0,ARNA Panacea,ARNA,,,,Russia,57.0,,3.3,Yes,Yes,Utility,0.08,No,No,No,12.0,,,Yes,Yes,Yes,Yes,Yes,No,Yes
0,August927,AUG,,,,Singapore,103.0,55.0,2.3,Yes,Yes,Utility,0.36,No,Yes,No,17.0,27000000.0,0.6,Yes,Yes,Yes,Yes,Yes,No,Yes
0,Back To Earth,STRC,,,,USA,2.0,,2.3,Yes,Yes,Utility,0.2654,No,No,No,6.0,,,No,No,Yes,Yes,Yes,No,Yes
0,Bankcoin (BCASH) Platform,Bankcoin (BCASH),,,,Bangladesh,20.0,119.0,2.3,Yes,Yes,Utility,,No,No,Yes,4.5,200000.0,0.43,No,No,Yes,Yes,Yes,Yes,Yes
0,BannerCoin,BCOIN,,,,USA,46.0,,2.3,Yes,Yes,Utility,2.1255,No,No,No,1.5,50000000.0,0.5,No,Yes,Yes,Yes,Yes,No,missingData
0,Batmine,BATM,,,,Czech Republic,10.0,5.0,2.3,Yes,Yes,Utility,0.1244,Yes,Yes,Yes,8.5,245000000.0,0.4,Yes,Yes,Yes,Yes,Yes,No,Yes
0,BDCC,BDCC,,,,China,30.0,,2.3,Yes,Yes,Utility,625.0,No,No,No,6.0,,,No,No,Yes,Yes,Yes,No,missingData
0,betboxAI,BETX,,,,UK,42.0,,2.5,Yes,Yes,Utility,17.34,No,No,No,8.0,25000000.0,0.7631,Yes,Yes,Yes,Yes,Yes,No,Yes
0,Betstreak,BST,,,,Seychelles,30.0,,2.3,Yes,Yes,Utility,0.693,No,No,No,0.0,100000000.0,0.5,No,Yes,Yes,Yes,Yes,No,Yes
0,BIG Foundation,BIG,,,,Russia,385.0,,2.3,Yes,Yes,Utility,3.0414,No,No,No,7.0,,,Yes,Yes,Yes,Yes,No,Yes,Yes
0,BIG Token,BIG Token / BTK,,,,British Virgin Islands,157.0,,2.3,Yes,Yes,Utility,0.0822,Yes,Yes,No,6.0,320000000.0,0.8,Yes,Yes,Yes,Yes,No,No,missingData
0,Biido,BION,,,,Indonesia,14.0,,2.2,Yes,Yes,Utility,,No,Yes,No,11.0,3000000000.0,0.6,Yes,Yes,Yes,Yes,Yes,No,Yes
0,Binax,BIN,,,,Malta,106.0,,2.3,Yes,Yes,Utility,0.01,Yes,Yes,Yes,8.0,620000000.0,0.62,No,Yes,Yes,No,Yes,No,Yes
0,Bismillahcoin,Bismillahcoin,,,,Malaysia,52.0,52.0,1.9,Yes,Yes,Utility,0.0719,No,No,No,4.0,50160000.0,0.88,No,No,Yes,Yes,Yes,No,Yes
0,BitMinutes,BMT Token,,,,Liechtenstein,84.0,60.0,2.8,Yes,Yes,Utility,0.02,No,Yes,No,19.0,3400000000.0,0.67,Yes,Yes,Yes,Yes,Yes,No,Yes
0,Bitsmo,BTSM,,,,Estonia,81.0,81.0,2.3,Yes,No,Utility,0.21,Yes,Yes,No,0.0,100000000.0,0.5,Yes,Yes,Yes,Yes,Yes,Yes,missingData
0,Blockchain Neural System,BNS,,,,Estonia,29.0,,2.3,Yes,Yes,Utility,0.56,No,No,No,8.0,,0.8,Yes,Yes,Yes,Yes,Yes,No,Yes
0,Blue One,BLU,,,,Singapore,60.0,30.0,2.3,Yes,Yes,Utility,0.0084,No,No,No,13.0,735000000.0,,No,Yes,Yes,Yes,Yes,No,missingData
0,Bounty Angels,BANG,,,,Russia,30.0,30.0,2.85,Yes,Yes,Utility,0.25,No,No,Yes,7.5,12000000.0,0.74,Yes,Yes,Yes,Yes,Yes,No,Yes
0,Bounty Hunter,BHT,,,,Russia,24.0,28.0,2.3,Yes,Yes,Utility,2.4,No,No,No,9.0,2000000.0,0.08,No,No,Yes,Yes,No,No,Yes
0,Box Of Data,BOD,,,,Malaysia,41.0,,2.3,Yes,Yes,Utility,0.02,No,No,No,10.0,162500000.0,0.7,Yes,Yes,Yes,Yes,Yes,No,Yes
0,BricBit,BRICBIT,,,,United Arab Emirates,27.0,,2.3,Yes,Yes,Utility,0.011,No,Yes,No,6.0,,,No,No,Yes,Yes,Yes,No,Yes
0,CAREONchain,Free,,,,Seychelles,92.0,31.0,1.25,No,No,Utility,0.24,Yes,No,Yes,0.0,165000000.0,0.0,Yes,Yes,Yes,Yes,Yes,No,Yes
0,Cherepovets pipe-rolling plant,ZVD,,,,Russia,63.0,,2.3,No,No,Utility,1.0,No,No,No,8.0,,0.82,No,No,Yes,Yes,Yes,No,Yes
0,Choice,OI,,,,Germany,42.0,42.0,2.3,Yes,Yes,Utility,0.0592,No,No,No,8.0,650000000.0,0.65,No,No,Yes,Yes,No,No,missingData
0,Chrono Logic,DAY,,,,USA,7.0,,2.3,Yes,Yes,Utility,12.654,No,No,No,8.0,,,No,Yes,Yes,Yes,No,Yes,missingData
0,Circleflowstoken,CFT,,,,Switzerland,17.0,,2.3,Yes,Yes,Utility,0.075,No,Yes,Yes,3.5,425000000.0,0.85,No,Yes,Yes,Yes,Yes,No,Yes
0,Codemy,CDM,,,,Singapore,7.0,,2.3,Yes,Yes,Utility,0.02,No,No,No,12.0,,0.25,Yes,Yes,Yes,Yes,Yes,No,missingData
0,COINDAQ,CDQ,,,,Hong Kong,71.0,,2.3,Yes,Yes,Utility,0.2597,No,No,No,5.0,,0.42,Yes,Yes,Yes,Yes,Yes,No,Yes
0,Coinfer,CNF,,,,Ukraine,30.0,20.0,2.3,Yes,Yes,Utility,1.0,No,No,No,0.0,,,Yes,Yes,Yes,Yes,Yes,Yes,Yes
0,Coralex ,CLX,,,,USA,30.0,,2.3,Yes,Yes,Utility,0.0604,No,No,missingData,7.0,70000000.0,0.7,Yes,Yes,Yes,Yes,Yes,No,Yes
0,Crestonium,CXS,,,,Switzerland,45.0,6.0,1.3,Yes,Yes,Utility,0.1402,Yes,No,Yes,9.0,365000000.0,0.73,Yes,Yes,Yes,Yes,Yes,No,Yes
0,Cromacoin,CRC,,,,UK,53.0,,2.3,Yes,Yes,Utility,0.0616,No,No,No,7.0,40000000.0,0.8,No,No,Yes,Yes,Yes,No,missingData
0,CrowdDrive,CAR,,,,Switzerland,31.0,41.0,2.3,Yes,Yes,Utility,2.92,No,No,No,2.0,13300000.0,0.7,Yes,No,Yes,Yes,Yes,No,Yes
0,Crowdif,CIF,,,,Hong Kong,21.0,,2.3,Yes,Yes,Utility,0.8,Yes,No,No,9.5,16600000000.0,0.4,Yes,No,Yes,Yes,Yes,No,Yes
0,Crypterra,CPTX,,,,Thailand,105.0,,2.3,Yes,Yes,Utility,0.2,No,No,No,4.5,600000000.0,,Yes,Yes,Yes,Yes,Yes,No,Yes
0,CryptoISBN,ISB,,,,Hong Kong,71.0,10.0,2.3,Yes,Yes,Utility,7.0,No,No,No,0.0,40000000000.0,0.57,No,No,Yes,Yes,Yes,Yes,Yes
0,Cryptoveno,VENO,,,,Indonesia,61.0,,2.3,Yes,Yes,Utility,2.1e-05,No,No,No,4.0,6000000000.0,0.6,Yes,Yes,Yes,Yes,Yes,Yes,Yes
0,Dars,DRS,,,,Singapore,149.0,121.0,2.3,No,No,Utility,0.07,No,No,No,7.0,600000000.0,0.6,Yes,Yes,Yes,Yes,Yes,No,Yes
0,Devnetwork,DEV,,,,Thailand,42.0,,2.4,Yes,Yes,Utility,0.1215,No,Yes,No,29.0,,0.6,No,No,Yes,Yes,Yes,No,No
0,Digital Telecom,DiTe,,,,Netherlands,118.0,46.0,2.3,No,No,Utility,0.160118477,No,Yes,No,1.5,1000000.0,0.75,Yes,Yes,Yes,Yes,Yes,No,Yes
0,Discoveroo,DCO,,,,Singapore,27.0,7.0,2.1,Yes,Yes,Utility,0.3,No,No,Yes,10.0,35000000.0,0.7,Yes,Yes,Yes,Yes,Yes,Yes,Yes
0,Dlex,DLEX,,,,Ukraine,22.0,36.0,2.3,Yes,Yes,Utility,0.01,No,No,No,23.0,75000000.0,0.75,Yes,No,Yes,Yes,Yes,No,Yes
0,DLS Academy,DLT,,,,New Zealand,30.0,,2.3,Yes,Yes,Utility,,No,No,No,0.0,,0.75,No,No,Yes,Yes,Yes,Yes,Yes
0,dock.io,DOCK,,,,USA,13.0,,3.3,Yes,Yes,Utility,0.08,No,Yes,No,15.5,300000000.0,0.3,Yes,Yes,Yes,Yes,Yes,No,Yes
0,DreamBit,MAB,,,,Nigeria,60.0,,2.3,Yes,Yes,Utility,1.0,No,No,No,2.0,4000000.0,0.4,No,No,Yes,Yes,No,No,missingData
0,Drivero,Drivero,,,,Germany,30.0,30.0,2.0,Yes,Yes,Utility,0.7573,No,No,Yes,6.0,22500000.0,0.75,Yes,No,Yes,Yes,Yes,No,Yes
0,Dynatiq,DTQ,,,,United Arab Emirates,45.0,,2.3,Yes,Yes,Utility,0.297,No,No,Yes,3.0,10000000.0,0.9,Yes,Yes,Yes,Yes,Yes,No,missingData
0,Earth Token,ETN,,,,South Africa,90.0,27.0,3.0,Yes,Yes,Utility,0.162,No,No,No,11.0,1000000000.0,0.6,Yes,Yes,Yes,Yes,Yes,No,Yes
0,EasyLife,ESY,,,,USA,37.0,12.0,1.9,Yes,Yes,Utility,0.05,No,No,Yes,7.0,25000000000.0,0.1,No,No,Yes,Yes,Yes,No,No
0,eco-NAN,ecoNANAN,,,,Unknown,54.0,,2.3,No,No,Utility,0.03,No,No,No,5.5,38000000.0,,No,Yes,Yes,Yes,Yes,No,missingData
0,EOSex,EXP Token,,,,Hong Kong,46.0,,3.0,No,No,Utility,0.0021,No,Yes,Yes,0.0,2500000000.0,0.25,No,Yes,Yes,Yes,Yes,Yes,Yes
0,EPOCH,EPO,,,,Switzerland,30.0,4.0,2.3,No,No,Utility,0.3143,No,No,No,15.0,50000000.0,,Yes,Yes,Yes,Yes,Yes,Yes,missingData
0,EsperanToken,ESRT,,,,Cyprus,515.0,,2.3,Yes,Yes,Utility,0.2,Yes,Yes,No,4.0,60000000.0,0.5,Yes,Yes,Yes,Yes,Yes,No,missingData
0,ETERBIT,ETERBIT / EBT,,,,Philippines,60.0,60.0,2.3,Yes,Yes,Utility,0.36793982,No,No,No,4.0,200000.0,0.7,No,No,Yes,Yes,Yes,Yes,Yes
0,EtherAce Speculation Platform,ACED,,,,Switzerland,35.0,,2.3,Yes,Yes,Utility,0.052,Yes,No,Yes,0.0,100000000.0,0.8,Yes,Yes,Yes,Yes,Yes,Yes,missingData
0,Ethereum Card,ETHCD,,,,Canada,46.0,11.0,2.3,Yes,Yes,Utility,0.09,No,No,Yes,3.5,13000000.0,0.722,Yes,Yes,Yes,Yes,Yes,No,Yes
0,EventJoin,SAB,,,,USA,90.0,,2.3,No,No,Utility,0.5,No,No,No,15.5,,,Yes,Yes,Yes,No,Yes,No,Yes
0,Fidcom,FIDC,,,,Unknown,30.0,,2.3,Yes,Yes,Utility,1.049,No,No,No,6.0,19000000.0,,No,Yes,Yes,Yes,Yes,No,Yes
0,FootStar,FTST,,,,Czech Republic,115.0,,2.0,Yes,Yes,Utility,0.0426,No,Yes,No,2.0,207985055.0,0.7,No,No,Yes,Yes,Yes,Yes,Yes
0,FOP Coin,FOP,,,,Australia,46.0,,2.3,No,No,Utility,0.25,No,No,No,17.0,25000000.0,0.1,No,Yes,Yes,Yes,Yes,No,missingData
0,Fr8 Network,FR8,,,,USA,36.0,,2.6,Yes,Yes,Utility,0.15,No,Yes,No,28.5,100000000.0,0.1,No,No,Yes,Yes,Yes,No,Yes
0,Futourist,FTR,,,,Slovenia,28.0,,2.7,Yes,Yes,Utility,0.0186,Yes,Yes,No,13.0,350000000.0,0.35,Yes,Yes,Yes,Yes,Yes,No,Yes
0,Genesis Space,NES,,,,USA,31.0,,2.3,Yes,Yes,Utility,0.0029,Yes,Yes,No,6.5,600000000.0,,No,No,Yes,Yes,Yes,No,Yes
0,Genuine Fashion,GFT,,,,Netherlands,91.0,,2.3,Yes,Yes,Utility,0.0382,No,Yes,No,8.0,765000000.0,0.51,No,Yes,Yes,Yes,Yes,No,Yes
0,Goods Digital Passport,GDP,,,,UK,365.0,60.0,2.3,Yes,Yes,Utility,609.8765,No,Yes,Yes,0.0,85000000.0,0.85,Yes,Yes,Yes,Yes,Yes,Yes,Yes
0,GrocerCoin,GRCR,,,,Philippines,123.0,,2.3,Yes,Yes,Utility,0.299,No,No,No,18.0,200000000.0,0.8,No,Yes,Yes,Yes,No,No,No
0,GrowPayment,GRPM,,,,Canada,91.0,,2.1,Yes,Yes,Utility,0.2,Yes,Yes,No,11.0,204820000.0,0.7,Yes,Yes,Yes,Yes,Yes,No,Yes
0,H&B Exchange Token,HBXT,,,,Malta,5.0,,2.3,Yes,Yes,Utility,0.0007,No,No,No,3.0,100000000.0,,No,No,Yes,Yes,Yes,No,Yes
0,Hackspace,HAC,,,,Cyprus,221.0,,2.3,Yes,Yes,Utility,0.019,Yes,No,No,7.0,1000000000.0,,No,No,Yes,Yes,Yes,No,Yes
0,Harbour DAO,HRB,,,,Germany,28.0,,2.3,Yes,Yes,Utility,24.8231,No,No,No,5.5,150000.0,,No,Yes,Yes,Yes,Yes,Yes,missingData
0,Health Monitor,HLC,,,,Czech Republic,63.0,,2.2,Yes,Yes,Utility,30.0,No,No,No,4.5,,0.7,No,No,Yes,Yes,Yes,No,Yes
0,HTFx,HTF,,,,Belize,426.0,,2.0,No,No,Utility,0.11,No,No,Yes,9.0,8700000.0,0.1359,Yes,Yes,Yes,Yes,Yes,Yes,Yes
0,Ignis,IGNIS,,,,Netherlands,70.0,,2.5,No,No,Utility,1.05,No,No,No,4.0,500000000.0,,No,Yes,Yes,Yes,Yes,No,No
0,Insights Network,INSTAR,,,,Cayman Islands,17.0,,3.0,Yes,Yes,Utility,0.15,Yes,Yes,No,5.0,105000000.0,0.35,No,Yes,Yes,Yes,No,Yes,Yes
0,ITO Assendelft,(Walnut) W156648,,,,Netherlands,29.0,20.0,2.3,Yes,Yes,Utility,6.8777,Yes,No,missingData,3.0,300000.0,1.0,No,Yes,Yes,Yes,Yes,No,Yes
0,JioCoin,JIO,,,,Singapore,40.0,10.0,2.3,Yes,Yes,Utility,0.3,No,No,No,10.0,260000000.0,,Yes,Yes,Yes,Yes,Yes,No,Yes
0,Jizzcoins,JCN,,,,Czech Republic,90.0,,2.3,Yes,Yes,Utility,0.3988,No,No,No,0.0,,,No,Yes,Yes,Yes,Yes,No,Yes
0,Just Pay Coin,JUP,,,,USA,56.0,,2.2,No,No,Utility,0.25,Yes,No,No,0.0,15500000.0,0.5,No,No,Yes,Yes,Yes,Yes,Yes
0,Kamari,KAM,,,,UK,1.0,,2.3,Yes,Yes,Utility,0.6,No,No,No,6.0,20000000.0,0.2,No,Yes,Yes,Yes,No,No,Yes
0,KAPEX,KPX,,,,Belarus,59.0,29.0,2.3,Yes,Yes,Utility,0.62,No,Yes,No,4.0,7035000.0,,No,Yes,Yes,Yes,Yes,No,Yes
0,Kash,KASH,,,,USA,91.0,,2.1,Yes,Yes,Utility,0.357,No,Yes,No,4.0,50000000.0,0.25,Yes,Yes,Yes,Yes,Yes,No,Yes
0,KELTA,KLT,,,,Slovakia,77.0,,2.3,Yes,Yes,Utility,3.97,Yes,No,No,7.0,10000000.0,0.8,Yes,Yes,Yes,Yes,Yes,No,Yes
0,Kerberos ICO,KRC,,,,South Africa,30.0,,2.3,Yes,Yes,Utility,0.16,No,Yes,No,4.0,8800000.0,0.88,Yes,Yes,Yes,Yes,Yes,Yes,Yes
0,Lancor Scientific,MEDICI,,,,UK,60.0,56.0,2.3,Yes,Yes,Utility,0.1,No,Yes,No,18.5,40500000.0,0.09,Yes,Yes,Yes,Yes,Yes,No,Yes
0,Limitless,LCF,,,,UK,59.0,,2.3,Yes,Yes,Utility,6.900151188,No,No,No,6.0,72000000.0,0.72,No,No,Yes,Yes,Yes,No,Yes
0,Lineage Network,LINE,,,,Taiwan,33.0,,2.3,Yes,Yes,Utility,1.776,No,No,No,6.0,,,No,Yes,Yes,Yes,No,No,missingData
0,London Football Exchange,LFE,,,,UK,95.0,27.0,2.3,No,No,Utility,0.2,No,Yes,No,27.0,2400000000.0,0.6,No,Yes,Yes,Yes,Yes,No,Yes
0,Lovar,LVA,,,,USA,70.0,,2.3,Yes,Yes,Utility,0.8,No,No,No,3.5,7500000.0,0.75,Yes,No,Yes,Yes,Yes,No,Yes
0,McCain Corp,McCoin,,,,Russia,21.0,,1.45,Yes,Yes,Utility,0.1,Yes,Yes,No,5.0,35000000.0,,No,No,Yes,Yes,No,No,Yes
0,Metal,MTL,,,,USA,0.0,,2.4,Yes,Yes,Utility,0.18,No,No,No,7.0,55000000.0,,No,No,Yes,No,Yes,No,Yes
0,Mingo,XMC Token,,,,Ireland,43.0,30.0,2.7,Yes,Yes,Utility,0.071,No,No,No,12.0,,,Yes,Yes,Yes,Yes,Yes,Yes,Yes
0,Mining Seconds,MSEC,,,,Hong Kong,0.0,20.0,2.3,No,No,Utility,0.4695,Yes,Yes,No,6.0,,,No,Yes,Yes,Yes,No,No,Yes
0,ModoView,MODO,,,,Germany,31.0,,2.3,No,No,Utility,0.1743,No,No,No,3.0,65000000.0,0.65,No,No,Yes,Yes,Yes,No,Yes
0,MonetaHawk,MNH,,,,UK,65.0,,1.9,Yes,Yes,Utility,0.0939,No,No,Yes,0.0,50000000.0,0.5,Yes,Yes,Yes,Yes,Yes,Yes,Yes
0,MoneyKing,MOK,,,,UK,90.0,,2.3,No,No,Utility,0.01,No,No,No,3.0,800000000.0,0.8,No,No,Yes,Yes,Yes,No,missingData
0,Mountain Resorts,MRLP,,,,Netherlands,31.0,30.0,2.3,No,No,Utility,0.34,No,Yes,No,4.0,,0.693,No,No,Yes,Yes,Yes,No,Yes
0,MSRise,MSRT,,,,Singapore,136.0,91.0,2.3,Yes,Yes,Utility,,No,No,No,7.0,44000000.0,0.88,Yes,Yes,Yes,Yes,Yes,No,Yes
0,Naireum,NRT,,,,Nigeria,98.0,,2.3,Yes,Yes,Utility,0.25,No,No,No,3.0,12800228726.0,0.4,No,No,Yes,Yes,Yes,No,missingData
0,Neogame,TKT,,,,Armenia,30.0,,2.1,Yes,Yes,Utility,0.0987,No,No,Yes,0.0,400000000.0,0.8,Yes,Yes,Yes,Yes,Yes,Yes,Yes
0,New Royals,NRG Token,,,,Belarus,42.0,,2.3,Yes,Yes,Utility,0.18,No,No,No,4.5,78000000.0,0.78,Yes,Yes,Yes,Yes,No,No,Yes
0,Newera,NWR,,,,Singapore,33.0,,2.3,Yes,Yes,Utility,,No,No,Yes,4.0,6000000000.0,0.6,No,No,Yes,Yes,Yes,Yes,Yes
0,NEX,NEX,,,,Switzerland,11.0,,2.7,No,No,Utility,1.0,No,No,No,14.0,25000000.0,0.5,No,No,Yes,Yes,Yes,No,No
0,Nexinter (IEO),NIXT,,,,Estonia,32.0,,2.3,No,No,Utility,126.0,No,Yes,No,6.5,210000000.0,0.6,No,Yes,Yes,Yes,Yes,No,Yes
0,Nickelcoin,NKL,,,,Australia,45.0,11.0,2.5,Yes,Yes,Utility,0.65,No,Yes,No,13.0,12000000.0,0.3,Yes,Yes,Yes,Yes,Yes,Yes,Yes
0,Origin Foundation,ORIGIN,,,,Hong Kong,10.0,,2.3,Yes,Yes,Utility,0.018,No,No,No,15.0,900000000.0,0.3,Yes,Yes,Yes,Yes,No,No,Yes
0,Origin Reporting,OMT,,,,Unknown,77.0,,2.3,Yes,Yes,Utility,,No,No,No,6.0,4000000000.0,0.4,No,No,Yes,Yes,Yes,No,Yes
0,ourTell,OTL,,,,South Korea,30.0,,2.3,Yes,Yes,Utility,0.047,Yes,Yes,No,11.0,600000000.0,0.8,No,Yes,Yes,Yes,No,No,Yes
0,P2pay,P2pay,,,,Pakistan,73.0,73.0,2.3,No,No,Utility,1.0,No,Yes,Yes,9.0,14070000.0,0.67,Yes,Yes,Yes,Yes,Yes,No,Yes
0,PAquarium,PQT,,,,Latvia,35.0,,2.3,Yes,Yes,Utility,0.1,No,No,No,10.0,1200000000.0,0.2,No,Yes,Yes,Yes,Yes,No,missingData
0,PAYERA,PERA,,,,Singapore,40.0,16.0,2.3,Yes,Yes,Utility,0.05,No,Yes,Yes,12.5,1470000000.0,0.7,Yes,Yes,Yes,Yes,Yes,No,missingData
0,Percival,XPV,,,,Hong Kong,21.0,,2.3,Yes,Yes,Utility,0.0067,No,No,No,7.0,6200000000.0,0.45,Yes,Yes,Yes,Yes,Yes,Yes,Yes
0,Pharmagenome,PGT,,,,Slovenia,14.0,,2.3,Yes,Yes,Utility,0.0,No,No,No,5.0,,,No,Yes,Yes,Yes,Yes,No,missingData
0,PIMONCOIN,PIMON,,,,USA,76.0,14.0,2.3,Yes,Yes,Utility,0.1,No,No,No,0.0,350000000.0,0.7,Yes,Yes,Yes,Yes,Yes,No,Yes
0,Pitis Coin,PITIS,,,,Malaysia,29.0,,2.3,Yes,Yes,Utility,0.09,No,No,No,4.0,,,No,No,Yes,Yes,Yes,No,missingData
0,Pldgr,DN8,,,,Philippines,28.0,27.0,2.3,Yes,Yes,Utility,0.01,No,No,No,2.0,200000000.0,0.45,Yes,Yes,Yes,Yes,Yes,No,Yes
0,Poloneum,POLO,,,,Indonesia,77.0,,2.3,Yes,Yes,Utility,0.0531,No,No,No,6.0,,,No,No,Yes,Yes,Yes,No,Yes
0,Priceless Object,PO9K,,,,Australia,263.0,72.0,2.3,No,No,Utility,1.0,No,Yes,No,4.0,270000000.0,1.0,Yes,Yes,Yes,Yes,Yes,No,Yes
0,Privelege Coin,XPV,,,,USA,54.0,,2.1,Yes,Yes,Utility,0.25,No,Yes,No,2.0,2000000000.0,,No,No,Yes,Yes,Yes,Yes,Yes
0,Purple Throne,PPC Token,,,,USA,95.0,,2.3,Yes,Yes,Utility,0.74,No,No,No,3.5,100000000.0,0.35,Yes,Yes,Yes,Yes,Yes,No,Yes
0,Qashback,QBK,,,,Singapore,25.0,,2.3,Yes,Yes,Utility,0.4,No,Yes,No,5.0,100000000.0,0.1,Yes,Yes,Yes,Yes,Yes,No,Yes
0,R-Bit,RBIT Token,,,,Norway,60.0,36.0,2.3,Yes,Yes,Utility,0.7,No,Yes,No,3.0,150000000.0,0.75,Yes,Yes,Yes,Yes,Yes,No,Yes
0,Reales Coin,RLS,,,,Estonia,31.0,30.0,2.3,Yes,Yes,Utility,0.8713,No,No,No,4.0,,,No,No,Yes,Yes,Yes,No,Yes
0,Realty Crypto Investment,RCI,,,,Czech Republic,87.0,,2.3,Yes,Yes,Utility,0.5,No,No,Yes,7.0,90000000.0,0.9,Yes,Yes,Yes,Yes,Yes,No,Yes
0,RIX,RIX,,,,Gibraltar,30.0,,2.3,Yes,Yes,Utility,0.0069,No,Yes,No,11.0,,0.5,Yes,Yes,Yes,Yes,Yes,Yes,Yes
0,Robot Trading,Robot coin,,,,Thailand,51.0,9.0,2.3,Yes,Yes,Utility,0.07,No,No,No,4.0,7000000000.0,0.11,No,No,Yes,Yes,Yes,No,missingData
0,Rocket Pool,RPL,,,,Unknown,43.0,14.0,2.15,Yes,Yes,Utility,0.9317,No,No,No,5.0,,0.4,No,Yes,Yes,Yes,Yes,Yes,missingData
0,ROM,ROM,,,,Hong Kong,21.0,,2.6,Yes,Yes,Utility,0.0001,Yes,Yes,No,13.0,21700000000.0,0.39,Yes,Yes,Yes,Yes,Yes,No,Yes
0,Ronaldinho Soccer Coin,RSC,,,,Malta,62.0,,2.3,No,No,Utility,0.26,Yes,Yes,No,10.5,140000000.0,0.4,Yes,Yes,Yes,Yes,Yes,No,Yes
0,Saascoin,SAAS,,,,UK,59.0,,2.3,No,No,Utility,0.5,Yes,No,No,5.0,10500000.0,0.14,Yes,Yes,Yes,Yes,Yes,Yes,Yes
0,Secure Donation Token,XSD,,,,Latvia,91.0,46.0,2.3,Yes,Yes,Utility,0.1266,Yes,No,No,0.0,264000000.0,0.48,Yes,Yes,Yes,Yes,Yes,Yes,Yes
0,Securosys,SET,,,,Switzerland,46.0,,2.2,Yes,Yes,Utility,5.2877,No,Yes,No,10.0,3049345.0,0.65,Yes,Yes,Yes,Yes,Yes,No,No
0,Sensi,SENSI,,,,Cayman Islands,42.0,30.0,2.3,Yes,Yes,Utility,0.4785,Yes,No,Yes,8.0,84000000.0,0.45,No,Yes,Yes,Yes,Yes,No,Yes
0,SGA Consulting,SGA,,,,Russia,60.0,,2.3,Yes,Yes,Utility,0.1226,No,No,No,3.0,560000000.0,0.7,Yes,Yes,Yes,Yes,Yes,No,Yes
0,SilvarCoin,SIL,,,,Unknown,61.0,,2.3,Yes,Yes,Utility,0.388783341,No,No,No,6.0,,0.4,No,No,Yes,Yes,Yes,No,missingData
0,Singapor Dollar Coin,Singapor Dollar Coin,,,,Singapore,61.0,31.0,1.7,Yes,Yes,Utility,0.2393,No,No,missingData,7.0,100000000.0,,Yes,Yes,Yes,Yes,Yes,No,Yes
0,Sint,SIN,,,,Poland,20.0,,3.2,Yes,Yes,Utility,0.0028,No,Yes,No,0.0,8200000000.0,0.82,Yes,Yes,Yes,Yes,Yes,Yes,Yes
0,SISHUB,STEEL,,,,Israel,61.0,82.0,2.45,Yes,Yes,Utility,0.0003,No,No,Yes,18.5,,0.7,Yes,Yes,Yes,Yes,Yes,Yes,Yes
0,SnapUp,SNP,,,,Estonia,7.0,,2.3,Yes,Yes,Utility,0.38,No,No,No,4.0,100000000.0,0.5,Yes,Yes,Yes,No,No,No,missingData
0,SOSR,SOSR,,,,Taiwan,60.0,,2.3,Yes,Yes,Utility,0.4042,No,Yes,No,5.5,,,Yes,Yes,Yes,Yes,No,No,Yes
0,SpaceICO,SIO,,,,Russia,31.0,,2.3,Yes,Yes,Utility,3.312,No,No,No,6.0,38175000.0,0.76,No,Yes,Yes,Yes,Yes,No,Yes
0,SportX,SOX,,,,South Korea,0.0,,2.3,Yes,Yes,Utility,0.01,No,Yes,No,7.0,100000000.0,0.1,No,No,Yes,Yes,Yes,No,missingData
0,Standard Tokenization Protocol,STPT,,,,USA,1.0,,2.55,Yes,Yes,Utility,0.01,No,No,No,3.0,75000000.0,0.0375,No,No,Yes,Yes,Yes,No,Yes
0,Stem Cell,SCIA,,,,Gibraltar,57.0,42.0,2.3,Yes,Yes,Utility,0.15,No,Yes,No,24.0,800000000.0,0.3,Yes,Yes,Yes,Yes,Yes,No,Yes
0,Sterling Sovereign,STSO,,,,UK,29.0,13.0,2.3,Yes,Yes,Utility,,No,No,No,2.5,30000000.0,0.6,No,No,Yes,Yes,Yes,No,Yes
0,StiB,STI,,,,USA,59.0,44.0,2.3,Yes,Yes,Utility,0.005,No,No,No,4.5,1096000000.0,,Yes,Yes,Yes,Yes,Yes,No,Yes
0,StreamPay,STPY,,,,Estonia,152.0,62.0,2.3,Yes,Yes,Utility,1.0,Yes,Yes,Yes,11.0,35000000.0,0.7,Yes,Yes,Yes,Yes,Yes,No,Yes
0,Streamr,DATA,,,,Switzerland,20.0,,2.3,Yes,Yes,Utility,0.0551,No,No,No,17.0,,0.65,No,No,Yes,Yes,Yes,Yes,missingData
0,StreamSpace,SSH,,,,USA,28.0,84.0,3.3,No,No,Utility,0.05,No,No,No,5.0,400000000.0,,No,No,Yes,Yes,Yes,Yes,No
0,Syntera,SYNC,,,,Ireland,59.0,,2.3,Yes,Yes,Utility,1.5,No,Yes,No,0.0,15000000.0,0.31,No,Yes,Yes,Yes,Yes,No,Yes
0,Talenter,TLT,,,,Germany,50.0,30.0,2.2,Yes,Yes,Utility,,No,No,No,2.0,50000000.0,0.5,No,Yes,Yes,Yes,Yes,Yes,No
0,Taskfair,TFT,,,,Belize,30.0,31.0,2.7,Yes,Yes,Utility,0.17,No,Yes,No,10.5,150000000.0,0.5,Yes,Yes,Yes,Yes,Yes,Yes,Yes
0,The Island,LDM,,,,Russia,28.0,,2.3,Yes,Yes,Utility,0.2074,No,No,No,4.0,100000000.0,,No,Yes,Yes,Yes,Yes,No,missingData
0,Tiger Token,TGK,,,,USA,35.0,,2.3,Yes,Yes,Utility,0.0151,Yes,Yes,No,6.0,,0.5,No,Yes,Yes,Yes,Yes,No,Yes
0,TILX,TILX,,,,USA,62.0,27.0,2.3,Yes,Yes,Utility,0.69,No,No,No,2.0,21000000.0,0.4,No,Yes,Yes,Yes,Yes,No,Yes
0,TimberCoin,TMB,,,,Russia,122.0,34.0,2.3,Yes,Yes,Utility,1.9725,No,No,No,9.0,1312500.0,0.75,Yes,Yes,Yes,Yes,Yes,No,Yes
0,Tixguru,TIX <U+0415><U+0449><U+043B><U+0443><U+0442>,,,,Singapore,121.0,9.0,2.5,Yes,Yes,Utility,0.0038,Yes,No,No,9.5,350000000.0,0.35,Yes,Yes,Yes,Yes,Yes,Yes,Yes
0,TREEEC MONEY,TRM,,,,Germany,352.0,,2.25,No,No,Utility,14.0138,No,Yes,No,9.5,100000000.0,1.0,Yes,No,Yes,Yes,Yes,No,Yes
0,Tresor,TRS,,,,Germany,27.0,44.0,2.3,Yes,Yes,Utility,0.1,Yes,Yes,Yes,2.0,,,No,No,Yes,Yes,Yes,No,Yes
0,TycoonCoin,TTC,,,,Vanuatu,45.0,82.0,2.3,Yes,Yes,Utility,0.12,No,Yes,Yes,8.0,197255554.0,0.9,Yes,Yes,Yes,Yes,Yes,No,Yes
0,Unityco,UNT,,,,France,30.0,27.0,2.3,Yes,Yes,Utility,0.01,No,No,No,11.0,25000000.0,0.25,No,No,Yes,Yes,Yes,No,missingData
0,VeriBlock,VBK,,,,USA,3.0,,2.5,No,No,Utility,0.1,No,No,No,10.5,70000000.0,0.033,No,Yes,Yes,Yes,Yes,Yes,Yes
0,Versus Red,VSU,,,,Spain,181.0,,2.4,No,No,Utility,,No,No,No,0.0,70000000.0,0.7,Yes,Yes,Yes,Yes,Yes,Yes,Yes
0,Vesa Token,VSA,,,,Estonia,26.0,31.0,2.3,Yes,Yes,Utility,1.22,No,No,No,9.0,,0.77,Yes,Yes,Yes,Yes,Yes,No,Yes
0,VITA,Vita,,,,UK,90.0,29.0,4.2,Yes,Yes,Utility,0.013,No,No,Yes,5.0,120000000.0,0.9149,No,No,Yes,Yes,Yes,No,Yes
0,XBIT,XBIT,,,,Singapore,14.0,,2.3,Yes,Yes,Utility,0.1,Yes,Yes,No,12.0,300000000.0,0.3,No,No,Yes,Yes,Yes,Yes,Yes
0,Xsolus,XSO,,,,Panama,26.0,,2.3,Yes,Yes,Utility,0.9119,No,No,No,10.0,40000000.0,0.8,No,Yes,Yes,Yes,Yes,No,Yes
0,YuTu.Coin,YTC,,,,USA,65.0,,2.3,Yes,Yes,Utility,0.2,No,No,No,7.0,250000000.0,0.8,Yes,Yes,Yes,Yes,Yes,No,Yes
0,Zuflo,ZFL,,,,Estonia,50.0,67.0,2.8,Yes,Yes,Utility,0.36,No,Yes,Yes,14.0,200000000.0,0.4,Yes,Yes,Yes,Yes,Yes,No,Yes
0,Zuum,ZMC,,,,USA,168.0,348.0,2.3,No,No,Utility,0.04,No,No,No,2.0,5000000000.0,0.5,No,No,Yes,Yes,Yes,No,Yes
0,Agro Tech Farm,ATF,,,,Estonia,27.0,17.0,2.15,Yes,Yes,Utility,12.4415,Yes,Yes,No,4.5,,0.75,Yes,Yes,Yes,Yes,Yes,No,Yes
0,AIREN,AIRE,,,,Mexico,26.0,13.0,2.3,Yes,Yes,Utility,0.15,No,Yes,No,7.0,45000000.0,0.5,Yes,Yes,Yes,Yes,Yes,No,No
0,Allvor,ALV,,,,Brazil,,,2.2,No,No,Utility,,No,No,No,7.5,1000000.0,0.1,No,No,Yes,Yes,Yes,No,missingData
0,Amazonians Green Coin,AMA,,,,Switzerland,91.0,61.0,2.2,Yes,Yes,Utility,0.0077,No,No,Yes,26.5,62480000000.0,0.71,No,No,Yes,Yes,Yes,No,Yes
0,ARFREYR,FRY,,,,India,119.0,90.0,2.6,Yes,Yes,Utility,0.025,No,Yes,No,0.0,3825000000.0,0.51,Yes,Yes,Yes,Yes,Yes,Yes,Yes
0,Asseta,,,,,Lithuania,26.0,,2.2,Yes,Yes,Utility,0.8693,No,No,No,15.0,,0.9,Yes,Yes,Yes,Yes,Yes,No,missingData
0,Aurora Ecosystem,AUK,,,,Spain,183.0,30.0,2.1,No,No,Utility,1.1733,Yes,Yes,No,20.0,180000000.0,1.0,Yes,Yes,Yes,Yes,Yes,No,Yes
0,AvantGarde Ratings,AVG,,,,Luxembourg,21.0,,2.2,Yes,Yes,Utility,0.2282,No,No,No,0.0,150000000.0,0.5,Yes,Yes,Yes,Yes,Yes,No,missingData
0,B-mail,BMLT,,,,Singapore,20.0,10.0,2.3,Yes,Yes,Utility,0.992,No,No,No,5.0,30800000.0,0.35,Yes,Yes,Yes,Yes,Yes,No,Yes
0,BaapPay,ANC,,,,Singapore,9.0,,2.2,Yes,Yes,Utility,0.0033,No,No,Yes,9.0,,,No,No,Yes,Yes,Yes,No,Yes
0,Barne Coin,BRN token,,,,UK,91.0,32.0,2.2,Yes,Yes,Utility,0.6972,Yes,Yes,No,9.0,700000000.0,0.7,No,No,Yes,Yes,No,No,Yes
0,Basic Attention,BAT,,,,USA,0.0,,3.6,Yes,Yes,Utility,0.036,No,No,No,12.0,1000000000.0,,No,No,Yes,Yes,Yes,No,No
0,BILL and GO,BGO,,,,Ukraine,26.0,12.0,2.2,No,No,Utility,0.0517,No,No,No,5.0,65000000.0,0.65,No,Yes,Yes,Yes,Yes,Yes,missingData
0,BioFactoryCoin,BFC,,,,UK,76.0,8.0,2.3,Yes,Yes,Utility,18.059,No,No,No,5.0,22440000.0,,No,No,Yes,Yes,Yes,No,No
0,Bit-learn,BLX,,,,Germany,47.0,,2.2,Yes,Yes,Utility,0.75,No,No,No,3.0,80000000.0,0.8,Yes,Yes,Yes,Yes,Yes,Yes,Yes
0,BitConscious Foundation,BTCF,,,,Australia,31.0,,2.2,Yes,Yes,Utility,7.501,No,No,No,5.0,70000.0,,No,Yes,Yes,No,Yes,No,Yes
0,Bitlumens,BLS Token,,,,Switzerland,27.0,19.0,2.75,Yes,Yes,Utility,0.2369,No,Yes,No,17.0,50000000.0,0.5,Yes,Yes,Yes,Yes,Yes,Yes,Yes
0,Bitscoin,Bitscoin/ BTCx,,,,Oman,23.0,5.0,2.2,Yes,Yes,Utility,13.1165863,No,No,No,7.5,890000.0,0.43,Yes,Yes,Yes,Yes,Yes,Yes,Yes
0,Bitsive Exchange,SIV,,,,USA,154.0,52.0,2.2,Yes,Yes,Utility,1.58,Yes,No,No,8.0,89000000.0,0.89,Yes,Yes,Yes,Yes,Yes,Yes,Yes
0,Bitway,WAY,,,,Norway,182.0,,1.9,Yes,Yes,Utility,1.0,No,No,No,4.0,20000000.0,,Yes,Yes,Yes,Yes,Yes,No,Yes
0,BlockGame,BLGA,,,,USA,5.0,31.0,2.2,Yes,Yes,Utility,0.0035,No,No,No,3.0,2100000000.0,0.7,No,No,Yes,Yes,Yes,Yes,missingData
0,BLOOMZED,BZT,,,,Kazakhstan,31.0,7.0,2.0,Yes,Yes,Utility,0.76,No,No,No,0.0,50000000.0,0.5,No,No,Yes,Yes,Yes,No,Yes
0,BlueQbit,24Car,,,,Estonia,242.0,30.0,2.2,Yes,Yes,Utility,0.0096,No,Yes,No,9.0,,,Yes,Yes,Yes,Yes,No,No,Yes
0,Bread,BRD,,,,Switzerland,8.0,,3.4,Yes,Yes,Utility,0.8055,No,No,No,6.0,106000000.0,0.6625,No,Yes,Yes,Yes,Yes,Yes,Yes
0,Callback Plus,CBP,,,,Russia,30.0,31.0,2.1,Yes,Yes,Utility,3.9,No,No,No,7.0,8500000.0,,No,Yes,Yes,Yes,Yes,No,Yes
0,Cazaar,CZAR,,,,Hungary,46.0,,2.2,Yes,Yes,Utility,0.25,No,No,No,3.0,,0.7,Yes,Yes,Yes,Yes,Yes,No,missingData
0,Cherry Cube,CTO,,,,South Korea,6.0,1.0,2.2,Yes,Yes,Utility,0.0048,No,Yes,No,8.0,300000000.0,0.15,No,Yes,Yes,Yes,No,No,Yes
0,CoinCase,CCT Token,,,,South Korea,107.0,,2.0,Yes,Yes,Utility,0.1,No,Yes,No,10.0,192000000.0,0.4,No,Yes,Yes,Yes,Yes,No,Yes
0,Connectius,CNT,,,,Russia,30.0,5.0,2.0,Yes,Yes,Utility,1.4,No,No,No,12.5,,,No,Yes,Yes,Yes,No,No,No
0,Contrib,CTB,,,,USA,59.0,,2.3,Yes,Yes,Utility,,No,No,No,8.5,300000000.0,0.35,No,Yes,Yes,Yes,Yes,Yes,Yes
0,Cronuscoin,CRO,,,,Malta,117.0,,2.2,Yes,Yes,Utility,0.8156,No,Yes,No,11.0,100000000.0,0.5,Yes,Yes,Yes,Yes,Yes,No,Yes
0,CryptalDash,CRD,,,,Estonia,61.0,,2.2,Yes,Yes,Utility,0.04,Yes,No,No,9.0,780000000.0,0.75,No,Yes,Yes,Yes,Yes,No,Yes
0,Crypto Improvement Fund,CIF,,,,Canada,92.0,,2.9,No,No,Utility,,No,No,No,0.0,125000000.0,0.25,No,No,Yes,Yes,Yes,Yes,Yes
0,Crypto Trust Network,CTN,,,,UK,62.0,,2.7,Yes,Yes,Utility,1.0,No,No,No,8.0,10500000.0,0.7,Yes,Yes,Yes,Yes,Yes,No,No
0,cryptoFranchise,FRANK,,,,Spain,3.0,,2.2,Yes,Yes,Utility,0.0565,No,Yes,No,7.0,300000000.0,0.6,No,Yes,Yes,Yes,No,No,missingData
0,CryptoSoft,CSC,,,,Romania,29.0,,2.2,Yes,Yes,Utility,0.08,No,No,No,7.0,,,No,Yes,Yes,Yes,Yes,No,Yes
0,CryptoXpress,XPT,,,,Australia,31.0,,2.4,Yes,Yes,Utility,0.908,No,No,No,4.0,,0.7,No,Yes,Yes,Yes,Yes,No,Yes
0,D-Zone,DZC,,,,Japan,33.0,,2.2,Yes,Yes,Utility,0.0076,No,No,No,11.0,,0.42,No,No,Yes,Yes,Yes,No,Yes
0,Daseron,DSR,,,,Kyrgyzstan,31.0,,2.2,Yes,Yes,Utility,0.0159,No,No,No,7.0,112000000.0,,Yes,Yes,Yes,No,Yes,Yes,Yes
0,DCX,DCX,,,,Netherlands,25.0,36.0,2.2,Yes,Yes,Utility,7.0,No,No,No,2.0,,,Yes,Yes,Yes,Yes,Yes,No,Yes
0,DDToken,DT,,,,Singapore,125.0,,2.2,Yes,Yes,Utility,311.0,Yes,Yes,No,9.0,29000000.0,0.8,No,Yes,Yes,Yes,Yes,No,Yes
0,DeepWater Treasure Recovery,DWT,,,,Ecuador,22.0,14.0,2.5,Yes,Yes,Utility,0.284,Yes,No,No,10.0,,0.96,Yes,Yes,Yes,Yes,Yes,Yes,Yes
0,Dopamine,DOPA,,,,Israel,14.0,,2.3,Yes,Yes,Utility,0.01,No,No,No,6.0,,,No,No,Yes,Yes,No,No,No
0,Ebosia,XEBS,,,,Switzerland,50.0,46.0,2.2,Yes,Yes,Utility,0.02,Yes,Yes,Yes,11.0,,0.2,Yes,Yes,Yes,Yes,Yes,Yes,Yes
0,ECKO Coin,ECKO,,,,Canada,97.0,,2.2,No,No,Utility,0.04,No,No,No,0.0,215000000.0,0.72,No,No,Yes,Yes,Yes,No,Yes
0,ECX Exchange,ECX,,,,Singapore,59.0,27.0,2.0,Yes,Yes,Utility,0.03,Yes,No,No,2.0,100000000.0,0.74,No,No,Yes,Yes,Yes,No,Yes
0,Ekspa,EKSPA,,,,Russia,30.0,12.0,2.2,Yes,Yes,Utility,0.4,No,No,No,6.0,24500000.0,0.49,Yes,Yes,Yes,Yes,No,No,Yes
0,EPOS,EPOS,,,,Switzerland,12.0,2.0,1.9,Yes,Yes,Utility,0.5193,No,No,No,0.0,12400000.0,0.56,No,No,Yes,Yes,Yes,No,Yes
0,EQI,EQI,,,,Cayman Islands,40.0,,2.2,Yes,Yes,Utility,,Yes,Yes,No,30.0,358000000.0,0.465,Yes,No,Yes,No,Yes,No,Yes
0,Etch,ETCH,,,,UK,30.0,,2.2,Yes,Yes,Utility,189.0,No,No,No,0.0,400000000.0,,No,Yes,Yes,Yes,Yes,No,Yes
0,Fair.Game,FAIR,,,,Vanuatu,31.0,,2.5,Yes,Yes,Utility,0.1237,Yes,Yes,No,0.0,1200000000.0,0.5,Yes,Yes,Yes,Yes,Yes,No,Yes
0,FFQuest,FFQ,,,,Bulgaria,46.0,,2.4,Yes,Yes,Utility,0.1,Yes,Yes,No,17.0,,0.6,Yes,Yes,Yes,Yes,No,No,No
0,Finix,FNX,,,,Singapore,9.0,,2.2,No,No,Utility,1.0,No,No,No,0.0,16000000.0,0.55,No,No,Yes,Yes,Yes,No,Yes
0,FTKA,FTKA,,,,United Arab Emirates,135.0,11.0,2.2,Yes,Yes,Utility,0.0361,No,No,No,7.0,800000000.0,0.8,Yes,Yes,Yes,Yes,Yes,Yes,missingData
0,Gamelife,GME,,,,Indonesia,30.0,14.0,2.2,Yes,Yes,Utility,0.03,No,No,Yes,4.5,7000000.0,0.7,Yes,Yes,Yes,Yes,Yes,Yes,Yes
0,Garuda Energy,GRD,,,,Indonesia,30.0,,2.2,Yes,Yes,Utility,0.0681,No,No,No,2.0,750000000.0,,No,Yes,Yes,Yes,Yes,No,Yes
0,Germoney,GER,,,,Germany,84.0,,2.2,Yes,Yes,Utility,0.02,No,No,No,2.0,31000000.0,,Yes,Yes,Yes,Yes,Yes,No,Yes
0,GivaCoin,GVC,,,,Canada,60.0,,2.3,Yes,Yes,Utility,0.1,No,No,No,6.0,,0.4,No,No,Yes,Yes,Yes,No,No
0,Gold Mine,GMT,,,,Unknown,9.0,9.0,2.2,Yes,Yes,Utility,2.9972,No,No,No,13.0,800000.0,0.65,No,Yes,Yes,Yes,No,No,Yes
0,Golden Fleece,GFL,,,,Georgia,44.0,77.0,2.3,Yes,Yes,Utility,0.9,No,No,No,10.0,350000000.0,0.7,No,No,Yes,Yes,Yes,No,Yes
0,Gratzio,GRAT,,,,UK,52.0,,2.9,No,No,Utility,0.05,No,Yes,Yes,8.0,600000000.0,0.6,No,Yes,Yes,Yes,Yes,Yes,Yes
0,Green List Standard,GLS,,,,Switzerland,61.0,3.0,2.2,Yes,Yes,Utility,4.52,No,No,No,7.5,50000000.0,0.5,No,No,Yes,Yes,Yes,No,missingData
0,Hashgains,HGS,,,,India,72.0,16.0,2.2,Yes,Yes,Utility,0.72,No,Yes,No,8.0,25000000.0,0.5,Yes,Yes,Yes,Yes,Yes,Yes,Yes
0,Hatchworks,HTCH,,,,Singapore,0.0,,2.2,Yes,Yes,Utility,0.25,No,Yes,No,10.5,8000000.0,0.159,No,Yes,Yes,Yes,No,No,missingData
0,HealthCUBE,HealthCUBE / HCC,,,,Singapore,6.0,,2.2,Yes,Yes,Utility,,No,Yes,No,18.0,1750000.0,0.35,No,No,Yes,Yes,No,No,Yes
0,Honor,HNR,,,,Finland,41.0,,2.2,Yes,Yes,Utility,0.1462,No,No,No,4.5,90000000.0,0.9,No,Yes,Yes,Yes,No,No,missingData
0,InsureX,IXT,,,,UK,2.0,,2.2,Yes,Yes,Utility,0.16,No,No,No,7.0,,,No,No,Yes,Yes,Yes,No,missingData
0,Invech,IV,,,,East Timor,59.0,,2.8,Yes,Yes,Utility,0.4,No,No,No,13.5,175000000.0,0.35,Yes,Yes,Yes,Yes,Yes,No,Yes
0,INVIZION (NVZN),Invizion / NVZN,,,,USA,122.0,36.0,2.2,Yes,Yes,Utility,0.0938,No,No,missingData,4.0,,,No,No,Yes,Yes,No,No,Yes
0,IPAY,IPAYC,,,,USA,51.0,,2.2,No,No,Utility,0.53,No,No,No,0.0,41000000.0,0.51,No,No,Yes,Yes,Yes,No,Yes
0,IQuant Chain,IQT,,,,Hong Kong,61.0,,2.2,Yes,Yes,Utility,375.0,No,No,No,4.0,,,Yes,No,Yes,Yes,Yes,Yes,Yes
0,KAASY.AI,KAAS,,,,UK,273.0,,2.5,Yes,Yes,Utility,0.1162,No,Yes,No,20.0,300000000.0,0.6,No,Yes,Yes,Yes,Yes,No,Yes
0,Knowchain,KN,,,,Singapore,236.0,396.0,2.1,Yes,Yes,Utility,0.0048,Yes,Yes,Yes,10.5,3897741154.0,0.5,Yes,Yes,Yes,Yes,Yes,Yes,Yes
0,Laocon,LC,,,,Singapore,364.0,30.0,2.2,Yes,Yes,Utility,0.038,No,Yes,No,7.0,1500000000.0,0.4,Yes,Yes,Yes,Yes,Yes,No,Yes
0,Lewt,LEWT,,,,USA,30.0,,2.2,Yes,Yes,Utility,0.1683,No,No,No,0.0,100000000.0,1.0,No,No,Yes,Yes,Yes,Yes,missingData
0,Lust,LST,,,,USA,31.0,,2.2,Yes,Yes,Utility,0.1,No,No,No,0.0,300000000.0,,Yes,Yes,Yes,Yes,Yes,No,Yes
0,Math Oriented Value Investing,MVI,,,,USA,17.0,6.0,2.3,Yes,Yes,Utility,0.0331,No,No,No,0.0,500000000.0,0.5,Yes,Yes,Yes,Yes,Yes,No,No
0,McFly.aero,McFLY,,,,Russia,117.0,,3.8,Yes,Yes,Utility,0.117,No,No,No,21.5,1260000000.0,0.55,No,Yes,Yes,Yes,Yes,Yes,Yes
0,Media Network Token,MNT,,,,Slovenia,62.0,,2.2,Yes,Yes,Utility,0.0915,No,No,No,0.0,75000000.0,0.6,No,No,Yes,Yes,Yes,Yes,missingData
0,MegaLTR,MLR,,,,Hong Kong,39.0,,2.2,Yes,Yes,Utility,0.5647,No,No,No,3.0,1000000000.0,,No,No,Yes,Yes,Yes,No,Yes
0,Melonport,MLN,,,,Switzerland,1.0,,2.3,Yes,Yes,Utility,5.8275,No,No,No,6.0,750000.0,,No,No,Yes,Yes,Yes,No,missingData
0,Moeda,MDA,,,,Brazil,31.0,,2.2,Yes,Yes,Utility,1.0,No,No,No,8.0,19628888.0,,No,Yes,Yes,Yes,No,Yes,Yes
0,Moentum Token,MOM,,,,USA,29.0,82.0,2.1,Yes,Yes,Utility,0.043,No,No,No,7.0,,,No,No,Yes,Yes,Yes,No,Yes
0,Monanex,MNX,,,,Sweden,65.0,,2.0,Yes,Yes,Utility,0.15,No,No,No,4.0,,0.75,Yes,Yes,Yes,Yes,Yes,No,No
0,Moonlite,MNL,,,,UK,22.0,40.0,3.6,Yes,Yes,Utility,1.1223,No,No,No,9.5,,0.7,No,Yes,Yes,Yes,Yes,No,Yes
0,MultiVAC,MTV,,,,Singapore,4.0,,3.05,Yes,Yes,Utility,0.006,No,No,No,27.0,600000000.0,0.06,No,Yes,Yes,Yes,Yes,No,Yes
0,Myanmar Gold Coin,MGC,,,,China,60.0,,2.2,Yes,Yes,Utility,0.2,No,Yes,No,6.0,1000000000.0,0.3,No,Yes,Yes,Yes,Yes,No,Yes
0,Myoho,MYX,,,,USA,122.0,29.0,2.2,Yes,Yes,Utility,0.0099,No,No,No,0.0,600000000.0,0.6,Yes,Yes,Yes,Yes,Yes,Yes,Yes
0,Naked Technologies,NKD,,,,UK,29.0,,2.2,Yes,Yes,Utility,1.097,No,No,No,3.0,,,No,Yes,Yes,Yes,Yes,No,missingData
0,Nitecrawler,NCRL,,,,UK,92.0,,2.2,Yes,Yes,Utility,0.22,No,Yes,No,15.0,510000000.0,0.51,No,Yes,Yes,Yes,Yes,No,Yes
0,NONECoin,NCO,,,,Germany,45.0,,2.2,Yes,Yes,Utility,0.15,No,No,No,28.0,15000000.0,0.75,Yes,Yes,Yes,Yes,No,No,missingData
0,Noscam,NSC,,,,Ukraine,45.0,,2.2,Yes,Yes,Utility,0.1,No,No,Yes,4.0,2250000000.0,0.75,Yes,Yes,Yes,Yes,Yes,No,Yes
0,NovaLend,NLC,,,,Germany,50.0,10.0,2.6,Yes,Yes,Utility,1.0,No,No,No,0.0,15000000.0,0.7,No,No,Yes,Yes,Yes,No,Yes
0,ODMCoin,ODMC,,,,Russia,30.0,14.0,2.6,Yes,Yes,Utility,78.8,No,No,No,5.5,22000.0,0.88,Yes,Yes,Yes,Yes,Yes,No,Yes
0,OID  - Opioid Token,OID,,,,USA,156.0,,2.0,Yes,Yes,Utility,0.4082,No,No,Yes,4.0,,,No,No,Yes,No,Yes,Yes,Yes
0,Paple,PAP,,,,Malta,162.0,71.0,2.2,Yes,Yes,Utility,0.45,No,Yes,No,11.5,60000000.0,,Yes,No,Yes,Yes,Yes,No,Yes
0,Petal,PTL,,,,India,29.0,15.0,2.2,Yes,Yes,Utility,1.31,No,No,No,2.5,700000.0,0.7,Yes,Yes,Yes,Yes,Yes,No,Yes
0,Plosive,PLO,,,,USA,7.0,7.0,2.2,Yes,Yes,Utility,8e-05,No,No,No,9.0,50000000000.0,0.5,No,No,Yes,Yes,Yes,No,Yes
0,Plutus,Pluton,,,,Italy,8.0,,2.2,Yes,Yes,Utility,,No,No,No,12.0,,,No,No,Yes,Yes,Yes,No,missingData
0,Polaris,PLR,,,,China,59.0,31.0,2.2,Yes,Yes,Utility,0.02,No,No,No,15.0,800000000.0,0.8,Yes,No,Yes,Yes,Yes,No,Yes
0,Porus,PORUS,,,,South Korea,5.0,,2.2,Yes,Yes,Utility,0.06,No,No,No,11.0,2500000.0,0.5,No,No,Yes,Yes,No,No,Yes
0,Premium Trade,PTC Token,,,,Unknown,31.0,30.0,2.2,Yes,Yes,Utility,0.95,No,No,No,7.0,20000000.0,,No,Yes,Yes,Yes,Yes,No,Yes
0,Prime-Ex Perpetual,PEXT,,,,Panama,15.0,7.0,2.2,Yes,Yes,Utility,1.0,No,No,No,2.5,,,No,No,Yes,Yes,Yes,No,Yes
0,PronCoin,PRON,,,,UK,79.0,,2.2,Yes,Yes,Utility,0.069,No,No,No,1.5,,,Yes,Yes,Yes,Yes,Yes,No,missingData
0,Protos,PRTS,,,,Canada,45.0,21.0,2.3,Yes,Yes,Utility,1.0,No,No,No,6.0,50000000.0,,Yes,Yes,Yes,Yes,Yes,No,Yes
0,QINTAR,QINTAR,,,,Switzerland,183.0,,2.2,Yes,No,Utility,129.74,No,Yes,No,6.0,2200000.0,0.22,No,Yes,Yes,Yes,Yes,No,missingData
0,Rebglo,REB,,,,Singapore,50.0,90.0,2.4,Yes,Yes,Utility,0.2377,No,Yes,No,1.0,261000000.0,0.261,Yes,Yes,Yes,Yes,Yes,Yes,Yes
0,Reborn Bloc,RBE,,,,Singapore,46.0,30.0,2.2,Yes,Yes,Utility,0.0564,No,Yes,No,14.0,,,No,No,Yes,Yes,No,No,missingData
0,RedFund,REDF,,,,Mexico,14.0,41.0,2.2,Yes,Yes,Utility,0.2749,No,No,No,8.0,165000000.0,0.75,Yes,Yes,Yes,Yes,Yes,No,Yes
0,Rethen,RTH2,,,,USA,19.0,,2.2,Yes,Yes,Utility,2.09e-05,No,No,No,4.0,7500000000.0,0.5,Yes,Yes,Yes,Yes,Yes,Yes,Yes
0,Rex,REX,,,,USA,25.0,,2.3,Yes,Yes,Utility,0.4748,No,No,No,5.0,,0.5,No,No,Yes,Yes,Yes,Yes,No
0,Rialto.AI,XRL,,,,Slovenia,13.0,,2.2,Yes,Yes,Utility,0.4,No,No,No,8.0,,,No,No,Yes,Yes,Yes,No,missingData
0,RoleCoin,ROLE,,,,Malta,199.0,,2.7,No,No,Utility,0.1,Yes,Yes,No,11.0,350000000.0,0.35,Yes,Yes,Yes,Yes,Yes,No,Yes
0,Sahara Chain,SAND,,,,United Arab Emirates,70.0,26.0,2.2,Yes,Yes,Utility,0.098,No,No,No,6.0,2000000000.0,0.34,Yes,Yes,Yes,Yes,Yes,Yes,missingData
0,Setcoin,SET,,,,Switzerland,92.0,,2.3,No,No,Utility,0.1,Yes,Yes,No,0.0,350000000.0,0.7,No,No,Yes,Yes,Yes,No,Yes
0,Seylan,SYLN,,,,Germany,134.0,,1.9,Yes,Yes,Utility,0.05,No,Yes,No,8.0,25200000.0,0.63,No,No,Yes,Yes,No,No,No
0,Signal,SGNL,,,,Unknown,74.0,16.0,2.2,No,No,Utility,0.22,No,No,No,6.5,440000000.0,,Yes,Yes,Yes,Yes,No,No,missingData
0,Sleecoin,SLEE,,,,UK,111.0,28.0,2.2,Yes,Yes,Utility,0.0813,Yes,No,No,7.0,100000000.0,0.5,Yes,Yes,Yes,Yes,Yes,No,Yes
0,Snagride,MILE,,,,USA,35.0,27.0,2.2,Yes,Yes,Utility,0.25,No,No,No,6.0,84000000.0,0.84,Yes,Yes,Yes,Yes,Yes,No,No
0,Sparc,SPARC,,,,Canada,16.0,,2.5,Yes,Yes,Utility,0.1292,No,No,No,7.0,2500000000.0,,Yes,Yes,Yes,Yes,Yes,No,Yes
0,SPHINX COIN,SPHINX,,,,Singapore,44.0,,2.2,Yes,Yes,Utility,0.5,Yes,Yes,No,0.0,20060000.0,,No,No,Yes,Yes,Yes,Yes,Yes
0,SUPERIUM,SUM,,,,Italy,58.0,,1.65,Yes,Yes,Utility,0.092,No,No,No,0.0,450000000.0,0.9,Yes,Yes,Yes,Yes,Yes,Yes,No
0,Synexcoin,SYC,,,,UK,61.0,18.0,2.2,Yes,Yes,Utility,0.38,No,No,No,2.0,6400000.0,0.8,No,Yes,Yes,Yes,Yes,Yes,Yes
0,techspecs,SPC,,,,Switzerland,32.0,,2.2,Yes,Yes,Utility,2.0,Yes,Yes,Yes,9.5,,,No,No,Yes,Yes,No,No,missingData
0,TensorBox,TBX,,,,Russia,14.0,,2.2,Yes,Yes,Utility,1.0,No,No,No,4.0,500000.0,,Yes,Yes,Yes,Yes,Yes,No,Yes
0,The GlobeToken Project,GLO,,,,South Africa,76.0,13.0,2.0,No,No,Utility,0.0024,No,No,No,3.0,7220000000.0,0.95,Yes,Yes,Yes,Yes,Yes,No,Yes
0,The Memessenger,MET,,,,Russia,60.0,31.0,2.2,No,No,Utility,1.0,No,No,No,8.0,4900000.0,0.49,No,Yes,Yes,Yes,Yes,No,Yes
0,Torus Distributed Energy Platform,TORUS,,,,Japan,15.0,,2.2,Yes,Yes,Utility,0.0011,No,No,No,6.0,70000000000.0,0.7,No,No,Yes,Yes,Yes,Yes,Yes
0,traceto.io,T2T,,,,Singapore,21.0,,3.1,Yes,Yes,Utility,0.1,Yes,Yes,No,10.0,300000000.0,0.3,No,Yes,Yes,Yes,Yes,No,Yes
0,Trademindx,TMX,,,,UK,31.0,30.0,2.1,Yes,Yes,Utility,0.0028,No,No,No,3.5,500000000.0,0.5,No,Yes,Yes,Yes,Yes,Yes,No
0,Trademycoin,TMC,,,,China,29.0,,2.2,Yes,Yes,Utility,0.0004,Yes,No,Yes,4.0,12000000000.0,0.8,Yes,Yes,Yes,Yes,Yes,Yes,Yes
0,Trading Forest,TDF,,,,Estonia,60.0,,2.2,Yes,Yes,Utility,,No,No,No,3.0,500000.0,,Yes,Yes,Yes,Yes,Yes,No,missingData
0,TravelCoin,TRV,,,,Canada,41.0,,2.2,Yes,Yes,Utility,,No,No,No,8.0,,0.5,No,No,Yes,Yes,Yes,No,missingData
0,Travelkoin,TKT,,,,Thailand,4.0,,2.3,Yes,Yes,Utility,0.5104,Yes,Yes,No,8.0,35000000.0,,No,Yes,Yes,Yes,Yes,No,Yes
0,Trias,TRY,,,,Unknown,14.0,,2.2,Yes,Yes,Utility,,No,No,No,9.0,,,No,No,Yes,Yes,Yes,Yes,Yes
0,TridentCoin,TDC,,,,Malta,244.0,244.0,2.2,No,No,Utility,0.7,No,No,No,0.0,15400000.0,0.7,No,Yes,Yes,Yes,Yes,No,Yes
0,Trustmarkethub Token,TMH,,,,UK,0.0,2.0,2.25,Yes,Yes,Utility,0.00035,No,No,Yes,3.0,5000000000.0,0.5,No,No,Yes,Yes,Yes,No,Yes
0,UNOLABO,UNLB,,,,Hong Kong,95.0,52.0,2.2,Yes,Yes,Utility,1.3642,No,No,No,12.5,,0.65,Yes,Yes,Yes,Yes,Yes,No,Yes
0,Uprightly,UPT,,,,USA,28.0,,2.2,Yes,Yes,Utility,0.5238,No,No,No,4.5,,0.6,No,No,Yes,Yes,Yes,Yes,Yes
0,Uzoma,UMA,,,,Indonesia,47.0,19.0,2.2,Yes,Yes,Utility,,No,No,No,14.5,100000000000.0,0.5,Yes,Yes,Yes,Yes,Yes,No,Yes
0,Value Coin,,,,,Spain,46.0,,2.2,Yes,Yes,Utility,,No,No,No,3.0,,,Yes,Yes,Yes,Yes,Yes,No,Yes
0,VIABET,XVIA,,,,Unknown,27.0,7.0,2.4,Yes,Yes,Utility,0.34,No,No,No,0.0,49000000.0,,No,Yes,Yes,Yes,Yes,No,Yes
0,Vooglue,VGC,,,,Australia,92.0,60.0,2.8,Yes,Yes,Utility,1.059,No,Yes,No,11.0,,,No,No,Yes,Yes,Yes,No,Yes
0,WEBN,WEBN,,,,Philippines,94.0,31.0,2.2,Yes,Yes,Payment,0.0003,No,No,Yes,11.5,700000000.0,0.7,Yes,Yes,Yes,Yes,Yes,Yes,Yes
0,WhoHas,WHO,,,,Germany,30.0,,2.2,Yes,Yes,Utility,0.103,Yes,No,No,4.0,150000000.0,0.1,No,No,Yes,Yes,Yes,Yes,missingData
0,Woonkly,WNK,,,,Mexico,244.0,,3.05,Yes,Yes,Utility,0.0135,No,Yes,No,16.0,3000000000.0,0.3,Yes,Yes,Yes,Yes,Yes,Yes,Yes
0,Wowoo,WWB,,,,Singapore,8.0,,2.4,Yes,Yes,Utility,0.933,No,No,No,11.0,,0.25,Yes,Yes,Yes,Yes,No,No,Yes
0,Xaurum Gamma,XGM,,,,Slovenia,59.0,,2.2,Yes,Yes,Utility,118.14,No,No,No,4.0,,,No,Yes,Yes,Yes,Yes,No,missingData
0,Xirkle,XIR,,,,USA,28.0,38.0,2.2,No,No,Utility,97.38,No,No,No,6.0,10000000.0,0.2379,No,No,Yes,Yes,Yes,Yes,Yes
0,XTock,XTX,,,,Hong Kong,0.0,,2.2,Yes,Yes,Utility,0.05,Yes,Yes,No,14.0,,0.4,Yes,Yes,Yes,Yes,Yes,No,Yes
0,Adblurb,ADBL,,,,UK,29.0,,1.5,Yes,Yes,Utility,0.0475,No,Yes,No,8.0,70000000.0,0.7,Yes,Yes,Yes,Yes,Yes,No,Yes
0,AIPAY,AIPAY,,,,Singapore,31.0,,2.1,Yes,Yes,Utility,6.52e-06,No,No,Yes,6.0,,,Yes,Yes,Yes,Yes,Yes,Yes,Yes
0,AlkebulanCash (One Africa Cryptocurrency),AKB,,,,Nigeria,58.0,56.0,2.1,No,No,Utility,0.1,No,No,No,0.0,5000000.0,,Yes,Yes,Yes,Yes,Yes,No,Yes
0,Appay,APY,,,,Canada,60.0,,2.1,Yes,Yes,Utility,0.19,No,No,No,2.5,,,Yes,No,Yes,Yes,Yes,No,missingData
0,ARC Reserve Currency,ARCC,,,,Guernsey and  Jersey,31.0,,2.1,Yes,Yes,Utility,1.0,No,No,No,5.0,,,No,No,Yes,Yes,Yes,Yes,Yes
0,Argetum,AGM,,,,USA,31.0,5.0,1.7,Yes,Yes,Utility,0.1436,No,No,No,6.0,65000000.0,0.65,Yes,Yes,Yes,Yes,Yes,No,Yes
0,Atmatrix,ATT,,,,Singapore,31.0,,2.1,Yes,Yes,Utility,0.4959,No,No,No,18.0,90000000.0,0.6,Yes,Yes,Yes,Yes,No,No,missingData
0,BBiller,BBL Token,,,,Australia,92.0,,2.5,Yes,Yes,Utility,0.04,No,No,No,2.5,5500000000.0,,Yes,Yes,Yes,Yes,Yes,No,No
0,Bilibit,BLB,,,,Philippines,31.0,30.0,2.1,Yes,Yes,Utility,0.1,No,No,No,0.0,20000000.0,0.4,Yes,No,Yes,Yes,Yes,Yes,Yes
0,Bitcoin Classic,BXC,,,,Unknown,6.0,67.0,2.1,No,No,Utility,0.1,No,No,Yes,3.0,1250000.0,0.38,No,No,Yes,Yes,Yes,Yes,Yes
0,BitcoinCorner,COCO,,,,Malta,364.0,,2.7,Yes,Yes,Utility,0.1135,No,Yes,No,10.0,250000000.0,0.625,No,Yes,Yes,Yes,Yes,No,Yes
0,BitFerry,BitFerry,,,,Russia,35.0,,2.1,Yes,Yes,Utility,0.1,No,No,No,8.0,,,Yes,Yes,Yes,Yes,Yes,No,Yes
0,Bitmag,BTM,,,,Germany,29.0,,2.0,Yes,Yes,Utility,1.22,No,No,No,2.0,,,No,No,Yes,Yes,Yes,No,Yes
0,BLOCKCASH,BSC Token,,,,Indonesia,27.0,,2.1,No,No,Utility,1.2189,No,No,No,0.0,7000000.0,0.25,No,No,Yes,Yes,Yes,Yes,Yes
0,Cacao Shares,CcS,,,,Japan,7.0,,2.2,Yes,Yes,Utility,0.8683,No,Yes,No,10.0,52941177.0,,No,No,Yes,Yes,Yes,No,Yes
0,Capdax,XCD,,,,Hong Kong,28.0,,2.1,Yes,Yes,Utility,0.0118,Yes,Yes,No,11.0,,0.51,No,Yes,Yes,Yes,Yes,No,Yes
0,Cartographeum,CARTO,,,,Germany,184.0,,2.1,Yes,Yes,Utility,0.0514,No,No,Yes,2.0,54236000.0,0.7,Yes,Yes,Yes,Yes,Yes,No,Yes
0,Castweet,CTT token,,,,Unknown,1.0,,2.1,Yes,Yes,Utility,0.059,No,No,No,10.0,3750000.0,,No,No,Yes,Yes,No,No,Yes
0,Chatello App,CHA,,,,Australia,87.0,,2.1,Yes,Yes,Utility,2.0,Yes,Yes,No,15.0,,,No,No,Yes,Yes,Yes,No,Yes
0,CoinDash,CDT,,,,Israel,31.0,,2.1,Yes,Yes,Utility,0.5,No,No,No,9.0,1000000000.0,,No,No,Yes,Yes,Yes,No,missingData
0,Cointify,CTF,,,,Iceland,486.0,,2.1,Yes,Yes,Utility,0.8722,No,Yes,No,0.0,20000000.0,1.0,No,No,Yes,Yes,Yes,No,Yes
0,COMSA,CMS,,,,Japan,35.0,,1.9,Yes,Yes,Utility,1.0,No,No,No,28.0,,0.55,No,No,Yes,Yes,Yes,No,Yes
0,Crazy Shapes,CrazyCoin,,,,Russia,27.0,31.0,2.1,No,No,Utility,0.2,No,No,No,4.0,85000000.0,0.7,No,Yes,Yes,Yes,Yes,No,Yes
0,CrazyBET,CBET,,,,Latvia,18.0,,2.1,Yes,Yes,Utility,0.1491,No,No,No,4.0,21000000.0,0.7,Yes,Yes,Yes,Yes,Yes,No,missingData
0,Creatanium,CMB,,,,Singapore,85.0,,2.1,Yes,Yes,Utility,0.2,No,Yes,No,0.0,780000000.0,0.39,Yes,Yes,Yes,Yes,Yes,Yes,Yes
0,CryoCloud,CCC,,,,Canada,28.0,,2.1,Yes,Yes,Utility,0.0089,No,No,No,0.0,,,No,No,Yes,Yes,Yes,Yes,Yes
0,DClear,DCH,,,,China,0.0,,2.1,Yes,Yes,Utility,0.04,No,No,No,6.0,,,No,Yes,Yes,Yes,Yes,No,Yes
0,Decentralend,DLD,,,,United Arab Emirates,10.0,8.0,2.1,Yes,Yes,Utility,0.5,No,No,No,0.0,2500000.0,0.83,No,No,Yes,Yes,Yes,No,missingData
0,Delphi Systems,PHI,,,,USA,44.0,,2.1,Yes,Yes,Utility,,No,No,No,2.0,50000000.0,0.6,No,Yes,Yes,Yes,Yes,Yes,missingData
0,DeMars,DMC,,,,Seychelles,46.0,105.0,3.1,No,No,Utility,0.1136,No,Yes,No,0.0,100000000.0,0.5,No,Yes,Yes,Yes,Yes,Yes,No
0,Drawnblue,DBT token,,,,Switzerland,153.0,,2.1,Yes,Yes,Utility,0.03,No,Yes,No,6.0,500000000.0,,Yes,Yes,Yes,Yes,Yes,Yes,missingData
0,DRCG,DRCG,,,,Congo,97.0,,2.1,Yes,Yes,Utility,1.25,No,No,No,11.0,65000000.0,0.65,No,No,Yes,Yes,No,No,missingData
0,Eagle Project,EGL,,,,Brazil,20.0,,2.1,No,No,Utility,0.07,No,No,No,4.0,,,No,No,Yes,Yes,Yes,No,Yes
0,ELPIS,ELP,,,,Switzerland,66.0,36.0,2.4,Yes,Yes,Utility,0.08,Yes,Yes,No,18.0,195000000.0,0.78,Yes,Yes,Yes,Yes,Yes,No,Yes
0,ENET Network,ENET,,,,Belgium,90.0,,2.1,No,No,Utility,0.01,No,No,No,3.0,,,No,No,Yes,Yes,Yes,Yes,Yes
0,Etheriya,RIYA,,,,Unknown,50.0,,2.1,Yes,Yes,Utility,0.25,No,No,No,0.0,100000000.0,,No,Yes,Yes,Yes,Yes,No,missingData
0,Ethernal Heroes,,,,,Russia,76.0,29.0,2.2,Yes,Yes,Utility,0.05,No,No,No,10.0,100000000.0,0.625,Yes,Yes,Yes,Yes,Yes,Yes,Yes
0,Flexstay,FXS,,,,Singapore,27.0,6.0,2.1,Yes,Yes,Utility,0.05,No,No,No,8.0,3000000.0,0.6,Yes,Yes,Yes,Yes,Yes,No,Yes
0,Freedom Streaming,FDM,,,,Cayman Islands,30.0,16.0,2.1,Yes,Yes,Utility,0.075,No,No,No,0.0,650000000.0,0.65,No,Yes,Yes,Yes,Yes,No,missingData
0,Fujinto,NTO,,,,Japan,31.0,,2.1,Yes,Yes,Utility,0.0748,No,No,No,0.0,400000000.0,,Yes,Yes,Yes,Yes,Yes,Yes,missingData
0,GalaxyExchange,BKY,,,,Nigeria,11.0,,2.1,Yes,Yes,Utility,0.001,No,No,No,2.0,100000000.0,0.4,No,No,Yes,Yes,Yes,No,Yes
0,GaxCoin,GAX,,,,Cayman Islands,148.0,,2.1,Yes,Yes,Utility,0.11,No,No,No,12.0,400000000.0,,Yes,Yes,Yes,Yes,Yes,Yes,Yes
0,GBC KOREA,UCX,,,,Unknown,13.0,,2.1,Yes,Yes,Utility,,No,No,No,18.0,550000000.0,0.55,No,No,Yes,Yes,Yes,No,Yes
0,Globo,GLBX,,,,Germany,75.0,49.0,2.1,Yes,Yes,Utility,,No,No,No,7.5,,1.0,No,No,Yes,Yes,Yes,No,missingData
0,Gyptex,GYX,,,,Hong Kong,46.0,35.0,2.3,Yes,Yes,Utility,0.0096,Yes,Yes,No,9.0,445084980.0,0.6,Yes,Yes,Yes,Yes,Yes,Yes,Yes
0,Harapan,HRP,,,,USA,687.0,92.0,1.9,Yes,Yes,Utility,0.3,No,No,No,5.0,,,No,Yes,Yes,Yes,Yes,No,No
0,Helveticoin,HEL,,,,Switzerland,40.0,8.0,1.9,Yes,Yes,Utility,0.0171,Yes,Yes,No,0.0,2000000000.0,0.45,Yes,Yes,Yes,Yes,Yes,Yes,Yes
0,IBFS.world,IBFS,,,,Russia,58.0,,2.1,Yes,Yes,Utility,3.093,No,No,No,14.0,,,No,No,Yes,Yes,No,No,missingData
0,InBet,IBO,,,,British Virgin Islands,76.0,16.0,1.9,Yes,Yes,Utility,0.0319,No,No,Yes,8.0,50000000.0,0.5,Yes,Yes,Yes,Yes,Yes,No,Yes
0,Indigo Racing,INDIGO,,,,Israel,30.0,17.0,2.1,No,No,Utility,1.566,No,No,No,5.0,,,No,Yes,Yes,Yes,Yes,No,Yes
0,Indigodma,IDM,,,,Russia,99.0,,2.1,Yes,Yes,Utility,0.5,No,No,No,6.0,22000000.0,0.85,No,Yes,Yes,Yes,No,No,missingData
0,Internxt,INXT,,,,Spain,21.0,,2.15,Yes,Yes,Utility,1.0091,No,No,No,5.0,45000000.0,,Yes,Yes,Yes,Yes,Yes,Yes,missingData
0,Izzy,IZZY,,,,USA,264.0,,2.1,Yes,Yes,Utility,0.13,Yes,No,No,14.0,360000000.0,0.6,No,Yes,Yes,Yes,Yes,No,missingData
0,JCoin,JCO,,,,Japan,61.0,16.0,1.4,Yes,Yes,Utility,0.4581,No,Yes,No,7.0,14700000.0,,Yes,Yes,Yes,Yes,Yes,No,Yes
0,JET8,J8T,,,,Singapore,14.0,,3.9,Yes,Yes,Utility,0.1,Yes,Yes,No,46.5,150000000.0,0.3,Yes,Yes,Yes,Yes,Yes,Yes,Yes
0,Jura,JURA,,,,Unknown,1.0,,2.15,Yes,Yes,Utility,,No,No,No,13.0,,,No,No,Yes,Yes,Yes,No,Yes
0,KeepSafePay,KSP,,,,Unknown,55.0,,2.1,Yes,Yes,Utility,91.5945,No,No,No,6.0,80000000.0,0.8,No,No,Yes,Yes,Yes,No,Yes
0,KuwaitKoin,KWK,,,,Kuwait,185.0,,2.1,Yes,Yes,Utility,0.5,No,No,No,6.0,224000000.0,0.7,No,No,Yes,Yes,Yes,Yes,missingData
0,Linix,LNX,,,,Hong Kong,1.0,,2.1,Yes,Yes,Utility,0.02,No,No,No,13.5,,,No,Yes,Yes,Yes,Yes,No,Yes
0,Lottechain,,,,,Indonesia,31.0,,2.1,Yes,Yes,Utility,0.0,No,No,No,5.0,9000000000.0,0.6,No,Yes,Yes,Yes,Yes,No,Yes
0,MEDIS,MDC,,,,USA,182.0,,2.1,Yes,Yes,Utility,113.0,No,No,No,5.0,100000000.0,0.333,Yes,Yes,Yes,Yes,Yes,No,No
0,Metatip,META,,,,USA,239.0,,2.0,No,No,Utility,0.006,No,No,No,0.0,,,No,No,Yes,Yes,Yes,Yes,Yes
0,Mining now,MNW,,,,Bulgaria,85.0,,2.3,Yes,Yes,Utility,11.4,No,No,No,7.0,3600000.0,,No,No,Yes,Yes,Yes,No,Yes
0,Mitewallet,MTE token,,,,Australia,27.0,5.0,2.1,Yes,Yes,Utility,0.152850281,No,No,No,6.0,200000000.0,0.5,Yes,Yes,Yes,Yes,Yes,No,Yes
0,MOG,MOG,,,,Curacao,71.0,,2.1,Yes,Yes,Utility,0.58,No,Yes,No,3.5,15000000.0,0.75,No,Yes,Yes,Yes,Yes,No,missingData
0,MOKENEX,MOKN,,,,Unknown,118.0,,2.1,Yes,Yes,Utility,0.083,No,No,No,3.0,15200000.0,,No,Yes,Yes,Yes,Yes,No,Yes
0,Monvid,MVID,,,,USA,91.0,,2.1,Yes,Yes,Utility,0.1,No,No,No,10.0,140000000.0,0.7,Yes,Yes,Yes,Yes,Yes,No,Yes
0,Nedviga,NDV,,,,Russia,30.0,30.0,1.8,Yes,Yes,Utility,0.395,No,No,No,3.5,75000000000.0,0.75,Yes,Yes,Yes,No,Yes,No,Yes
0,Officium,OFC,,,,UK,55.0,,2.4,Yes,Yes,Utility,,No,No,No,15.0,350000000.0,0.7,Yes,No,Yes,Yes,Yes,Yes,Yes
0,OILSC,OILSC,,,,Seychelles,35.0,14.0,1.8,Yes,Yes,Utility,0.2166,No,No,No,12.0,130000000.0,0.5,No,No,Yes,Yes,Yes,No,Yes
0,ONNCOIN,ONN,,,,USA,68.0,59.0,2.1,No,No,Utility,1.9,No,No,No,0.0,1000000.0,,No,No,Yes,Yes,Yes,Yes,Yes
0,OpenCryptoTrust,OCTb,,,,Switzerland,60.0,363.0,2.9,Yes,Yes,Utility,0.9375,Yes,Yes,No,8.0,100000000.0,0.4,No,Yes,Yes,Yes,Yes,No,No
0,Orio,ORIO,,,,USA,31.0,,2.1,Yes,Yes,Utility,,No,No,No,7.0,,0.5,No,Yes,Yes,No,Yes,No,missingData
0,Pecunia,PECUNIA,,,,Australia,28.0,,2.1,No,No,Utility,13.0,Yes,Yes,No,13.0,36000000.0,0.18,No,Yes,Yes,Yes,No,No,No
0,PentaXCoin,PTX,,,,Singapore,26.0,31.0,2.1,Yes,Yes,Utility,3.0,No,No,No,0.0,9500000.0,,No,No,Yes,Yes,No,No,Yes
0,Praator,SAFC,,,,USA,122.0,29.0,2.1,Yes,Yes,Utility,0.007,No,No,No,20.0,40000000.0,,Yes,Yes,Yes,Yes,Yes,No,missingData
0,PropertyClub,PCC,,,,USA,25.0,,2.1,Yes,Yes,Utility,0.0246,Yes,Yes,No,3.0,,0.5,Yes,Yes,Yes,Yes,Yes,No,Yes
0,Puccoin,PUC,,,,USA,125.0,,2.1,Yes,Yes,Utility,0.2025,No,Yes,No,17.0,,,Yes,Yes,Yes,Yes,Yes,No,missingData
0,PyaPay,PYP,,,,Malta,31.0,30.0,2.1,Yes,Yes,Utility,,No,No,No,20.0,,0.6,Yes,Yes,Yes,Yes,Yes,No,Yes
0,Reserve,RSR,,,,USA,0.0,,2.15,No,No,Utility,0.0011,No,No,No,18.0,4000000000.0,0.4,No,Yes,Yes,Yes,Yes,No,Yes
0,RevenYOU,YOU,,,,Switzerland,114.0,,2.1,Yes,Yes,Utility,0.0116,Yes,Yes,Yes,10.5,6425000000.0,,Yes,Yes,Yes,Yes,Yes,Yes,Yes
0,Rocati,RCT,,,,Malta,131.0,,2.1,Yes,Yes,Utility,1.16,No,No,No,9.0,45000000.0,0.9,No,Yes,Yes,Yes,No,No,missingData
0,ROSCAcoin,RCA,,,,Singapore,62.0,,2.1,Yes,Yes,Utility,0.026,No,Yes,No,0.0,30000000000.0,0.3,No,No,Yes,Yes,Yes,Yes,Yes
0,Rothscoin,RTC,,,,USA,41.0,,2.1,Yes,Yes,Utility,1.0,No,No,No,0.0,,,No,No,Yes,Yes,Yes,No,missingData
0,SafeStart,SST,,,,Unknown,44.0,,2.1,Yes,Yes,Utility,,No,No,No,3.0,,,No,Yes,Yes,Yes,Yes,No,Yes
0,SecurityPlusCloud,SPC,,,,Marshall Islands,45.0,11.0,2.1,Yes,Yes,Utility,3.51,No,No,No,11.0,500000000.0,0.5,No,Yes,Yes,Yes,Yes,No,Yes
0,Smart Progress,SmartProgress Token,,,,Russia,30.0,,1.5,Yes,Yes,Utility,0.1,No,No,No,2.0,5000000.0,,No,Yes,Yes,Yes,Yes,No,Yes
0,Songin,SOIN,,,,Singapore,40.0,6.0,2.1,Yes,Yes,Utility,0.004,No,No,No,9.0,5100000000.0,0.17,No,Yes,Yes,Yes,Yes,No,Yes
0,StarCapPays,SCC Token,,,,Singapore,30.0,,2.1,Yes,Yes,Utility,,No,No,No,8.0,146000000.0,0.5,No,No,Yes,Yes,No,No,missingData
0,StarLightCoin,SLC,,,,United Arab Emirates,41.0,,1.4,No,No,Utility,0.15,No,No,No,0.0,,,No,No,Yes,Yes,Yes,No,Yes
0,Stelcoin,Stel,,,,USA,33.0,36.0,2.1,Yes,Yes,Utility,1.2,No,No,Yes,6.0,8000000.0,0.53,No,No,Yes,Yes,Yes,No,Yes
0,Supload,SUP,,,,USA,123.0,,2.1,Yes,Yes,Utility,0.33,No,No,No,9.5,90866666.0,0.649,Yes,Yes,Yes,Yes,Yes,Yes,Yes
0,Swisstok,SWSToken,,,,Switzerland,27.0,27.0,2.1,Yes,Yes,Utility,,No,No,No,12.0,1000000000.0,0.24,Yes,Yes,Yes,Yes,Yes,No,Yes
0,SWX Coin,SWX,,,,UK,42.0,6.0,1.9,Yes,Yes,Utility,0.1,Yes,No,No,1.0,65000000.0,0.65,No,No,Yes,Yes,Yes,No,Yes
0,T8EX,T8EX,,,,Australia,0.0,,1.8,Yes,Yes,Utility,0.17,Yes,No,No,3.0,216000000.0,0.4,No,Yes,Yes,Yes,Yes,No,No
0,Taucoin,TAU,,,,Cyprus,365.0,,2.1,Yes,Yes,Utility,,No,No,Yes,3.0,,,No,No,Yes,Yes,Yes,Yes,Yes
0,Tavitt,TVC,,,,Thailand,60.0,,1.9,Yes,Yes,Utility,0.68,Yes,No,Yes,0.0,50000000.0,0.5,Yes,Yes,Yes,Yes,Yes,No,Yes
0,TIBRIX,TBRX,,,,Hong Kong,22.0,12.0,2.1,Yes,Yes,Utility,0.053,No,No,Yes,5.0,200000000.0,0.48,No,Yes,Yes,Yes,Yes,No,missingData
0,Tokes,Tokes,,,,USA,45.0,,2.1,No,No,Utility,5.06,No,No,No,5.0,50000000.0,,No,No,Yes,Yes,Yes,No,missingData
0,TOURCOM Blockchain,TCO token,,,,Singapore,0.0,,2.1,Yes,Yes,Utility,,No,No,No,24.0,500000000.0,0.05,No,No,Yes,Yes,Yes,No,Yes
0,TTCoin,TTCOIN,,,,South Korea,91.0,29.0,2.0,Yes,No,Utility,0.089,Yes,Yes,No,0.0,500000000.0,0.05,No,No,Yes,Yes,Yes,No,Yes
0,turnple,TRP,,,,Unknown,5.0,,2.1,Yes,Yes,Utility,0.3,No,No,No,7.0,450000000.0,0.1,No,No,Yes,Yes,Yes,No,Yes
0,UHUB,HUB,,,,Vietnam,181.0,9.0,2.1,Yes,Yes,Utility,0.117,No,No,No,0.0,680001200.0,0.49,Yes,Yes,Yes,Yes,Yes,Yes,Yes
0,Unero,UNR,,,,Singapore,47.0,,2.7,Yes,Yes,Utility,0.1,No,Yes,Yes,9.0,8000000.0,0.4,Yes,Yes,Yes,Yes,Yes,No,Yes
0,UniCSystems-United Crypto Systems,UCS,,,,USA,105.0,14.0,4.1,Yes,Yes,Utility,0.0065,No,No,No,6.0,,,Yes,No,Yes,Yes,Yes,No,Yes
0,Unity Coin,UNITY,,,,Canada,29.0,4.0,2.1,Yes,Yes,Utility,0.0367,No,No,No,8.0,4000000000.0,0.4,No,No,Yes,Yes,No,No,missingData
0,Value Ticket Coin,VTT,,,,Cyprus,59.0,29.0,2.1,Yes,Yes,Utility,1.0,Yes,Yes,No,0.0,60000000.0,0.6,No,Yes,Yes,Yes,Yes,No,No
0,Velareum,VELS / VELS,,,,Singapore,24.0,,1.8,Yes,Yes,Utility,0.1,No,Yes,No,15.0,150000000.0,0.5,Yes,Yes,Yes,Yes,Yes,No,Yes
0,Vid,VID token,,,,Cayman Islands,92.0,,2.0,Yes,Yes,Utility,0.01,No,Yes,No,12.0,500000000.0,,No,No,Yes,Yes,Yes,No,Yes
0,Wise,WSE,,,,Costa Rica,73.0,61.0,2.1,Yes,Yes,Utility,10.0,No,Yes,No,8.5,35000000.0,0.35,No,Yes,Yes,Yes,Yes,No,Yes
0,WTO Foundation,WTO,,,,Taiwan,31.0,,2.1,Yes,Yes,Utility,0.033,No,No,No,6.0,400000000.0,0.4,No,Yes,Yes,Yes,No,No,Yes
0,Xbitcore,XBTX,,,,China,151.0,,2.1,No,No,Utility,,No,Yes,Yes,4.0,7000000.0,0.3,No,Yes,Yes,Yes,No,No,missingData
0,Ydentity,YDY,,,,Hong Kong,30.0,0.0,2.1,Yes,Yes,Utility,0.25,No,Yes,No,9.0,44000000.0,0.44,Yes,Yes,Yes,Yes,Yes,No,Yes
0,Zorff,ZRF,,,,Singapore,31.0,,2.1,Yes,Yes,Utility,0.0,No,No,No,5.0,20500000000.0,0.68,Yes,Yes,Yes,Yes,Yes,No,Yes
0,Accord ICO,ARD,,,,Pakistan,30.0,,2.0,Yes,Yes,Utility,0.946,No,No,No,0.0,200000000.0,0.65,Yes,No,Yes,Yes,Yes,Yes,missingData
0,AkroCoin,AKR,,,,USA,22.0,2.0,2.0,Yes,Yes,Utility,1.2,No,No,No,0.0,7380000.0,0.82,No,No,Yes,Yes,Yes,No,missingData
0,AMZCoin,AMZCoin,,,,UK,145.0,20.0,2.1,No,No,Utility,0.0028,No,No,No,6.0,20000000.0,,No,No,Yes,Yes,Yes,No,Yes
0,BenjaCoin,BENJA,,,,USA,31.0,,2.0,Yes,Yes,Utility,,No,No,No,3.0,,,No,No,Yes,Yes,Yes,No,missingData
0,Beuthereum,,,,,Singapore,25.0,21.0,1.9,Yes,Yes,Utility,2.1927,Yes,No,No,6.0,10000000.0,0.5,No,Yes,Yes,Yes,No,No,No
0,Big Data Coin,BDC,,,,USA,39.0,,2.0,Yes,Yes,Utility,15.0,No,No,No,7.5,,,No,No,Yes,Yes,No,No,missingData
0,BitHub,BHT,,,,USA,28.0,31.0,1.5,Yes,Yes,Utility,1.0,No,No,No,0.0,150000000.0,0.5,No,No,Yes,Yes,Yes,No,Yes
0,Blockwei,BWT,,,,Unknown,92.0,,2.0,Yes,Yes,Utility,,No,No,No,2.0,700000000.0,,Yes,Yes,Yes,Yes,No,No,missingData
0,Byeshares,BYS,,,,Netherlands,42.0,,2.0,Yes,Yes,Utility,12.2844,No,No,No,5.5,236837.0,0.1322,No,No,Yes,Yes,Yes,No,Yes
0,ByteBet,BBET,,,,UK,8.0,,2.0,Yes,Yes,Utility,4.28,No,No,No,2.0,,0.5,Yes,Yes,Yes,Yes,Yes,No,No
0,CamX,CAMX,,,,Bulgaria,32.0,14.0,2.0,No,No,Utility,0.79,No,No,No,4.0,,0.8,No,Yes,Yes,Yes,Yes,No,Yes
0,cannabisfarm.io,FIB,,,,Estonia,28.0,13.0,2.0,No,No,Utility,80.928,No,No,No,0.0,,0.75,Yes,Yes,Yes,Yes,Yes,No,Yes
0,Citicoin,CTI,,,,Canada,92.0,28.0,1.9,No,No,Utility,0.18,No,No,No,1.0,100000000.0,,No,No,Yes,No,Yes,No,No
0,ClassyCoin,CLASSYCOIN,,,,Australia,29.0,,2.0,Yes,Yes,Utility,0.0407,No,No,No,0.0,70000000.0,0.7,Yes,Yes,Yes,Yes,Yes,No,Yes
0,Crowd Crypto Fund,CCFC,,,,Unknown,31.0,,2.1,Yes,Yes,Utility,36.2439,No,No,No,6.0,,,No,No,Yes,No,Yes,No,No
0,Cryptotask,CTF,,,,Croatia,20.0,,2.45,Yes,Yes,Utility,0.803,No,No,Yes,0.0,9000000.0,0.8,No,Yes,Yes,Yes,Yes,Yes,Yes
0,Datawallet,DXT,,,,USA,30.0,,3.1,Yes,Yes,Utility,0.18,Yes,Yes,No,15.5,250000000.0,0.3333,No,Yes,Yes,Yes,Yes,No,Yes
0,Digipay Network,DIP,,,,France,83.0,,2.0,Yes,Yes,Utility,0.0395,No,Yes,No,5.0,126000000.0,0.7,Yes,Yes,Yes,Yes,Yes,No,Yes
0,Digiters Network,DGT ( Digiters),,,,UK,30.0,,2.1,Yes,Yes,Utility,0.0372,Yes,Yes,No,8.0,146000000.0,0.73,Yes,Yes,Yes,No,Yes,No,Yes
0,Ditry Coin,DCT Token,,,,Unknown,30.0,,2.0,Yes,Yes,Utility,0.1039,No,No,Yes,6.0,70000000.0,0.7,No,Yes,Yes,Yes,Yes,No,missingData
0,dueltoken.io,DUEL,,,,Unknown,8.0,,2.0,Yes,Yes,Utility,0.042,Yes,No,No,0.0,300000000.0,0.6,Yes,Yes,Yes,Yes,Yes,Yes,missingData
0,Electron World Money,EWM,,,,Singapore,7.0,7.0,2.0,Yes,Yes,Utility,0.2076,No,No,No,23.0,600000000.0,0.7,No,Yes,Yes,Yes,No,No,missingData
0,EnLedger,EECoin,,,,USA,30.0,,2.0,No,No,Utility,,No,No,No,4.0,,,No,No,Yes,Yes,Yes,Yes,missingData
0,Ethbits,ETBS,,,,UK,28.0,,2.3,Yes,Yes,Utility,1.1435,No,No,No,4.0,,,No,No,Yes,Yes,Yes,No,Yes
0,EthBooks,EBK,,,,USA,32.0,,2.0,Yes,Yes,Utility,0.1515,No,No,No,7.0,85000000.0,0.85,Yes,No,Yes,No,Yes,No,Yes
0,Ethereum High,HIG,,,,Canada,34.0,,2.0,Yes,Yes,Utility,6.86,No,No,No,0.0,100000000.0,,No,No,Yes,Yes,Yes,Yes,missingData
0,Ethereum.link,LNK,,,,Unknown,40.0,,2.0,Yes,Yes,Utility,,No,No,No,4.0,,,No,No,Yes,Yes,Yes,Yes,missingData
0,Evitan,EVN Token,,,,Russia,31.0,,2.0,Yes,Yes,Utility,1.5,No,No,No,4.0,,0.92,No,No,Yes,Yes,Yes,No,Yes
0,Facepower,FAC,,,,Unknown,0.0,,2.0,Yes,Yes,Utility,0.032,Yes,Yes,No,9.0,24000000.0,0.024,No,No,Yes,Yes,No,No,Yes
0,FTCoin,FTT,,,,Russia,189.0,,2.0,Yes,Yes,Utility,10.0,No,No,No,8.0,,,No,No,Yes,Yes,Yes,No,missingData
0,FTW,FTW,,,,Switzerland,95.0,,2.3,No,No,Utility,0.33,No,Yes,No,1.5,300000000.0,0.6,No,Yes,Yes,Yes,Yes,Yes,Yes
0,Garnet,GNC,,,,USA,243.0,,2.0,Yes,Yes,Utility,0.6,No,No,No,0.0,,,Yes,Yes,Yes,Yes,Yes,Yes,missingData
0,GL TOKEN,GLET,,,,USA,70.0,28.0,1.8,Yes,Yes,Utility,0.4776,Yes,Yes,No,10.0,109609500.0,0.73,Yes,Yes,Yes,Yes,No,No,No
0,GoMineWorld,GMW,,,,Israel,31.0,,2.1,Yes,Yes,Utility,0.2432,No,No,No,8.0,,,Yes,Yes,Yes,No,Yes,No,Yes
0,House Coupon Token,HCT,,,,USA,61.0,,2.0,Yes,Yes,Utility,1.0,No,No,No,3.5,9000000.0,,No,No,Yes,Yes,Yes,No,missingData
0,JCN,JCNXXX,,,,Czech Republic,61.0,68.0,2.0,Yes,Yes,Utility,0.2231,No,No,Yes,0.0,45000000.0,0.45,No,Yes,Yes,Yes,Yes,No,Yes
0,JointEDU,JOI,,,,Thailand,45.0,45.0,2.0,Yes,Yes,Utility,0.057,No,Yes,No,6.0,139000000.0,,No,No,Yes,Yes,Yes,No,Yes
0,Kala Token,KALA,,,,USA,124.0,4.0,2.0,Yes,Yes,Utility,0.02,No,No,No,7.0,,0.64,No,No,Yes,Yes,Yes,No,missingData
0,Kings Distributed Systems,SPARC,,,,Canada,30.0,,2.0,Yes,Yes,Utility,0.0304,No,No,No,6.0,2500000000.0,,Yes,Yes,Yes,Yes,Yes,Yes,missingData
0,Kronn,KREX,,,,Switzerland,3.0,,2.0,Yes,Yes,Utility,0.22,No,Yes,No,10.5,,,No,No,Yes,Yes,No,No,Yes
0,LAMP,LMP,,,,Canada,16.0,,2.0,Yes,Yes,Utility,0.404,No,No,No,0.0,38500000.0,0.55,No,Yes,Yes,Yes,Yes,Yes,Yes
0,Lendium.tech,LEM,,,,Unknown,30.0,,2.0,Yes,Yes,Utility,0.85,No,No,No,0.0,8100000.0,0.27,No,Yes,Yes,Yes,Yes,No,Yes
0,Levblockchain LVE,LVE,,,,Greece,238.0,133.0,2.0,Yes,Yes,Utility,0.1531,No,No,Yes,7.5,54000000.0,0.5,Yes,Yes,Yes,Yes,Yes,Yes,Yes
0,Libidocoin,Libidocoin,,,,Singapore,58.0,,2.0,Yes,Yes,Payment,0.0526,No,No,No,0.0,76500000.0,0.85,Yes,Yes,Yes,Yes,Yes,No,Yes
0,Love Coins,LOVE,,,,Australia,45.0,31.0,1.8,Yes,Yes,Utility,0.096,No,No,No,0.0,,,Yes,No,Yes,Yes,Yes,No,No
0,MindSports,MIND,,,,Hong Kong,29.0,32.0,2.4,Yes,Yes,Utility,0.078,Yes,No,No,7.5,20000000.0,0.7,Yes,Yes,Yes,Yes,Yes,Yes,Yes
0,Moncrypt,MON,,,,UK,30.0,,2.0,Yes,Yes,Utility,1.0,No,No,No,0.0,15500000.0,,No,No,Yes,Yes,Yes,No,Yes
0,MSC,MSC,,,,Singapore,4.0,,2.0,Yes,Yes,Utility,3.41,Yes,Yes,No,9.0,3200000000.0,0.4,No,No,Yes,Yes,Yes,No,Yes
0,Mundus,Mundus Coin,,,,Taiwan,7.0,8.0,2.0,Yes,Yes,Utility,0.175,No,No,No,0.0,,0.51,No,No,Yes,Yes,No,No,missingData
0,Natural Eco Carbon Coin,NECC,,,,Singapore,42.0,,2.0,Yes,Yes,Utility,0.3,No,No,No,2.5,,0.25,No,No,Yes,Yes,No,No,missingData
0,Nilecoin,NIL,,,,USA,31.0,1.0,2.0,Yes,No,Utility,0.4567,No,No,No,0.0,13000000.0,0.65,No,No,Yes,Yes,Yes,No,No
0,NuHelp,NHT,,,,United Arab Emirates,31.0,378.0,2.0,Yes,No,Utility,0.8,No,No,No,3.0,100000000.0,,No,No,Yes,Yes,No,No,Yes
0,Online Berry,VMT,,,,Singapore,132.0,,2.0,Yes,Yes,Utility,,No,No,No,3.0,39000000.0,0.78,Yes,Yes,Yes,Yes,No,No,missingData
0,Orozu,ORO,,,,UK,3.0,,2.0,No,No,Utility,1.5,Yes,Yes,No,0.0,4500000.0,0.91,No,No,Yes,Yes,Yes,Yes,missingData
0,Pocket Node,NODE token,,,,Estonia,28.0,,2.0,Yes,Yes,Utility,0.013,No,No,No,4.0,,,Yes,Yes,Yes,Yes,Yes,No,Yes
0,PROPX NanoChain,PXT,,,,South Africa,,,2.0,Yes,Yes,Utility,0.454,No,No,No,5.0,42500000.0,0.85,No,No,Yes,No,Yes,No,Yes
0,Pulsar,PVC,,,,Isle of Man,181.0,,2.3,Yes,Yes,Utility,1.0,No,No,No,20.0,,,No,Yes,Yes,No,Yes,No,Yes
0,Pungo,PGT,,,,Georgia,61.0,,2.0,No,No,Utility,0.5,No,Yes,No,6.0,7000000.0,0.7,No,Yes,Yes,Yes,Yes,No,Yes
0,Requitix,RQX,,,,USA,29.0,,2.6,Yes,Yes,Utility,378.0,No,No,No,9.0,60000000.0,0.51,Yes,Yes,Yes,Yes,Yes,No,Yes
0,Rhizome,RZM,,,,France,10.0,,2.0,Yes,Yes,Utility,0.2,No,No,Yes,2.0,90000000.0,0.9,Yes,Yes,Yes,Yes,Yes,Yes,Yes
0,RyptoX,RXC,,,,Belize,36.0,,2.0,Yes,Yes,Utility,1.0,No,Yes,Yes,0.0,10000000.0,0.5,No,No,Yes,Yes,Yes,No,Yes
0,SalesHustler,SAL,,,,Lithuania,31.0,31.0,2.0,Yes,Yes,Utility,0.67,No,No,No,6.0,10000000.0,0.5,No,Yes,Yes,No,Yes,No,missingData
0,Shercoin,SHER,,,,Cayman Islands,90.0,,2.0,Yes,Yes,Utility,0.06,No,Yes,Yes,0.0,675000000.0,0.45,Yes,Yes,No,Yes,No,No,missingData
0,SKYBIT,SKYBIT,,,,Unknown,1.0,73.0,2.0,Yes,Yes,Utility,0.01,No,No,No,17.5,500000000.0,0.5,Yes,Yes,Yes,Yes,No,No,missingData
0,SolarStake,SLRS,,,,Thailand,122.0,60.0,2.0,No,No,Utility,1.0,Yes,Yes,No,5.0,,0.8333,No,No,Yes,Yes,Yes,No,Yes
0,Sorgin,SwecCoin,,,,Russia,123.0,,2.0,No,No,Utility,0.5,No,No,Yes,10.0,28000000.0,0.41,Yes,Yes,Yes,Yes,Yes,No,missingData
0,startAround,SAT token,,,,France,31.0,4.0,1.8,Yes,Yes,Utility,0.6553,No,No,No,2.0,125000000.0,0.625,Yes,Yes,Yes,Yes,Yes,No,No
0,Stealth Project,STELZ,,,,Canada,80.0,11.0,2.0,Yes,Yes,Utility,0.1,No,No,Yes,0.0,159000000.0,0.53,No,Yes,Yes,Yes,No,No,missingData
0,Sur-Ple,ANYCOIN,,,,South Korea,31.0,,1.7,Yes,Yes,Utility,0.97,No,No,No,3.0,,,No,No,Yes,Yes,Yes,No,No
0,The Main Global Bank,MGT,,,,Cyprus,59.0,,2.0,Yes,Yes,Utility,0.5278,No,Yes,No,0.0,200000000.0,0.25,Yes,Yes,Yes,Yes,Yes,Yes,Yes
0,TORQ,TORQ,,,,USA,37.0,,2.0,Yes,Yes,Utility,1.0,No,No,No,0.0,7500000.0,,Yes,Yes,Yes,Yes,Yes,No,Yes
0,TrillHUB,TLC,,,,Czech Republic,28.0,,2.0,Yes,Yes,Utility,0.05,Yes,No,No,1.5,400000000.0,0.8,Yes,Yes,Yes,Yes,Yes,No,Yes
0,Tripedia,TPD,,,,Unknown,6.0,,2.0,Yes,Yes,Utility,0.017,No,No,No,8.0,2750000000.0,0.45,Yes,Yes,Yes,Yes,No,No,missingData
0,TrueGOLD,TXAU,,,,Singapore,29.0,,2.0,Yes,Yes,Utility,0.22,No,No,No,3.0,,,No,No,Yes,Yes,Yes,No,Yes
0,TudorPAY,TUDOR,,,,Singapore,81.0,,2.0,No,No,Utility,0.0116,Yes,Yes,No,8.0,1500000000.0,,Yes,No,Yes,Yes,No,Yes,Yes
0,U Run It,URUN,,,,Hong Kong,121.0,92.0,3.3,Yes,Yes,Utility,0.3692,No,Yes,Yes,0.0,60000000.0,0.75,Yes,Yes,Yes,Yes,Yes,Yes,No
0,Universal Brand,WAT,,,,Hong Kong,75.0,,2.0,Yes,Yes,Utility,0.9,No,No,No,0.0,30000000.0,,Yes,Yes,Yes,Yes,Yes,No,missingData
0,ValueCash,XVL,,,,India,26.0,,2.0,Yes,Yes,Utility,1.0,No,No,Yes,3.0,2700000.0,0.15,No,No,Yes,Yes,Yes,No,Yes
0,vDice,VSL,,,,Russia,30.0,,2.0,Yes,Yes,Utility,0.0776,No,No,No,0.0,,,No,No,Yes,Yes,Yes,No,Yes
0,Vice Industry Token,VIT Token,,,,Canada,28.0,,2.1,Yes,Yes,Utility,0.05,No,No,Yes,6.0,2000000000.0,0.5,No,No,Yes,Yes,Yes,No,Yes
0,Vionex,VIOX,,,,UK,90.0,,2.0,Yes,Yes,Utility,0.5,No,No,No,10.0,70000000.0,0.7,Yes,Yes,Yes,Yes,Yes,No,missingData
0,Vista Fintech,VISTA,,,,Canada,30.0,,2.0,Yes,Yes,Utility,1.1095,No,No,No,5.0,20000000.0,0.4,No,Yes,Yes,Yes,No,No,missingData
0,Vitavisor,,,,,Russia,21.0,21.0,1.8,No,No,Utility,1.0,No,No,No,9.0,,,No,Yes,Yes,Yes,Yes,No,Yes
0,xDeck,XDE,,,,Hong Kong,228.0,35.0,2.2,Yes,Yes,Utility,0.0181,Yes,Yes,No,11.0,350000000.0,0.6,Yes,Yes,Yes,Yes,Yes,Yes,Yes
0,ZAPIT,ZAPIT,,,,India,60.0,,2.0,Yes,Yes,Utility,0.0395,Yes,No,No,0.0,,0.4,No,No,Yes,Yes,Yes,No,Yes
0,ZeroTraffic,ZTT,,,,Canada,30.0,10.0,2.0,Yes,Yes,Utility,1.2021,No,No,No,4.0,80000000.0,,Yes,Yes,Yes,Yes,Yes,No,missingData
0,adCircle,ADO,,,,UK,31.0,,1.8,Yes,Yes,Utility,0.05,No,No,Yes,6.0,1500000000.0,0.75,Yes,Yes,Yes,Yes,Yes,No,Yes
0,Adenium,ADE,,,,Switzerland,19.0,,1.8,Yes,Yes,Utility,0.6702,No,No,No,0.0,8000000.0,0.61,No,No,Yes,Yes,No,No,Yes
0,Amor,Amor,,,,Unknown,31.0,,1.8,Yes,Yes,Utility,875.0,No,No,No,0.0,,0.5,No,No,Yes,Yes,Yes,No,Yes
0,ANTIMASS ICO,ANTI,,,,USA,42.0,,1.8,Yes,Yes,Utility,0.0475,Yes,No,No,4.5,55000000.0,0.65,No,Yes,Yes,Yes,Yes,No,Yes
0,Arcadia,AR2,,,,Poland,51.0,20.0,1.8,Yes,Yes,Utility,5.25,Yes,Yes,No,1.0,,0.7,Yes,Yes,Yes,Yes,No,No,Yes
0,ASSPACE,ASP,,,,Unknown,68.0,68.0,1.5,Yes,Yes,Utility,0.0002,No,No,No,0.0,100000000.0,0.5,No,Yes,Yes,Yes,Yes,Yes,Yes
0,Augmentors,DTB,,,,South Africa,29.0,,1.55,No,No,Utility,0.0793,No,No,No,7.0,,,No,Yes,Yes,No,Yes,No,No
0,bitarq,ARQ,,,,Malaysia,74.0,,1.8,Yes,Yes,Utility,0.08,No,No,No,3.0,1250000000.0,0.83,Yes,Yes,Yes,Yes,Yes,No,missingData
0,BITCAPTERA,BITCAP,,,,Canada,39.0,8.0,1.8,Yes,Yes,Utility,2.0,No,No,No,0.0,10000000.0,0.476,No,No,Yes,Yes,Yes,No,Yes
0,BitMED,BXM,,,,Cayman Islands,46.0,,1.8,Yes,Yes,Utility,1.0,Yes,Yes,No,24.0,,,No,No,Yes,No,Yes,No,Yes
0,BlockAV,BAV,,,,China,45.0,30.0,1.8,Yes,Yes,Utility,11.2438,Yes,No,No,6.0,,0.9,No,No,Yes,Yes,No,No,missingData
0,bmy.guide,GUIDE,,,,Romania,7.0,,3.6,Yes,Yes,Utility,0.17,No,Yes,No,11.5,6000000.0,0.6,Yes,Yes,No,Yes,No,No,No
0,Brave Sound Token,BRST,,,,Unknown,2.0,,1.8,Yes,Yes,Utility,0.01,No,No,No,7.0,180000000.0,0.018,Yes,Yes,Yes,Yes,Yes,No,Yes
0,CafeCoin,FIKA,,,,British Virgin Islands,91.0,,1.8,Yes,Yes,Utility,2.0,Yes,Yes,No,11.0,85000000.0,0.85,No,No,Yes,Yes,Yes,No,missingData
0,CENTEX,CNTX,,,,UK,136.0,,1.8,Yes,Yes,Utility,0.3,No,Yes,No,2.0,7000000.0,0.7,Yes,Yes,Yes,Yes,Yes,No,Yes
0,Cloe,CEC,,,,Malta,36.0,19.0,1.8,Yes,Yes,Utility,0.004,Yes,No,Yes,7.5,122400000.0,0.72,No,Yes,Yes,Yes,Yes,No,Yes
0,Consolo,CSL,,,,Russia,30.0,,1.8,Yes,Yes,Utility,36.695,No,No,No,2.0,,,No,Yes,Yes,Yes,Yes,No,Yes
0,Cryptofitnessclub,GYM,,,,Afghanistan,28.0,6.0,1.8,Yes,Yes,Utility,0.523,No,No,No,2.0,12000000.0,0.6,Yes,Yes,Yes,Yes,Yes,No,Yes
0,CryptoLink Network,CLN Token,,,,Russia,71.0,20.0,1.8,Yes,Yes,Utility,0.33,No,No,No,7.0,45000000.0,0.45,Yes,Yes,Yes,Yes,Yes,No,missingData
0,CUBE,CUBE,,,,Russia,8.0,,1.6,No,No,Utility,,No,No,No,1.0,3000000.0,0.6,No,Yes,Yes,Yes,Yes,No,Yes
0,DOX.NETWORK,DOX Token,,,,Unknown,91.0,,1.8,Yes,Yes,Utility,0.4318,No,No,No,6.0,60000000.0,0.35,Yes,Yes,Yes,Yes,No,No,missingData
0,Edgeless,EDG,,,,Lithuania,21.0,,2.1,Yes,Yes,Utility,0.0427,No,No,No,0.0,440000000.0,,No,No,Yes,Yes,Yes,No,No
0,EtherJack.io,JACK Token,,,,Lithuania,153.0,,1.7,Yes,Yes,Utility,3.9449,No,No,Yes,2.0,80000.0,0.08,Yes,Yes,Yes,Yes,Yes,No,Yes
0,FruoCoin,FRU,,,,Belize,34.0,,1.8,No,No,Utility,1.0,No,No,No,3.0,,,No,No,Yes,Yes,Yes,No,missingData
0,GigaHash Miner,GHS Token,,,,Iceland,91.0,29.0,1.8,Yes,Yes,Utility,0.25,No,No,No,4.0,8500000.0,0.85,No,No,Yes,No,Yes,No,missingData
0,Hazza,HAZZA,,,,Unknown,30.0,28.0,1.8,Yes,Yes,Utility,0.38,No,No,No,8.0,,0.51,No,No,Yes,Yes,No,No,missingData
0,Hyde and Co,HYD,,,,UK,28.0,15.0,1.8,Yes,Yes,Utility,0.8504,No,No,Yes,4.0,,0.8,Yes,No,Yes,Yes,Yes,No,No
0,ivmedia,ivmedia,,,,Singapore,46.0,,1.8,Yes,Yes,Utility,0.272,No,No,No,7.0,200000000.0,0.4,Yes,Yes,Yes,Yes,No,Yes,missingData
0,Luxure Global Citizen,LGC,,,,UK,32.0,29.0,1.8,Yes,Yes,Utility,9.52,Yes,Yes,No,3.0,600000000.0,0.5,Yes,Yes,Yes,Yes,Yes,No,Yes
0,Lytictail,LYT,,,,USA,59.0,,1.4,No,No,Utility,10.0,No,No,No,0.0,,,No,No,Yes,Yes,Yes,No,No
0,Lyves,Lyves (LYV),,,,Netherlands,30.0,,1.7,Yes,Yes,Utility,0.1087,No,No,No,9.0,270000000.0,0.9,Yes,Yes,Yes,Yes,No,No,No
0,Mahra,MHRA,,,,UK,51.0,15.0,1.8,No,No,Utility,2.0,No,No,No,8.0,114000000.0,0.6,No,No,Yes,Yes,No,No,No
0,NiQBiX,NQBX,,,,Portugal,61.0,59.0,1.8,Yes,Yes,Utility,0.0143,No,No,No,0.0,1200000000.0,0.48,No,No,Yes,Yes,Yes,No,missingData
0,Nitro platform token,Nitro token,,,,Malta,54.0,30.0,1.7,Yes,Yes,Utility,0.003,No,No,No,0.0,500000000.0,0.26,Yes,Yes,Yes,Yes,Yes,No,Yes
0,NOVAcool,ICS,,,,Russia,28.0,14.0,1.8,Yes,Yes,Utility,451.74,No,No,No,3.0,,,No,No,Yes,Yes,Yes,No,Yes
0,Patriot,PPMT,,,,Russia,31.0,,1.8,Yes,Yes,Utility,5.7143,No,No,No,7.0,,0.995,Yes,Yes,Yes,Yes,Yes,No,Yes
0,PCC,PPC,,,,Russia,80.0,,1.8,Yes,Yes,Utility,107.0,No,No,No,13.0,600000000.0,0.6,No,Yes,Yes,No,Yes,No,Yes
0,Plenus,PLNS,,,,Spain,61.0,23.0,1.8,Yes,Yes,Utility,0.1448,No,Yes,No,1.0,150000000.0,,No,Yes,Yes,Yes,Yes,No,Yes
0,Pontem Inc.,PNM,,,,Belgium,91.0,,1.8,Yes,Yes,Utility,50.0,No,Yes,No,6.0,,,No,Yes,Yes,Yes,Yes,No,missingData
0,Power Minex,XMP,,,,Serbia,242.0,29.0,1.8,Yes,Yes,Utility,1.0,No,No,Yes,8.0,30000000.0,0.6,No,No,Yes,Yes,No,No,missingData
0,PrimeLend,PML,,,,United Arab Emirates,34.0,,1.3,Yes,Yes,Utility,0.5,No,No,No,0.0,6000000.0,0.75,No,No,Yes,Yes,Yes,No,Yes
0,Retail Coin,Retailcoin,,,,Netherlands,60.0,136.0,1.9,Yes,Yes,Utility,0.1508,No,No,No,17.5,150000000.0,,No,No,Yes,No,Yes,No,missingData
0,S-coin,7SNC,,,,Taiwan,44.0,,1.3,Yes,Yes,Utility,1.75,No,No,No,13.0,,0.7,No,No,Yes,No,Yes,Yes,No
0,sexService.io,SSIO,,,,United Arab Emirates,40.0,,1.8,No,No,Utility,10.0,No,No,No,0.0,,0.55,No,No,Yes,Yes,Yes,No,Yes
0,Signal Trader platform,STCOIN,,,,Indonesia,21.0,51.0,1.8,No,No,Utility,0.3776,No,No,Yes,3.0,,0.45,No,No,Yes,Yes,Yes,No,Yes
0,Skytale,SKT,,,,Switzerland,6.0,,1.8,No,No,Utility,0.1,No,No,No,6.0,65000000.0,0.65,No,Yes,Yes,No,Yes,No,missingData
0,Smart Investment Fund,SIFT,,,,UK,45.0,,1.8,Yes,Yes,Utility,2.5957,No,No,No,2.0,,,No,No,Yes,Yes,Yes,Yes,missingData
0,SpryOne,SPRY,,,,Cayman Islands,61.0,,2.6,Yes,Yes,Utility,0.04,Yes,Yes,No,6.0,350000000.0,0.35,Yes,Yes,Yes,Yes,Yes,Yes,Yes
0,Stocks.Bet,STBT,,,,Russia,97.0,,1.8,Yes,Yes,Utility,0.0348,Yes,No,Yes,0.0,100000000.0,,Yes,Yes,Yes,Yes,Yes,Yes,Yes
0,Thai Club Coin,THAI,,,,United Arab Emirates,54.0,,1.8,No,No,Utility,0.7,No,No,No,0.0,2200000.0,,No,No,Yes,Yes,Yes,No,Yes
0,Tor,Tor/TOR,,,,Estonia,29.0,29.0,1.8,Yes,Yes,Utility,,No,No,No,6.0,2500000000.0,0.25,Yes,Yes,Yes,Yes,Yes,Yes,Yes
0,TrafficX,TFX,,,,United Arab Emirates,31.0,,1.7,Yes,Yes,Utility,2.2587,No,No,No,0.0,,,No,Yes,Yes,Yes,Yes,No,No
0,Trevi Token,TT,,,,USA,61.0,13.0,1.3,Yes,Yes,Utility,1.0,No,No,No,5.0,6000000.0,0.006,No,Yes,Yes,Yes,Yes,No,No
0,Ucoin Cash,UCH,,,,USA,30.0,,1.8,Yes,Yes,Utility,1.2,No,No,No,0.0,6000000.0,0.1935,No,No,Yes,Yes,Yes,No,missingData
0,UssCyber,WFCE,,,,USA,16.0,,1.8,No,No,Utility,1.0,No,Yes,No,3.0,13500000000.0,,Yes,Yes,Yes,Yes,Yes,No,missingData
0,VASYA,VAS,,,,USA,33.0,,1.9,No,No,Utility,0.2,No,No,No,0.0,100000000.0,0.25,No,No,Yes,Yes,Yes,No,Yes
0,Vault12,VGT,,,,Unknown,4.0,,1.8,Yes,Yes,Utility,1.35,No,No,No,4.0,400000000.0,0.4,No,No,Yes,Yes,No,No,missingData
0,Virtual Cash Back,VCB,,,,USA,92.0,,1.8,Yes,Yes,Utility,0.1537,No,No,No,4.0,300000000.0,0.3,Yes,Yes,Yes,Yes,No,No,missingData
0,VL Coin,VLC,,,,UK,69.0,,1.6,Yes,Yes,Utility,0.09,No,No,No,12.0,,,No,No,Yes,No,Yes,Yes,No
0,ACT,ACT,,,,Switzerland,61.0,0.0,1.7,Yes,Yes,Utility,5.0,No,No,No,3.5,8000000.0,,No,Yes,Yes,Yes,Yes,No,missingData
0,algo.land,PLM,,,,Switzerland,39.0,,1.9,Yes,Yes,Utility,4.465,No,No,No,3.0,,,No,No,Yes,No,Yes,Yes,No
0,Bankcoin,Bankcoin,,,,Mexico,44.0,,1.6,No,No,Utility,0.25,No,No,No,4.0,25000000.0,,No,No,Yes,No,Yes,No,No
0,BetKing,,,,,UK,28.0,,1.7,Yes,Yes,Utility,0.093,No,No,No,0.0,70000000.0,,No,Yes,Yes,No,Yes,Yes,missingData
0,BitCrystals,BCY,,,,Switzerland,30.0,,1.4,No,No,Utility,0.015,No,No,No,8.0,100000000.0,,No,No,Yes,No,Yes,No,No
0,Blockchain Capital,BCAP,,,,USA,0.0,,2.65,Yes,Yes,Utility,1.0,No,No,No,12.0,,,No,No,Yes,No,Yes,No,No
0,Brisk Pass,BSK,,,,Germany,30.0,,1.7,Yes,Yes,Utility,0.0013,No,No,No,14.0,70000000000.0,,No,No,Yes,Yes,Yes,No,missingData
0,BTCsearch,,,,,Russia,61.0,,1.7,No,No,Utility,1.0,No,No,No,4.0,,,No,No,Yes,No,Yes,No,Yes
0,Cobol Network,CBL,,,,Unknown,14.0,12.0,1.7,Yes,Yes,Utility,114.0,No,No,No,7.0,55000000.0,0.55,Yes,Yes,Yes,Yes,No,No,missingData
0,CryptoBite Coin,CBC Token,,,,United Arab Emirates,54.0,,1.7,Yes,Yes,Utility,1.2,Yes,No,No,0.0,97888888.0,0.15,No,No,Yes,Yes,Yes,No,Yes
0,Cryptoscene,SCENE,,,,Netherlands,30.0,,1.7,No,No,Utility,0.8,Yes,No,No,3.5,,,Yes,Yes,Yes,Yes,No,No,missingData
0,Decibels,DCBL,,,,USA,115.0,7.0,2.35,Yes,Yes,Utility,0.15,No,Yes,Yes,7.0,30000000.0,0.6,Yes,Yes,Yes,Yes,Yes,No,Yes
0,Dome Platform,DME,,,,Ukraine,31.0,,1.7,Yes,Yes,Utility,0.1628,No,No,No,8.0,60000000.0,0.3333,No,No,Yes,No,No,Yes,missingData
0,Energizium,ENGZ,,,,USA,31.0,30.0,1.7,No,No,Utility,0.05,No,No,No,0.0,6000000000.0,0.286,No,No,Yes,Yes,Yes,No,missingData
0,Engraved,EGR,,,,Unknown,28.0,,1.7,Yes,Yes,Utility,0.009,No,No,No,0.0,999500000.0,0.833,No,Yes,Yes,Yes,Yes,Yes,Yes
0,Erotix,ERX,,,,USA,27.0,,1.7,Yes,Yes,Utility,0.2484,Yes,No,No,0.0,44000000.0,,No,No,Yes,Yes,Yes,No,missingData
0,ETH Lottery,ETHD,,,,Seychelles,31.0,19.0,1.8,Yes,Yes,Utility,0.2163,No,No,No,0.0,24700000.0,0.7,Yes,Yes,Yes,Yes,Yes,No,Yes
0,FineCoin,FineCoin,,,,Estonia,19.0,5.0,1.7,No,No,Utility,0.45,No,No,No,0.0,,,No,No,Yes,Yes,Yes,No,Yes
0,FitVitalik,FVIT,,,,Estonia,14.0,,1.7,Yes,Yes,Utility,0.4807,No,No,No,0.0,2000000.0,1.0,No,Yes,Yes,No,Yes,No,Yes
0,folio.ninja,FLN,,,,Australia,30.0,,1.7,Yes,Yes,Utility,,No,No,No,2.0,,,No,No,Yes,No,Yes,Yes,missingData
0,Fornicoin,FXX,,,,Singapore,46.0,7.0,1.7,Yes,Yes,Utility,1.0921,No,No,No,0.0,,0.75,Yes,Yes,Yes,Yes,Yes,Yes,Yes
0,Fundaria,RI,,,,Ukraine,30.0,,1.7,Yes,Yes,Utility,1.0,No,No,No,4.0,,0.45,No,No,Yes,Yes,Yes,No,Yes
0,GAPro,GPC,,,,USA,98.0,31.0,1.7,Yes,Yes,Utility,0.5,No,Yes,No,7.0,100000000.0,,No,No,Yes,Yes,Yes,No,Yes
0,GuideCTF,GCTF,,,,Russia,63.0,21.0,1.7,No,No,Utility,0.0562,No,No,No,3.0,39999999.0,0.45,Yes,No,Yes,Yes,Yes,No,No
0,HedgeConnect,HC Token,,,,India,23.0,,1.7,Yes,Yes,Utility,2.2,Yes,Yes,No,0.0,25000000.0,,No,No,Yes,Yes,Yes,No,Yes
0,HireBits,HRBT,,,,India,30.0,,1.7,Yes,Yes,Utility,0.195,No,No,No,2.0,4000000.0,0.75,Yes,Yes,Yes,Yes,No,No,missingData
0,Holy Coin,HOLY,,,,Romania,14.0,,1.7,Yes,Yes,Utility,0.4749,No,No,No,7.5,9000000.0,0.75,No,No,Yes,No,No,No,missingData
0,Ivyn,IVYN,,,,Malta,60.0,60.0,1.7,Yes,Yes,Utility,0.0315,No,No,No,18.0,600000000.0,,No,Yes,Yes,No,Yes,No,Yes
0,Macroverse,MRV,,,,USA,90.0,,1.6,Yes,Yes,Utility,0.0585,No,No,No,1.0,100000000.0,,No,Yes,Yes,Yes,Yes,Yes,No
0,Matox,MAT Token,,,,Singapore,36.0,,1.7,Yes,Yes,Utility,7.62e-05,No,No,Yes,4.0,7200000000.0,0.6,Yes,Yes,Yes,Yes,Yes,No,missingData
0,NeuroBot,NEB,,,,Russia,81.0,,1.5,Yes,Yes,Utility,0.194,No,No,No,4.0,500000000.0,,Yes,Yes,Yes,Yes,No,No,Yes
0,Nocta,NOCTA,,,,Netherlands,28.0,29.0,1.7,Yes,Yes,Utility,0.044,No,No,No,0.0,87000000.0,0.29,No,Yes,Yes,Yes,Yes,No,Yes
0,Polkadot,DOT,,,,USA,12.0,,2.0,Yes,Yes,Utility,32.0,No,No,No,0.0,100000000.0,0.5,No,No,Yes,Yes,Yes,No,No
0,reOrder,RCoin,,,,USA,29.0,,1.7,Yes,Yes,Utility,7.74,No,No,No,10.0,,,Yes,No,Yes,No,No,No,Yes
0,Robocalls,RCALLS,,,,USA,61.0,,1.7,Yes,Yes,Utility,2.04e-05,No,No,No,4.0,30000000000.0,0.46,No,Yes,Yes,No,Yes,No,Yes
0,ROYAL CAPITAL,,,,,Russia,28.0,,1.3,No,No,Utility,1.0,No,No,No,1.0,400000000.0,0.4,Yes,Yes,Yes,Yes,Yes,No,Yes
0,SKYHOPECOIN,SHC,,,,USA,43.0,,1.7,Yes,Yes,Utility,0.1249,No,No,Yes,4.0,30000000.0,0.5,No,No,Yes,Yes,Yes,No,Yes
0,StabiX,STBX,,,,Switzerland,31.0,15.0,1.3,Yes,Yes,Utility,11.3012,Yes,Yes,No,4.0,730000.0,0.73,Yes,Yes,Yes,No,Yes,No,No
0,The Praetorian Group,PAX,,,,USA,14.0,14.0,1.9,Yes,Yes,Utility,11.717,No,No,No,10.0,40000000.0,0.2,No,No,Yes,Yes,Yes,No,No
0,TokenCard,TKN,,,,UK,0.0,,1.8,Yes,Yes,Utility,0.537,No,No,No,8.0,42300000.0,,No,No,Yes,Yes,Yes,No,No
0,TokenSpeed,TSP,,,,Singapore,30.0,7.0,1.8,No,No,Utility,0.0258,No,No,No,0.0,150000000.0,0.75,No,No,Yes,Yes,Yes,No,Yes
0,triumland,TRD,,,,Indonesia,30.0,,1.7,Yes,Yes,Utility,2.529,No,No,No,3.5,,,No,No,Yes,Yes,Yes,No,missingData
0,uquid,UQC,,,,UK,36.0,,1.65,Yes,Yes,Utility,1.7785,No,No,No,9.0,,,No,No,Yes,No,No,No,Yes
0,USNS,USNS,,,,Unknown,59.0,,1.4,Yes,Yes,Utility,0.0004,No,No,No,5.0,10000000000.0,0.1,No,Yes,Yes,Yes,No,No,No
0,Verto Exchange Token,VXT,,,,Canada,26.0,,1.7,Yes,Yes,Utility,3.75,No,No,No,8.0,300000000.0,0.5,No,No,Yes,No,No,Yes,missingData
0,White Crypto City,Certificate,,,,UK,67.0,,1.4,Yes,Yes,Utility,813.0,No,No,No,11.0,,,No,Yes,Yes,No,Yes,No,No
0,Wi-Fi Global,GFI,,,,Russia,31.0,14.0,1.7,Yes,Yes,Utility,0.3,No,No,No,8.0,100000000.0,0.75,No,No,Yes,No,Yes,No,Yes
0,WIRE-X,WRC,,,,Netherlands,31.0,,1.3,Yes,Yes,Utility,0.0735,No,No,No,2.5,25000000.0,0.55,No,No,Yes,Yes,Yes,No,Yes
0,Acuitty,ACT,,,,Singapore,61.0,,1.6,Yes,Yes,Utility,0.9485,No,No,No,11.0,,,No,No,Yes,No,Yes,No,Yes
0,Argonium,AGNM,,,,USA,50.0,38.0,1.6,Yes,Yes,Utility,0.0025,No,No,Yes,3.0,800000000.0,0.8,Yes,Yes,Yes,Yes,Yes,No,Yes
0,Bitnxt Coin,BNT Token,,,,Denmark,45.0,,1.8,No,No,Utility,0.08,No,No,No,4.0,,,No,No,Yes,Yes,Yes,No,Yes
0,Bitsoko,BITS Token,,,,Kenya,151.0,,1.55,Yes,Yes,Utility,0.1,Yes,Yes,No,7.0,,,No,No,Yes,No,Yes,Yes,No
0,CharS,CHARS,,,,Singapore,11.0,,1.6,Yes,Yes,Utility,0.137751,No,No,No,15.0,1500000000.0,,Yes,Yes,Yes,Yes,Yes,No,Yes
0,Coconuts,COCO,,,,Japan,152.0,,1.6,Yes,Yes,Utility,8.6303,No,Yes,No,3.0,500000.0,,No,No,Yes,Yes,Yes,No,No
0,CryptoDime,CDM,,,,UK,50.0,,1.6,Yes,Yes,Utility,0.0045,No,No,No,3.0,7000000000.0,0.7,No,No,Yes,No,Yes,No,Yes
0,CyberX,,,,,Singapore,99.0,,1.7,Yes,Yes,Utility,,No,No,No,10.0,,,No,No,Yes,Yes,Yes,No,No
0,Empire Card,EMP,,,,Unknown,31.0,7.0,1.3,Yes,Yes,Utility,0.27,No,No,No,0.0,,0.975,Yes,No,Yes,Yes,No,No,No
0,ETHACE,ETA,,,,Singapore,61.0,,2.0,Yes,Yes,Utility,0.516,No,No,No,0.0,12000000.0,0.6,No,Yes,Yes,Yes,Yes,No,No
0,EventRabbt,EventRabbit Token,,,,Nigeria,66.0,,1.6,Yes,Yes,Utility,0.015,Yes,No,Yes,0.0,750000000.0,0.75,Yes,Yes,Yes,Yes,Yes,Yes,Yes
0,EXXO,EXXO,,,,Singapore,28.0,,1.6,Yes,Yes,Utility,0.1124,Yes,Yes,No,4.0,93750000.0,0.75,Yes,Yes,Yes,Yes,Yes,No,Yes
0,Fatum,FTM,,,,Hong Kong,38.0,35.0,1.6,Yes,Yes,Utility,9.5706,Yes,Yes,No,10.5,412500000.0,0.6,Yes,Yes,Yes,Yes,Yes,No,Yes
0,Flowfeed,FFT,,,,Belize,21.0,21.0,1.6,Yes,Yes,Utility,253.8935,No,No,No,0.0,,,No,No,Yes,Yes,No,No,missingData
0,FoxCasino,FXN,,,,Gibraltar,13.0,13.0,2.2,Yes,Yes,Utility,1.0,No,No,No,4.0,7500000.0,0.75,No,No,Yes,No,Yes,No,No
0,Hamilton,Hamilton,,,,Russia,30.0,,1.7,No,No,Utility,1.2,No,No,No,6.0,3000000.0,,Yes,Yes,Yes,No,Yes,No,Yes
0,Hashtoken,HashtokenNET,,,,Poland,21.0,22.0,1.6,No,No,Utility,1.0,No,No,No,0.0,,,No,Yes,Yes,Yes,Yes,No,missingData
0,Idea Jump,iJproject,,,,USA,150.0,,1.6,No,No,Utility,1.0,No,No,No,10.0,,,No,Yes,Yes,No,Yes,No,Yes
0,Karbon,KARB,,,,USA,28.0,,1.6,Yes,Yes,Utility,0.0818,No,No,No,6.0,23000000.0,,No,Yes,Yes,No,Yes,No,missingData
0,KNOWS,KNOWS,,,,Costa Rica,31.0,,1.6,Yes,Yes,Utility,0.1,No,No,No,0.0,100000000.0,,No,Yes,Yes,Yes,Yes,No,missingData
0,LATAM Manufacturing Dividend Token,LATAM,,,,Honduras,91.0,,1.6,Yes,Yes,Utility,,No,No,No,4.0,2150000.0,0.1,No,No,Yes,Yes,No,No,Yes
0,Machtcoin,MCH,,,,USA,24.0,,1.6,No,No,Utility,0.88,No,No,No,0.0,,,No,No,Yes,Yes,Yes,No,Yes
0,Malaysia 370 Movie,MH370,,,,USA,183.0,14.0,1.5,Yes,Yes,Utility,0.05,No,No,No,3.5,140000000.0,0.7,Yes,Yes,Yes,Yes,Yes,No,No
0,MRAToken,,,,,USA,76.0,15.0,1.6,Yes,Yes,Utility,1.25,No,No,No,4.0,,0.6,No,No,Yes,Yes,Yes,No,missingData
0,QI,QI,,,,Hong Kong,52.0,,1.5,Yes,Yes,Utility,0.0039,No,No,No,0.0,,,No,Yes,Yes,Yes,Yes,No,No
0,Rados,STN,,,,Unknown,91.0,31.0,1.6,Yes,Yes,Utility,469.86,No,No,No,0.0,160000.0,0.8,No,Yes,Yes,Yes,Yes,No,missingData
0,RES,RES,,,,Kazakhstan,9.0,,1.6,Yes,Yes,Utility,0.05,No,Yes,No,8.0,220000000.0,0.5,No,No,Yes,Yes,Yes,No,Yes
0,Ricona,RCA,,,,Singapore,32.0,,1.6,No,No,Utility,0.69,No,No,No,0.0,9100000.0,0.4,No,No,Yes,Yes,Yes,No,Yes
0,Silkos,SLK,,,,Unknown,25.0,10.0,1.6,Yes,Yes,Utility,0.783,No,No,No,0.0,30000000.0,1.0,No,Yes,Yes,Yes,Yes,No,Yes
0,SMHC Coin,SMHC,,,,Singapore,46.0,,1.6,No,No,Utility,0.2072,No,No,No,0.0,,,No,No,Yes,Yes,No,No,Yes
0,Solomon Exchange,SMNX,,,,US Virgin Islands,31.0,,2.0,Yes,Yes,Utility,1.0,No,No,No,4.0,9000000.0,,No,Yes,Yes,No,Yes,No,No
0,SunMultiwallet,SMT,,,,Poland,61.0,,1.2,Yes,Yes,Utility,0.15,No,No,No,3.0,400000000.0,0.8,No,Yes,Yes,Yes,Yes,No,No
0,TGIC,TGI,,,,Poland,146.0,,1.3,Yes,Yes,Utility,0.05,No,No,No,1.0,700000000.0,0.7,No,No,Yes,Yes,No,No,No
0,ThankYou,THNX,,,,Russia,49.0,,1.3,No,No,Utility,1.0,No,No,No,4.0,35000000.0,0.5,No,Yes,Yes,Yes,Yes,No,Yes
0,UltrAlpha,UAT,,,,Unknown,3.0,,1.6,Yes,Yes,Utility,0.08,No,No,No,4.0,,0.1102,No,Yes,Yes,Yes,No,No,Yes
0,Aragon,ANT,,,,Spain,0.0,,2.05,Yes,Yes,Utility,0.744,No,No,No,2.0,,,No,No,Yes,No,Yes,No,No
0,Artemine,ARTE,,,,Unknown,30.0,,1.5,Yes,Yes,Utility,,No,No,No,0.0,,,No,No,Yes,Yes,Yes,No,Yes
0,BioPayCoin,BIO,,,,USA,28.0,,2.2,Yes,Yes,Utility,0.0579,No,No,No,0.0,,,No,No,Yes,Yes,Yes,Yes,No
0,Corusblock,CBC Token,,,,Belgium,28.0,,1.1,No,No,Utility,1.21,No,No,No,0.0,,,No,No,Yes,Yes,Yes,No,No
0,DOLECOIN,DOLC,,,,USA,26.0,,1.2,Yes,Yes,Utility,1.0,No,No,No,0.0,,,No,Yes,Yes,Yes,Yes,No,Yes
0,Dolos,DOL,,,,South Africa,58.0,,1.2,Yes,Yes,Utility,50.0,No,No,No,4.0,,,No,Yes,Yes,Yes,No,No,No
0,EtherFlyer,TCASH,,,,Japan,29.0,,1.55,Yes,Yes,Utility,0.358,No,No,No,0.0,52800000.0,0.6,No,Yes,Yes,Yes,Yes,Yes,Yes
0,Etheroll,DICE,,,,UK,14.0,,1.35,Yes,Yes,Utility,0.069,No,No,No,0.0,,,No,Yes,Yes,Yes,Yes,No,No
0,Extreme Sportsbook,XSB,,,,Unknown,19.0,29.0,1.5,Yes,Yes,Utility,0.35,No,No,No,0.0,7500000.0,,No,No,Yes,Yes,Yes,No,Yes
0,FactR,FTR,,,,Hong Kong,244.0,,2.3,No,No,Utility,0.15,Yes,Yes,No,2.0,60000000.0,0.0,No,No,Yes,No,No,No,No
0,FemaleToken,FEM,,,,UK,30.0,,1.2,Yes,Yes,Utility,1.0581,No,No,No,3.0,,0.8,No,Yes,Yes,No,Yes,No,No
0,Gift Token,GIF,,,,USA,31.0,131.0,1.5,Yes,Yes,Utility,0.0097,No,No,No,0.0,40000000.0,0.8,Yes,Yes,Yes,Yes,Yes,No,Yes
0,Habricks,HAB,,,,Unknown,31.0,15.0,1.5,Yes,Yes,Utility,,No,No,No,0.0,50000000.0,0.32,No,No,Yes,Yes,Yes,No,missingData
0,Island Coin Gold,ICG,,,,USA,49.0,,1.2,Yes,Yes,Utility,0.6555,No,No,No,4.0,4500000.0,,No,Yes,Yes,Yes,No,No,No
0,Luxbio,BIO,,,,Hong Kong,105.0,,1.5,Yes,Yes,Utility,0.15,No,No,No,19.5,3000000000.0,0.3,Yes,Yes,Yes,Yes,Yes,No,Yes
0,MakeItViral,MIV,,,,Italy,106.0,,1.2,No,No,Utility,1.0,No,No,No,3.0,,,Yes,No,Yes,No,Yes,No,No
0,MDCN,MDCN,,,,UK,59.0,,1.5,Yes,Yes,Utility,0.1,Yes,Yes,No,4.0,,,No,No,Yes,Yes,No,No,Yes
0,MOOVER,MOVE,,,,India,140.0,,1.9,Yes,Yes,Utility,0.01,No,No,No,6.0,,0.462,Yes,Yes,Yes,Yes,Yes,No,No
0,Novex,NEX,,,,UK,27.0,,1.5,Yes,Yes,Utility,246.0,No,No,No,0.0,600000.0,,Yes,Yes,Yes,Yes,Yes,No,Yes
0,RENBDO,Renewable Energy Token / RET,,,,UK,53.0,16.0,1.5,No,No,Utility,,Yes,No,No,3.0,90000.0,0.9,Yes,Yes,Yes,Yes,Yes,No,missingData
0,ReposalNetwork,REPS,,,,Netherlands,29.0,,1.2,Yes,Yes,Utility,2.5,No,No,Yes,0.0,16000000.0,0.76,No,No,Yes,Yes,No,No,No
0,Sphre AIR,XID,,,,UK,29.0,,1.2,Yes,Yes,Utility,189.0,No,No,No,4.0,,,No,No,Yes,No,Yes,No,Yes
0,Symmetry Fund,SYMM,,,,Cayman Islands,62.0,,2.7,Yes,Yes,Utility,44.172,No,No,No,12.0,,0.2,Yes,No,Yes,No,Yes,Yes,Yes
0,T8Coin,T8Coin,,,,Singapore,14.0,20.0,1.3,Yes,Yes,Utility,,No,No,No,7.0,,,No,No,Yes,Yes,Yes,No,No
0,Tettix,,,,,Singapore,22.0,,1.5,Yes,Yes,Utility,0.0258,No,No,No,0.0,400000000.0,0.4,No,No,Yes,No,Yes,Yes,missingData
0,TewTew,TEW,,,,Singapore,8.0,,1.2,Yes,Yes,Utility,1.0,No,No,No,1.0,20000000.0,0.3,No,No,Yes,Yes,No,No,No
0,V-Coins,VCS,,,,UK,30.0,30.0,1.5,Yes,Yes,Utility,,No,No,No,4.0,,,Yes,Yes,Yes,Yes,No,No,missingData
0,Zen Protocol,ZP,,,,UK,30.0,,1.5,No,No,Utility,3.8683,No,No,No,0.0,12000000.0,,No,No,Yes,No,Yes,Yes,Yes
0,7ype,7ype,,,,UK,82.0,,1.3,Yes,Yes,Utility,15.563,No,No,No,0.0,50000.0,,No,Yes,Yes,Yes,Yes,No,missingData
0,Aamicoin,AAMI,,,,UK,32.0,,1.3,Yes,Yes,Utility,0.2607,No,No,No,6.0,12500000.0,,Yes,No,Yes,Yes,Yes,No,Yes
0,Allend,ALC,,,,Finland,44.0,,1.1,Yes,Yes,Utility,,No,No,No,0.0,15000000.0,0.45,No,No,Yes,Yes,Yes,No,Yes
0,Anna,ANNA,,,,France,52.0,,1.3,Yes,Yes,Utility,0.094,No,No,No,0.0,,0.85,No,No,Yes,No,Yes,Yes,missingData
0,BattleDrome,FAME,,,,USA,35.0,,1.3,Yes,Yes,Utility,2.5309,No,No,No,3.0,,,Yes,Yes,Yes,No,No,Yes,missingData
0,Beatle,BEATLE,,,,Unknown,9.0,6.0,1.1,Yes,Yes,Utility,0.45,No,No,No,0.0,10500000.0,0.7,No,No,Yes,Yes,No,No,No
0,Bitfinite,BFC,,,,Turkey,30.0,,1.1,Yes,Yes,Utility,0.75,No,No,No,0.0,5000000.0,,No,No,Yes,No,Yes,No,Yes
0,Block Web,BWEB,,,,Unknown,91.0,,1.3,Yes,Yes,Utility,1.0,Yes,No,No,0.0,300000000.0,0.6,Yes,No,Yes,Yes,Yes,No,missingData
0,ClickGem,CGM,,,,Belize,30.0,,1.35,No,No,Utility,3.78,No,No,No,0.0,6000000.0,0.2,No,No,Yes,Yes,Yes,No,Yes
0,Icoico,ACP,,,,USA,104.0,14.0,1.1,Yes,Yes,Utility,1.5,No,No,No,2.0,1400000.0,,No,No,Yes,Yes,Yes,No,No
0,MEDICOIN,MCBC,,,,Hong Kong,45.0,,1.3,Yes,Yes,Utility,,No,No,No,10.0,1000000000.0,,No,No,Yes,No,Yes,No,missingData
0,Nacreous,NACRE,,,,United Arab Emirates,30.0,16.0,1.1,Yes,Yes,Utility,50.0,No,No,No,2.0,,,No,No,Yes,Yes,No,No,No
0,RANK,RANK,,,,Singapore,45.0,,1.3,Yes,Yes,Utility,2.44,No,No,No,7.0,,0.67,No,No,Yes,Yes,Yes,Yes,missingData
0,SPARK COIN,SPC,,,,Malaysia,60.0,,1.3,Yes,Yes,Utility,0.48,No,No,No,19.0,,,No,No,Yes,No,No,No,missingData
0,The Number One Dime,N1D,,,,Unknown,48.0,,1.1,Yes,Yes,Utility,3.17e-16,No,No,No,0.0,,,No,No,Yes,Yes,Yes,No,No
0,TurboTradeCoin,TTC Token,,,,UK,230.0,,1.1,No,No,Utility,1.5,No,No,No,0.0,14500000.0,0.26,No,No,Yes,Yes,No,No,No
0,W3coins,w3c,,,,USA,46.0,,1.35,Yes,Yes,Utility,0.01,No,No,No,3.0,150000000000.0,0.75,No,Yes,Yes,No,Yes,No,No
0,AEN,AENT,,,,Netherlands,138.0,44.0,2.75,Yes,Yes,Utility,0.1158,No,Yes,No,0.0,82000000.0,0.82,Yes,Yes,No,Yes,No,No,Yes
0,Binance,BNC,,,,Japan,0.0,,4.0,Yes,Yes,Utility,0.1,No,No,No,0.0,100000000.0,,No,No,Yes,No,Yes,No,No
0,Blockchain Traded Fund,BTF Token,,,,USA,212.0,,1.1,Yes,Yes,Utility,0.898,No,No,No,0.0,200000000.0,,No,No,Yes,Yes,Yes,No,No
0,Cryptex Network,XET,,,,Unknown,14.0,14.0,1.1,Yes,Yes,Utility,0.7773,No,No,No,0.0,17500000.0,,No,No,Yes,No,Yes,No,Yes
0,Cryptodruid,RUNE,,,,Turkey,55.0,,1.2,Yes,Yes,Utility,5.175,No,No,No,0.0,100000.0,1.0,No,No,Yes,No,Yes,Yes,missingData
0,Dibbs,Dibbs,,,,USA,92.0,,1.2,Yes,Yes,Utility,,No,No,No,8.0,20000000.0,0.4,No,Yes,Yes,Yes,No,No,missingData
0,Driiven,BAC,,,,USA,91.0,,1.2,Yes,Yes,Utility,5.7,No,No,No,4.0,,,No,No,Yes,Yes,Yes,No,No
0,Emiratecoin,EMC Token,,,,Malaysia,41.0,,1.1,Yes,Yes,Utility,0.01,No,No,No,0.0,,,No,No,Yes,Yes,Yes,No,No
0,Fairgrounds,FGD,,,,Netherlands,63.0,,1.2,Yes,Yes,Utility,0.0414,No,No,No,0.0,50000000.0,0.5,No,No,Yes,Yes,Yes,No,missingData
0,First Token Asia,FTA,,,,Unknown,56.0,,1.1,Yes,Yes,Utility,,No,No,No,0.0,40000000.0,0.25,No,Yes,Yes,Yes,Yes,Yes,No
0,Future Coin Light,,,,,Latvia,35.0,,1.15,Yes,Yes,Utility,3.48,No,No,No,0.0,5000000.0,0.25,No,No,Yes,Yes,No,No,No
0,KONERO,XKO,,,,Latvia,31.0,,1.1,Yes,Yes,Utility,0.37,No,No,No,0.0,,0.92,No,Yes,Yes,Yes,Yes,No,No
0,Rainbow Currency,TWNKL,,,,USA,11.0,,1.2,Yes,Yes,Utility,0.01,No,No,No,0.0,38000000000.0,0.38,No,Yes,Yes,Yes,No,No,missingData
0,TrustedHealth,TDH,,,,Estonia,31.0,6.0,3.45,Yes,Yes,Utility,0.0376,Yes,Yes,No,0.0,150000000.0,0.5,Yes,Yes,No,Yes,No,Yes,No
0,Vuulr,VUU,,,,Singapore,52.0,,1.8,Yes,Yes,Utility,0.033,No,Yes,No,0.0,1000000000.0,0.35,No,Yes,No,Yes,No,No,No
0,Agricoin,AGC,,,,Indonesia,19.0,,1.1,No,No,Utility,0.0082,No,No,No,0.0,,,No,No,Yes,Yes,Yes,No,missingData
0,Beyond The Void,NxC,,,,France,29.0,,1.1,Yes,Yes,Utility,0.01,No,No,No,0.0,100000000.0,,No,No,Yes,No,Yes,No,No
0,Bolenum,BLN,,,,Nigeria,30.0,,1.0,Yes,Yes,Utility,5.9832,No,No,No,0.0,,,No,No,Yes,No,Yes,Yes,No
0,CruCoins,CRU,,,,USA,60.0,,1.1,Yes,Yes,Utility,,No,No,No,0.0,,,Yes,No,Yes,Yes,No,No,No
0,CryptoChip,,,,,UK,30.0,,1.0,Yes,Yes,Utility,0.75,No,No,No,1.0,200000000.0,,No,No,Yes,No,Yes,No,No
0,Ethereum Metal,ETM,,,,USA,29.0,,1.0,Yes,Yes,Utility,1.0,No,No,No,0.0,800000000.0,0.8,No,No,Yes,Yes,Yes,No,No
0,Ethereum Sweepstakes,SWEEP,,,,Costa Rica,374.0,,1.0,Yes,Yes,Utility,674.86,No,No,No,0.0,4000000.0,,Yes,No,Yes,No,Yes,No,No
0,Pandalancer,PDL,,,,Canada,31.0,,1.0,Yes,Yes,Utility,0.0009,No,No,No,0.0,2000000.0,,No,No,Yes,No,Yes,No,Yes
0,Raiden Network,RDN,,,,Germany,14.0,,2.1,Yes,Yes,Utility,0.67,No,No,No,0.0,50000000.0,0.5,No,No,Yes,No,Yes,Yes,No
0,The Legends Room,VIP,,,,USA,32.0,,1.1,Yes,Yes,Utility,1.0,No,No,No,0.0,15000000.0,,No,No,Yes,No,Yes,No,Yes
0,Acme Network,ACX,,,,USA,44.0,,1.0,Yes,Yes,Utility,0.0008,No,No,No,0.0,,,No,No,Yes,Yes,No,No,No
0,altOWL,AOWL,,,,UK,56.0,,1.0,Yes,Yes,Utility,,No,No,No,0.0,80000000.0,,No,Yes,Yes,No,No,No,No
0,Apla,APL,,,,Liechtenstein,268.0,,1.0,No,No,Utility,5.658,Yes,Yes,No,0.0,59100000.0,,No,No,No,Yes,No,No,missingData
0,CarVDB,CAR,,,,Bulgaria,71.0,18.0,1.8,Yes,Yes,Utility,0.331,Yes,No,No,0.0,49978560.0,0.5,Yes,Yes,No,Yes,No,No,No
0,Credits,CX,,,,Singapore,59.0,,1.0,Yes,Yes,Utility,0.01,No,No,No,0.0,,,Yes,No,Yes,Yes,No,No,No
0,Dochain,DOC,,,,China,0.0,,1.0,Yes,Yes,Utility,0.034,No,No,No,3.0,,,No,Yes,Yes,No,No,No,No
0,Orada,,,,,Russia,31.0,32.0,1.0,Yes,Yes,Utility,,No,No,No,0.0,10000000.0,,No,No,Yes,Yes,No,No,No
0,TomahawkCoin,TOM,,,,USA,31.0,,1.1,No,No,Utility,0.05,No,No,No,0.0,100000000.0,0.5,Yes,Yes,Yes,No,No,No,No
0,YOYOW,YOYOW,,,,China,3.0,,1.0,No,No,Utility,0.016,No,No,No,0.0,1000000000.0,,No,No,Yes,No,No,No,No
0,300 Token,300,,,,Hong Kong,6.0,,1.0,Yes,Yes,Utility,79.764,No,No,No,0.0,300.0,,No,No,Yes,No,Yes,No,No
0,Hungry Panda Games,HPC,,,,Hong Kong,31.0,,1.1,Yes,Yes,Utility,2.9302,No,No,No,0.0,40000000.0,,Yes,No,Yes,No,Yes,Yes,No
0,Projectinitiators,PI,,,,Seychelles,60.0,60.0,0.9,No,No,Utility,,Yes,Yes,No,0.0,3000000000.0,0.3,No,No,No,No,No,No,missingData
0,Proximus(PXS) and Anonymous Exchange,loab,,,,Macau,729.0,11.0,2.4,No,No,Utility,1.8007425,No,No,No,1.0,,,Yes,Yes,No,No,No,No,No
0,APX,APX,,,,China,20.0,,0.8,No,No,Utility,0.6,No,No,No,0.0,,,No,Yes,Yes,No,Yes,No,Yes
0,Bitcache,,,,,Hong Kong,19.0,,0.9,Yes,Yes,Utility,,No,No,No,2.0,,,No,No,Yes,No,No,No,No
0,CVerification,,,,,Germany,55.0,28.0,2.0,No,No,Utility,0.155555003,No,No,No,0.0,186000000.0,0.5,No,No,No,Yes,No,No,No
0,LOHN,LOHN,,,,Seychelles,,,4.4,Yes,No,missingData,0.06,Yes,Yes,No,16.0,400000000.0,0.4,missingData,missingData,Yes,Yes,missingData,Yes,missingData
0,Emanate,EMANATE,,,,Australia,92.0,,4.1,No,No,missingData,0.12,Yes,Yes,No,14.0,88000000.0,0.423,missingData,missingData,Yes,Yes,missingData,Yes,missingData
0,Hashbon,HASH,,,,Czech Republic,94.0,,4.4,Yes,No,missingData,0.1168962,No,Yes,Yes,16.0,150000000.0,0.75,missingData,missingData,Yes,Yes,missingData,Yes,missingData
0,MetaHash,MHC,,,,Russia,,,4.3,Yes,No,missingData,0.0391,No,Yes,No,11.0,20240000.0,0.12,missingData,missingData,Yes,Yes,missingData,Yes,missingData
0,2GETHER,2GT,,,,Spain,,,4.4,Yes,No,missingData,,No,Yes,Yes,30.0,400000000.0,0.17,missingData,missingData,Yes,No,missingData,No,missingData
0,serenitysource,SERENITY/SET,,,,Australia,,,4.2,Yes,No,missingData,0.1,Yes,Yes,Yes,28.0,200000000.0,0.4,missingData,missingData,Yes,No,missingData,Yes,missingData
0,BiPS,BiPS,,,,UK,77.0,,3.1,Yes,No,missingData,2.892896,Yes,Yes,No,24.0,50000000.0,0.1,missingData,missingData,Yes,Yes,missingData,Yes,missingData
0,KardiaChain,KAI,,,,Singapore,,,4.3,Yes,No,missingData,,No,No,Yes,12.0,,,missingData,missingData,Yes,Yes,missingData,Yes,missingData
0,MADANA,PAX,,,,Germany,60.0,,3.9,No,No,missingData,1.166466,Yes,Yes,No,15.0,55000000.0,0.45,missingData,missingData,Yes,Yes,missingData,Yes,missingData
0,QUASA,QUA,,,,Germany,,,4.2,Yes,No,missingData,0.3123,No,Yes,Yes,12.0,50769000.0,,missingData,missingData,Yes,Yes,missingData,Yes,missingData
0,Solidified,Solid,,,,Gibraltar,92.0,,4.4,Yes,No,missingData,6.762794955,Yes,Yes,No,12.0,2400000.0,0.6,missingData,missingData,Yes,Yes,missingData,Yes,missingData
0,Terra Virtua,TVA,,,,UK,0.0,,3.9,Yes,No,missingData,0.08,No,Yes,No,10.0,840000000.0,0.7,missingData,missingData,Yes,Yes,missingData,No,missingData
0,Attrace,ATTR,,,,Netherlands,56.0,14.0,3.9,No,No,missingData,0.017,No,Yes,Yes,18.0,500000000.0,0.5,missingData,missingData,Yes,Yes,missingData,Yes,missingData
0,Betform,BFC,,,,Singapore,23.0,30.0,3.9,Yes,No,missingData,0.1,Yes,Yes,Yes,9.0,201250000.0,0.839,missingData,missingData,Yes,Yes,missingData,Yes,missingData
0,CoVEX,COVEX,,,,UK,48.0,,4.0,Yes,No,missingData,0.5,No,Yes,Yes,13.0,15000000.0,0.6,missingData,missingData,Yes,Yes,missingData,Yes,missingData
0,CrowdForce,CRF,,,,Seychelles,32.0,46.0,3.8,Yes,No,missingData,0.03,No,No,Yes,15.0,300000000.0,0.6,missingData,missingData,Yes,Yes,missingData,Yes,missingData
0,Crypto Potential,QCP,,,,Switzerland,,,4.0,Yes,No,missingData,0.01,Yes,Yes,Yes,9.0,,0.5,missingData,missingData,Yes,No,missingData,Yes,missingData
0,CWEX,CWEX,,,,Switzerland,70.0,25.0,4.1,No,No,missingData,0.2,Yes,No,Yes,14.0,55180000.0,0.62,missingData,missingData,Yes,Yes,missingData,Yes,missingData
0,GEMERA,GEMA,,,,British Virgin Islands,48.0,44.0,3.8,Yes,No,missingData,1.0,Yes,Yes,Yes,14.0,30000000.0,0.3,missingData,missingData,Yes,Yes,missingData,Yes,missingData
0,GGPRO,GGP,,,,Malta,61.0,34.0,4.2,Yes,No,missingData,0.0846,Yes,No,No,13.0,70000000.0,0.7,missingData,missingData,Yes,Yes,missingData,Yes,missingData
0,GreenLink,IMPACT,,,,Singapore,61.0,,4.1,Yes,No,missingData,0.0089,Yes,Yes,Yes,22.0,5000000000.0,0.5,missingData,missingData,Yes,Yes,missingData,Yes,missingData
0,HiveNet,HiveNet Token,,,,Germany,,60.0,3.7,Yes,No,missingData,0.08,Yes,No,No,12.0,700000000.0,0.7,missingData,missingData,Yes,Yes,missingData,Yes,missingData
0,HyperionX,TREE,,,,USA,271.0,61.0,4.1,Yes,No,missingData,0.04,Yes,Yes,Yes,13.0,700000000.0,0.7,missingData,missingData,Yes,Yes,missingData,Yes,missingData
0,Infleum,IFUM,,,,Cayman Islands,88.0,,3.9,Yes,No,missingData,0.02,No,Yes,Yes,14.0,900000000.0,,missingData,missingData,Yes,Yes,missingData,Yes,missingData
0,KuBitX,KBX,,,,Malta,,,3.8,Yes,No,missingData,,Yes,Yes,No,20.0,260000000.0,0.63,missingData,missingData,Yes,Yes,missingData,Yes,missingData
0,Liquid8,LQ8,,,,Singapore,29.0,44.0,4.2,Yes,No,missingData,0.1,Yes,Yes,No,19.0,350000000.0,0.5,missingData,missingData,Yes,Yes,missingData,Yes,missingData
0,LOVE Air Coffee,LAC,,,,Ukraine,30.0,17.0,3.5,Yes,No,missingData,0.1107175,No,Yes,Yes,16.0,125000000.0,0.125,missingData,missingData,Yes,Yes,missingData,Yes,missingData
0,MEDICOHEALTH,MHP,,,,Switzerland,169.0,30.0,4.1,Yes,No,missingData,0.08,Yes,Yes,Yes,34.0,325000000.0,0.65,missingData,missingData,Yes,Yes,missingData,Yes,missingData
0,Please,PLS,,,,Cayman Islands,13.0,20.0,4.0,Yes,No,missingData,0.036,Yes,Yes,Yes,17.0,650000000.0,0.65,missingData,missingData,Yes,Yes,missingData,Yes,missingData
0,TruePlay,TPLAY,,,,Belize,,,3.2,Yes,No,missingData,,Yes,Yes,Yes,16.0,42000000.0,0.6,missingData,missingData,Yes,Yes,missingData,Yes,missingData
0,Uris,URIS,,,,Switzerland,,115.0,4.0,Yes,No,missingData,0.2,No,Yes,No,19.0,69300000.0,0.66,missingData,missingData,Yes,Yes,missingData,Yes,missingData
0,Anything App,ANY,,,,Netherlands,30.0,20.0,4.0,Yes,No,missingData,0.04,Yes,Yes,Yes,13.0,200000000.0,0.5,missingData,missingData,Yes,Yes,missingData,Yes,missingData
0,AvailCom,AVL,,,,Singapore,31.0,31.0,3.9,Yes,No,missingData,0.03,Yes,Yes,Yes,17.0,1000000000000.0,0.53,missingData,missingData,Yes,Yes,missingData,Yes,missingData
0,Big Data Block,BDB,,,,USA,,,4.3,Yes,No,missingData,0.5,No,Yes,No,14.0,57000000.0,0.57,missingData,missingData,Yes,Yes,missingData,Yes,missingData
0,BINCOIN,BINCOIN /BIN,,,,USA,,105.0,3.9,No,No,missingData,0.1,Yes,Yes,Yes,8.0,50000000.0,0.5,missingData,missingData,Yes,No,missingData,Yes,missingData
0,Carnomaly,Carnomaly CARR,,,,USA,30.0,30.0,4.4,Yes,No,missingData,0.25,No,Yes,Yes,3.0,530000000.0,0.55,missingData,missingData,Yes,Yes,missingData,Yes,missingData
0,Connecty.io,CTY,,,,France,,,3.9,No,No,missingData,0.0116,No,Yes,Yes,17.0,1000000000000.0,0.55,missingData,missingData,Yes,Yes,missingData,No,missingData
0,Crypto APIs,Crypto APIs Token,,,,Bulgaria,,,3.9,Yes,No,missingData,0.3,No,Yes,Yes,7.0,50000000.0,0.25,missingData,missingData,Yes,Yes,missingData,Yes,missingData
0,CRYSTALS,CRS,,,,British Virgin Islands,,14.0,4.0,Yes,No,missingData,0.1,Yes,Yes,No,13.0,247000000.0,0.7,missingData,missingData,Yes,Yes,missingData,Yes,missingData
0,DINNGO,DGO,,,,Singapore,,,3.6,Yes,No,missingData,,Yes,Yes,No,15.0,100000000.0,0.5,missingData,missingData,Yes,Yes,missingData,Yes,missingData
0,EIPlatform,EMI,,,,Estonia,,15.0,3.8,Yes,No,missingData,0.1,No,No,Yes,29.0,748000000.0,0.85,missingData,missingData,Yes,Yes,missingData,Yes,missingData
0,Embleema,RWE,,,,France,,478.0,4.2,Yes,No,missingData,0.2,No,Yes,Yes,13.0,150000000.0,0.3,missingData,missingData,Yes,Yes,missingData,Yes,missingData
0,EverLife.AI,EVER,,,,Singapore,,14.0,3.7,No,No,missingData,0.1,Yes,Yes,Yes,16.0,200000000.0,0.4,missingData,missingData,Yes,Yes,missingData,Yes,missingData
0,Expercoin,EXPR,,,,Cayman Islands,0.0,60.0,3.8,Yes,No,missingData,0.025,Yes,Yes,Yes,20.0,1237500000.0,0.45,missingData,missingData,Yes,Yes,missingData,Yes,missingData
0,FansUnite,FAN,,,,Canada,,,3.9,Yes,No,missingData,,No,Yes,Yes,14.0,1000000000.0,0.5,missingData,missingData,Yes,Yes,missingData,Yes,missingData
0,FarmaTrust,FTT,,,,UK,16.0,14.0,4.4,Yes,No,missingData,0.05,No,Yes,No,12.0,600000000.0,0.6,missingData,missingData,Yes,Yes,missingData,Yes,missingData
0,HELIX Orange,HIX,,,,Germany,,15.0,4.2,Yes,No,missingData,0.0117,Yes,Yes,Yes,21.0,3500000000.0,0.7,missingData,missingData,Yes,Yes,missingData,No,missingData
0,Kimera,KIMERA,,,,USA,,62.0,3.8,Yes,No,missingData,0.18,Yes,Yes,Yes,20.0,1000000000.0,0.5,missingData,missingData,Yes,Yes,missingData,Yes,missingData
0,Kryptoin,KRP,,,,Cayman Islands,181.0,123.0,3.7,Yes,No,missingData,35.4408,Yes,Yes,Yes,8.0,1078825.0,0.6,missingData,missingData,Yes,Yes,missingData,Yes,missingData
0,MYDFS,MYDFS,,,,Ireland,32.0,20.0,4.0,Yes,No,missingData,1.0,Yes,Yes,Yes,18.0,25000000.0,0.2,missingData,missingData,Yes,Yes,missingData,Yes,missingData
0,NextPakk,Pakka,,,,USA,,29.0,4.4,No,No,missingData,0.32,Yes,Yes,Yes,16.0,200000000.0,0.2,missingData,missingData,Yes,Yes,missingData,Yes,missingData
0,NurseToken,NUR,,,,Cayman Islands,180.0,,3.7,No,No,missingData,0.051,Yes,Yes,No,12.0,150000000.0,0.5,missingData,missingData,Yes,Yes,missingData,Yes,missingData
0,NWPSolution,NWP,,,,Estonia,122.0,46.0,4.2,Yes,No,missingData,0.05,Yes,Yes,Yes,15.0,500000000.0,0.5,missingData,missingData,Yes,Yes,missingData,Yes,missingData
0,PearlPay,PRLPAY,,,,Philippines,59.0,51.0,3.9,No,No,missingData,0.2,Yes,No,Yes,9.0,175000000.0,0.35,missingData,missingData,Yes,Yes,missingData,Yes,missingData
0,Qravity,QCO,,,,Austria,36.0,13.0,3.8,Yes,No,missingData,0.0591,No,No,Yes,19.0,500000000.0,0.5,missingData,missingData,Yes,Yes,missingData,Yes,missingData
0,Quizando,QUIZ,,,,Malta,60.0,15.0,4.3,Yes,No,missingData,0.01,Yes,Yes,Yes,14.0,348000000.0,0.29,missingData,missingData,Yes,Yes,missingData,Yes,missingData
0,Railz,RLZ,,,,Cayman Islands,,29.0,3.7,Yes,No,missingData,0.12,Yes,Yes,Yes,9.0,500000000.0,0.25,missingData,missingData,Yes,Yes,missingData,Yes,missingData
0,Scienceroot,ST,,,,Romania,31.0,,4.1,No,No,missingData,0.1146,No,Yes,Yes,16.0,300000000.0,0.6,missingData,missingData,Yes,Yes,missingData,Yes,missingData
0,Bexam,BEXAM,,,,Saint Kitts and Nevis,,163.0,1.9,No,No,missingData,0.12,Yes,Yes,No,4.0,150000000.0,0.15,missingData,missingData,Yes,Yes,missingData,No,missingData
0,SOMESING,SSX,,,,Singapore,45.0,45.0,4.1,No,No,missingData,0.01,No,Yes,Yes,12.0,900000000.0,0.15,missingData,missingData,Yes,Yes,missingData,Yes,missingData
0,Spokkz,SPKZ,,,,Singapore,73.0,,4.0,Yes,No,missingData,0.08,Yes,Yes,Yes,18.0,300000000.0,0.3,missingData,missingData,Yes,Yes,missingData,Yes,missingData
0,Superbloom,SEED,,,,Cayman Islands,7.0,28.0,3.0,Yes,No,missingData,0.1,Yes,Yes,Yes,5.0,290000000.0,0.55,missingData,missingData,Yes,Yes,missingData,Yes,missingData
0,SupPorter,SPT,,,,USA,,91.0,3.4,Yes,No,missingData,,Yes,Yes,No,21.0,450000000.0,0.45,missingData,missingData,Yes,Yes,missingData,Yes,missingData
0,Trimpo,TRIMPO,,,,USA,78.0,61.0,4.4,Yes,No,missingData,0.705910035,No,No,No,12.0,500000000.0,0.6,missingData,missingData,Yes,Yes,missingData,Yes,missingData
0,Urbit Data,URB,,,,Spain,,74.0,3.9,Yes,No,missingData,0.1,No,No,Yes,20.0,252000000.0,0.42,missingData,missingData,Yes,Yes,missingData,Yes,missingData
0,YondoCoin,YON,,,,Australia,,140.0,3.9,Yes,No,missingData,0.2,No,Yes,Yes,14.0,100000000.0,0.5,missingData,missingData,Yes,Yes,missingData,Yes,missingData
0,Zeex,ZIX,,,,Israel,14.0,1.0,4.2,Yes,No,missingData,0.0845,No,Yes,Yes,13.0,,0.4,missingData,missingData,Yes,Yes,missingData,Yes,missingData
0,2Key,2KEY,,,,Israel,8.0,,3.9,Yes,No,missingData,0.095,Yes,Yes,No,28.0,,0.31,missingData,missingData,Yes,Yes,missingData,Yes,missingData
0,AWAX Blockchain Of Trust,AWAX,,,,UK,,43.0,3.8,Yes,No,missingData,0.05,Yes,Yes,Yes,22.0,30000000000.0,0.6,missingData,missingData,Yes,Yes,missingData,No,missingData
0,Bamboo (Wellness),BMBU,,,,Singapore,1.0,91.0,4.3,Yes,No,missingData,0.04,No,Yes,Yes,17.0,500000000.0,0.5,missingData,missingData,Yes,Yes,missingData,Yes,missingData
0,Cocoricos,EGG,,,,France,,152.0,4.1,Yes,No,missingData,0.02,No,Yes,Yes,6.0,307500000.0,0.092,missingData,missingData,Yes,Yes,missingData,Yes,missingData
0,CRWD Network,CRWT,,,,Austria,40.0,60.0,3.8,Yes,No,missingData,1.1332,Yes,Yes,Yes,26.0,22500000.0,0.5,missingData,missingData,Yes,Yes,missingData,Yes,missingData
0,DenchMusic,MIC,,,,Netherlands,14.0,9.0,3.4,Yes,No,missingData,0.0857,Yes,Yes,Yes,21.0,425000000.0,0.85,missingData,missingData,Yes,Yes,missingData,No,missingData
0,DeNet,DNET,,,,Hong Kong,29.0,44.0,3.9,Yes,No,missingData,0.035,Yes,Yes,Yes,19.0,700000000.0,0.7,missingData,missingData,Yes,Yes,missingData,No,missingData
0,Digiwills,Digiwills / DGW,,,,Dominican Republic,,,3.8,Yes,No,missingData,0.009,Yes,Yes,Yes,8.0,900000000.0,0.45,missingData,missingData,Yes,Yes,missingData,Yes,missingData
0,DYNO,DYNO,,,,Germany,76.0,,4.3,Yes,No,missingData,0.0428,No,Yes,No,16.0,550000000.0,0.55,missingData,missingData,Yes,Yes,missingData,Yes,missingData
0,Ellcrys,ELL,,,,USA,,13.0,3.7,Yes,No,missingData,0.2,Yes,Yes,Yes,13.0,18200000.0,0.4,missingData,missingData,Yes,Yes,missingData,Yes,missingData
0,EthicHub,Ethix,,,,Spain,28.0,,3.5,Yes,No,missingData,0.64,Yes,Yes,Yes,15.0,10000000.0,0.1,missingData,missingData,Yes,Yes,missingData,Yes,missingData
0,Fan360,FAN,,,,UK,,,4.2,Yes,No,missingData,1.0,Yes,Yes,No,29.0,30000000.0,0.6,missingData,missingData,Yes,Yes,missingData,Yes,missingData
0,Further Network,ATON,,,,UK,28.0,42.0,3.9,No,No,missingData,0.02,Yes,Yes,No,20.0,4200000000.0,0.6,missingData,missingData,Yes,Yes,missingData,Yes,missingData
0,GGRocket,GGR,,,,Singapore,15.0,,4.3,No,No,missingData,0.2,No,Yes,Yes,16.0,113110850.0,0.5,missingData,missingData,Yes,Yes,missingData,Yes,missingData
0,GoRecruit,GRT,,,,British Virgin Islands,,,3.8,Yes,No,missingData,3.0,No,Yes,Yes,20.0,5379167.0,0.65,missingData,missingData,Yes,Yes,missingData,Yes,missingData
0,HighVibe.Network,HV,,,,Estonia,31.0,,4.1,Yes,No,missingData,0.01,Yes,Yes,Yes,18.0,3600000000.0,0.45,missingData,missingData,Yes,Yes,missingData,Yes,missingData
0,IdeaFeX,IFX,,,,France,104.0,,3.8,Yes,No,missingData,0.132525925,No,Yes,Yes,12.0,400000000.0,0.4,missingData,missingData,Yes,Yes,missingData,Yes,missingData
0,Lucre Global,LCRX,,,,USA,91.0,29.0,3.5,Yes,No,missingData,0.25,No,Yes,Yes,1.0,259000000.0,0.72,missingData,missingData,Yes,Yes,missingData,Yes,missingData
0,MAKE,MAKE,,,,Estonia,,62.0,4.2,Yes,No,missingData,0.01,Yes,No,Yes,13.0,2500000000.0,0.5,missingData,missingData,Yes,Yes,missingData,Yes,missingData
0,MIMIC,MIMIC,,,,Switzerland,61.0,,3.8,Yes,No,missingData,0.05,Yes,Yes,No,18.0,405000000.0,0.45,missingData,missingData,Yes,Yes,missingData,Yes,missingData
0,NOIA Network,NOIA,,,,Gibraltar,0.0,,3.8,Yes,No,missingData,,Yes,Yes,No,16.0,300000000.0,0.3,missingData,missingData,Yes,Yes,missingData,Yes,missingData
0,Pavocoin,PAVO,,,,USA,39.0,101.0,3.6,Yes,No,missingData,0.1,Yes,Yes,Yes,27.0,500000000.0,0.5,missingData,missingData,Yes,Yes,missingData,Yes,missingData
0,Prontapay,PRO,,,,UK,61.0,,4.0,Yes,No,missingData,0.143422707,Yes,Yes,No,11.0,75000000.0,0.3,missingData,missingData,Yes,Yes,missingData,No,missingData
0,Qobit,QOBI,,,,Singapore,58.0,19.0,3.8,Yes,No,missingData,0.04,Yes,Yes,Yes,9.0,675000000.0,0.45,missingData,missingData,Yes,Yes,missingData,Yes,missingData
0,TANZO,TZO,,,,Bulgaria,,,4.2,Yes,No,missingData,0.06,No,Yes,Yes,13.0,500000000.0,0.68,missingData,missingData,Yes,No,missingData,Yes,missingData
0,TillBilly,BILL,,,,Australia,,,4.0,No,No,missingData,,Yes,Yes,Yes,8.0,,0.2,missingData,missingData,Yes,Yes,missingData,Yes,missingData
0,TontineTrust,TON,,,,British Virgin Islands,,,3.7,No,No,missingData,1.0,Yes,Yes,Yes,7.0,340000000.0,0.34,missingData,missingData,Yes,Yes,missingData,No,missingData
0,Tresaro,TRE,,,,Bulgaria,,61.0,3.2,Yes,No,missingData,0.035,Yes,Yes,Yes,10.0,325000000.0,0.65,missingData,missingData,Yes,Yes,missingData,Yes,missingData
0,X-Block,IX,,,,USA,0.0,51.0,3.8,Yes,No,missingData,0.0054,Yes,Yes,Yes,6.0,1750000000.0,0.35,missingData,missingData,Yes,Yes,missingData,Yes,missingData
0,Zero Carbon Project,ZCC,,,,UK,,,4.1,Yes,No,missingData,0.2,Yes,Yes,No,7.0,121330000.0,0.51,missingData,missingData,Yes,Yes,missingData,Yes,missingData
0,Amark,XAC,,,,South Africa,92.0,26.0,3.7,Yes,No,missingData,0.3,No,Yes,No,8.0,20000000.0,,missingData,missingData,Yes,Yes,missingData,Yes,missingData
0,ArcadierX,ARCX,,,,Singapore,,107.0,3.7,Yes,No,missingData,0.15,No,Yes,No,16.0,260000000.0,0.4,missingData,missingData,Yes,Yes,missingData,Yes,missingData
0,Baikalika,BKL,,,,UK,35.0,,3.9,Yes,No,missingData,0.08,No,No,No,5.0,500000000.0,1.0,missingData,missingData,Yes,Yes,missingData,Yes,missingData
0,BATT,BATT,,,,Ukraine,,40.0,3.7,Yes,No,missingData,0.01815,No,Yes,Yes,8.0,1530000000.0,0.9,missingData,missingData,Yes,Yes,missingData,Yes,missingData
0,Bitacium,XBOND,,,,USA,,7.0,3.3,Yes,No,missingData,0.05,No,Yes,No,7.0,21250000.0,0.85,missingData,missingData,Yes,Yes,missingData,Yes,missingData
0,Bixtrim,BXM,,,,Georgia,101.0,,3.7,Yes,No,missingData,1.0,No,Yes,Yes,27.0,53600000.0,0.74,missingData,missingData,Yes,Yes,missingData,Yes,missingData
0,Block66,B66,,,,Singapore,30.0,13.0,3.9,Yes,No,missingData,0.1,No,Yes,Yes,17.0,135000000.0,0.45,missingData,missingData,Yes,Yes,missingData,Yes,missingData
0,Bulltoken,BULL,,,,Norway,46.0,,4.0,Yes,No,missingData,2.74,Yes,Yes,Yes,27.0,4453135.0,0.081,missingData,missingData,Yes,Yes,missingData,Yes,missingData
0,Caloriecoin,CAL,,,,Singapore,30.0,60.0,3.7,Yes,No,missingData,0.0227,No,No,Yes,7.0,1000000000.0,0.1,missingData,missingData,Yes,Yes,missingData,Yes,missingData
0,Casper API,CST,,,,Russia,53.0,,4.1,Yes,No,missingData,0.16,Yes,Yes,Yes,17.0,158964924.0,0.36,missingData,missingData,Yes,Yes,missingData,Yes,missingData
0,CheckCar,CCR,,,,Russia,,31.0,3.3,Yes,No,missingData,0.12,Yes,Yes,Yes,4.0,450000000.0,0.45,missingData,missingData,Yes,Yes,missingData,Yes,missingData
0,CheckitsReal,CIR,,,,Ireland,14.0,,3.6,Yes,No,missingData,0.4,Yes,Yes,No,13.0,60000000.0,0.3,missingData,missingData,Yes,Yes,missingData,Yes,missingData
0,Coalichain,ZUZ,,,,Israel,92.0,140.0,3.7,Yes,No,missingData,0.18,No,Yes,Yes,31.0,269500000.0,0.35,missingData,missingData,Yes,Yes,missingData,Yes,missingData
0,Coinerium,CONM,,,,UK,,61.0,3.7,No,No,missingData,1.0,Yes,Yes,No,7.0,,0.7,missingData,missingData,Yes,Yes,missingData,Yes,missingData
0,Credible Network,PESA,,,,Singapore,31.0,30.0,3.8,Yes,No,missingData,0.09,Yes,Yes,No,18.0,250000000.0,0.5,missingData,missingData,Yes,Yes,missingData,Yes,missingData
0,CrowdToken,CRTK,,,,Ireland,90.0,,3.8,Yes,No,missingData,0.2921,No,Yes,Yes,22.0,10000000000.0,0.017,missingData,missingData,Yes,Yes,missingData,Yes,missingData
0,CrypStock,ICS,,,,Israel,,30.0,4.0,Yes,No,missingData,0.25,Yes,Yes,No,13.0,275000000.0,0.55,missingData,missingData,Yes,Yes,missingData,No,missingData
0,dClinic,DHC,,,,Singapore,45.0,,3.7,Yes,No,missingData,0.1,Yes,Yes,No,19.0,1000000000.0,0.2,missingData,missingData,Yes,Yes,missingData,Yes,missingData
0,Deedcoin,Deed,,,,USA,245.0,14.0,3.6,Yes,No,missingData,1.0,Yes,Yes,No,8.0,18700000.0,0.7,missingData,missingData,Yes,Yes,missingData,Yes,missingData
0,DICE Money,CET,,,,UK,72.0,21.0,4.2,Yes,No,missingData,0.9162,No,Yes,Yes,23.0,55000000.0,0.55,missingData,missingData,Yes,Yes,missingData,Yes,missingData
0,EMINENT,EMN,,,,Singapore,6.0,,3.7,Yes,No,missingData,0.25,No,Yes,Yes,9.0,125000000.0,0.8,missingData,missingData,Yes,Yes,missingData,Yes,missingData
0,EON Protocol,EOT,,,,Singapore,31.0,,4.3,Yes,No,missingData,0.0134,Yes,Yes,Yes,11.0,630000000.0,0.3,missingData,missingData,Yes,Yes,missingData,Yes,missingData
0,ERN,ERN,,,,UK,35.0,10.0,3.7,Yes,No,missingData,0.09,Yes,Yes,Yes,11.0,500000000.0,,missingData,missingData,Yes,Yes,missingData,Yes,missingData
0,EyeGlob.Net,EYE,,,,Estonia,15.0,,3.7,Yes,No,missingData,0.01,Yes,Yes,Yes,30.0,4600000000.0,0.46,missingData,missingData,Yes,Yes,missingData,Yes,missingData
0,Galion.io,GLN,,,,France,30.0,,3.9,Yes,No,missingData,0.05,Yes,Yes,No,13.0,200000000.0,0.3,missingData,missingData,Yes,Yes,missingData,Yes,missingData
0,Homelend,HMD,,,,Switzerland,137.0,,4.1,Yes,No,missingData,0.38206501,Yes,Yes,Yes,17.0,160000000.0,0.64,missingData,missingData,Yes,Yes,missingData,Yes,missingData
0,Ligercoin,LIC,,,,Malta,45.0,59.0,4.0,Yes,No,missingData,,No,No,Yes,9.0,2700000000.0,0.75,missingData,missingData,Yes,Yes,missingData,Yes,missingData
0,Liqnet,LEN,,,,Singapore,62.0,,4.0,Yes,No,missingData,1.0,No,Yes,No,18.0,63746032.0,0.9356,missingData,missingData,Yes,Yes,missingData,No,missingData
0,Little Phil,LPC,,,,Australia,,,3.7,Yes,No,missingData,0.1,Yes,Yes,No,29.0,400000000.0,0.4,missingData,missingData,Yes,Yes,missingData,Yes,missingData
0,Loycha,LOY,,,,Serbia,46.0,,3.7,No,No,missingData,0.01,Yes,Yes,Yes,16.0,70000000.0,0.7,missingData,missingData,Yes,Yes,missingData,No,missingData
0,Minerva (OWL) Pre-Sale,OWL,,,,Isle of Man,,,3.9,Yes,No,missingData,0.75,Yes,Yes,Yes,11.0,60000000.0,0.6,missingData,missingData,Yes,No,missingData,Yes,missingData
0,Nafen,NFN,,,,Estonia,,61.0,4.2,Yes,No,missingData,,Yes,Yes,No,12.0,140000000.0,0.8,missingData,missingData,Yes,Yes,missingData,Yes,missingData
0,PlanChain,PLAN token,,,,Singapore,,,3.7,No,No,missingData,0.02,No,Yes,Yes,13.0,525000000.0,0.35,missingData,missingData,Yes,Yes,missingData,Yes,missingData
0,Plentix,REFER,,,,Australia,,,4.1,Yes,No,missingData,0.1,Yes,Yes,Yes,16.0,280000000.0,0.7,missingData,missingData,Yes,Yes,missingData,Yes,missingData
0,PrepayWay,InBit,,,,Switzerland,,21.0,3.9,Yes,No,missingData,0.0112,Yes,Yes,Yes,6.0,650000000.0,0.5093,missingData,missingData,Yes,Yes,missingData,No,missingData
0,PRIMARY,PRY,,,,Switzerland,180.0,30.0,3.8,No,No,missingData,0.1,No,Yes,No,19.0,,0.7,missingData,missingData,Yes,Yes,missingData,Yes,missingData
0,RegistryBlocks,REG,,,,Netherlands,,43.0,3.6,Yes,No,missingData,0.1,No,Yes,Yes,14.0,325000000.0,0.65,missingData,missingData,Yes,Yes,missingData,Yes,missingData
0,Reindeer,RDT,,,,Singapore,56.0,,3.9,Yes,No,missingData,0.141830322,Yes,Yes,Yes,5.0,1250000000.0,0.5,missingData,missingData,Yes,Yes,missingData,Yes,missingData
0,RYFTS,RFT,,,,Japan,61.0,,3.9,Yes,No,missingData,0.5,No,No,No,9.0,33000000.0,0.9,missingData,missingData,Yes,Yes,missingData,Yes,missingData
0,Safein,SFN,,,,Lithuania,,,3.7,Yes,No,missingData,0.07,Yes,Yes,Yes,13.0,300000000.0,0.3,missingData,missingData,Yes,Yes,missingData,Yes,missingData
0,SELFLLERY,YOU,,,,Singapore,21.0,,4.1,Yes,No,missingData,0.853684021,Yes,Yes,Yes,20.0,,0.64,missingData,missingData,Yes,Yes,missingData,Yes,missingData
0,Sportcash One,SCOne,,,,Brazil,31.0,30.0,3.7,No,No,missingData,1.07966835,No,No,Yes,7.0,5900000.0,0.59,missingData,missingData,Yes,Yes,missingData,Yes,missingData
0,Talenthon,TCOIN,,,,UK,,92.0,3.6,Yes,No,missingData,1.0,No,Yes,No,8.0,600000000.0,0.15,missingData,missingData,Yes,Yes,missingData,Yes,missingData
0,Teambrella,TMB,,,,Estonia,51.0,,3.9,Yes,No,missingData,0.450852997,Yes,Yes,No,9.0,,0.6,missingData,missingData,Yes,Yes,missingData,Yes,missingData
0,Tru Reputation Network,TRU,,,,UK,,60.0,3.4,Yes,No,missingData,0.933333,No,Yes,No,8.0,32000000.0,0.5,missingData,missingData,Yes,Yes,missingData,Yes,missingData
0,Tryvium,TYM,,,,Malta,28.0,28.0,3.7,Yes,No,missingData,0.038,No,No,No,15.0,540000000.0,0.6,missingData,missingData,Yes,Yes,missingData,Yes,missingData
0,TuurnT,TRT,,,,Canada,14.0,,3.9,Yes,No,missingData,0.1,Yes,Yes,Yes,11.0,,0.33,missingData,missingData,Yes,Yes,missingData,No,missingData
0,Universal Games Token,UGT,,,,Singapore,31.0,,4.0,Yes,No,missingData,0.1,Yes,Yes,No,19.0,750000000.0,0.75,missingData,missingData,Yes,Yes,missingData,Yes,missingData
0,Universal Recognition Token,URT,,,,USA,,,3.5,Yes,No,missingData,0.12,Yes,Yes,No,10.0,437500000.0,0.5,missingData,missingData,Yes,Yes,missingData,Yes,missingData
0,Verv (VLUX token),VLUX,,,,UK,,,3.9,Yes,No,missingData,0.67,Yes,Yes,No,10.0,,0.7,missingData,missingData,Yes,No,missingData,Yes,missingData
0,WorkChain.io,WATT,,,,USA,31.0,,3.7,Yes,No,missingData,0.0146,Yes,No,Yes,22.0,500000000.0,0.5,missingData,missingData,Yes,Yes,missingData,Yes,missingData
0,Your Data Safe,YDST,,,,UK,30.0,,3.6,Yes,No,missingData,0.0256,Yes,Yes,Yes,12.0,296520000.0,0.4,missingData,missingData,Yes,Yes,missingData,Yes,missingData
0,433token,433,,,,British Virgin Islands,,36.0,3.8,Yes,No,missingData,0.09,No,Yes,Yes,15.0,300000000.0,0.3,missingData,missingData,Yes,Yes,missingData,Yes,missingData
0,AGATE,AGT,,,,Singapore,,,3.9,Yes,No,missingData,0.076,No,Yes,Yes,22.0,318500000.0,0.65,missingData,missingData,Yes,Yes,missingData,Yes,missingData
0,AiBB,AIBB,,,,Estonia,,,3.6,Yes,No,missingData,2.0,Yes,Yes,Yes,16.0,88000000.0,0.75,missingData,missingData,Yes,Yes,missingData,No,missingData
0,AirPod,APOD,,,,UK,38.0,139.0,4.2,Yes,No,missingData,0.1,Yes,Yes,Yes,15.0,200000000.0,0.8,missingData,missingData,Yes,Yes,missingData,No,missingData
0,ASQ Protocol,ASQT,,,,Switzerland,115.0,,3.8,Yes,No,missingData,0.06,Yes,Yes,No,13.0,166666667.0,0.196,missingData,missingData,Yes,Yes,missingData,No,missingData
0,Benchmark,BMK,,,,South Africa,95.0,54.0,3.6,Yes,No,missingData,1.0,No,Yes,Yes,20.0,50000000.0,0.1,missingData,missingData,Yes,Yes,missingData,No,missingData
0,BidiPass,BDP,,,,Malta,56.0,,3.9,Yes,No,missingData,0.05,Yes,Yes,No,12.0,150000000.0,0.1,missingData,missingData,Yes,Yes,missingData,Yes,missingData
0,CargoConX,TICS,,,,UK,,,3.5,No,No,missingData,0.11,Yes,Yes,No,12.0,422500000.0,0.65,missingData,missingData,Yes,No,missingData,No,missingData
0,CryptovationX,CXA,,,,British Virgin Islands,,30.0,3.7,Yes,No,missingData,,No,Yes,Yes,43.0,7200000000.0,0.6,missingData,missingData,Yes,Yes,missingData,Yes,missingData
0,Dapp.com,DAPPT Token/DAPPT,,,,Singapore,30.0,30.0,3.6,Yes,No,missingData,0.0044,No,Yes,No,9.0,750000000.0,0.15,missingData,missingData,Yes,Yes,missingData,No,missingData
0,DeHedge,DHT,,,,UK,,36.0,3.9,Yes,No,missingData,0.0165,No,Yes,Yes,19.0,8000000000.0,0.8,missingData,missingData,Yes,Yes,missingData,No,missingData
0,DiscoveryIoT,DIS,,,,Malta,45.0,46.0,4.0,Yes,No,missingData,0.05,Yes,Yes,No,18.0,396000000.0,0.51,missingData,missingData,Yes,Yes,missingData,No,missingData
0,Elements Estates,ELES,,,,British Virgin Islands,,,3.8,Yes,No,missingData,0.55,Yes,Yes,Yes,16.0,150000000.0,0.6,missingData,missingData,Yes,Yes,missingData,No,missingData
0,Exclusive Platform,Exclusive Platform / XPL,,,,Nigeria,15.0,,3.8,Yes,No,missingData,,No,No,Yes,10.0,7500000000.0,0.75,missingData,missingData,Yes,No,missingData,Yes,missingData
0,Extauri,TAURI,,,,Liechtenstein,,,3.5,Yes,No,missingData,0.034,Yes,Yes,Yes,21.0,1000000000000.0,0.65,missingData,missingData,Yes,Yes,missingData,Yes,missingData
0,Game Protocol,GXT,,,,Malta,29.0,31.0,3.8,Yes,No,missingData,0.132581329,Yes,Yes,No,23.0,87000000.0,0.58,missingData,missingData,Yes,Yes,missingData,Yes,missingData
0,Gamedex,GDX,,,,Singapore,91.0,,3.5,Yes,No,missingData,0.01,Yes,Yes,Yes,12.0,2550000000.0,0.51,missingData,missingData,Yes,Yes,missingData,Yes,missingData
0,Gimmer,GMR,,,,Gibraltar,27.0,14.0,3.2,Yes,No,missingData,0.2,No,No,Yes,8.0,15800000.0,0.35,missingData,missingData,Yes,Yes,missingData,Yes,missingData
0,GladAge,GAC,,,,Australia,29.0,,3.5,Yes,No,missingData,,No,Yes,Yes,8.0,200000000.0,0.4,missingData,missingData,Yes,Yes,missingData,Yes,missingData
0,GPM Carbon,GPM Carbon / GPM,,,,Czech Republic,289.0,121.0,3.5,No,No,missingData,0.3,No,No,Yes,12.0,144000000.0,0.8,missingData,missingData,Yes,Yes,missingData,Yes,missingData
0,Hala,HALA,,,,Estonia,31.0,16.0,3.5,Yes,No,missingData,0.1,Yes,Yes,No,5.0,212000000.0,0.47,missingData,missingData,Yes,Yes,missingData,Yes,missingData
0,Holdvest,HDL,,,,Russia,29.0,30.0,3.9,No,No,missingData,0.615712988,Yes,No,Yes,8.0,8200000.0,0.82,missingData,missingData,Yes,Yes,missingData,No,missingData
0,IAME Identity,IAM,,,,Mauritius,,,4.0,No,No,missingData,,No,Yes,Yes,12.0,,0.5,missingData,missingData,Yes,Yes,missingData,Yes,missingData
0,iLINK,CBC,,,,Singapore,,,3.5,Yes,No,missingData,0.05,No,Yes,No,12.0,1180000000.0,0.59,missingData,missingData,Yes,Yes,missingData,Yes,missingData
0,Instoken,INSTA,,,,Singapore,14.0,30.0,3.5,Yes,No,missingData,0.05,No,No,No,9.0,400000000.0,0.4,missingData,missingData,Yes,Yes,missingData,No,missingData
0,Iryo,IRYO,,,,Slovenia,,,3.7,No,No,missingData,,Yes,Yes,No,18.0,100000000.0,0.8,missingData,missingData,Yes,No,missingData,Yes,missingData
0,Momentum Protocol,MMTM,,,,Switzerland,1.0,,3.7,Yes,No,missingData,0.1149306,Yes,Yes,Yes,10.0,500000000.0,0.5,missingData,missingData,Yes,Yes,missingData,Yes,missingData
0,Novam,MNVM,,,,USA,,31.0,3.5,Yes,No,missingData,0.06,Yes,Yes,No,5.0,435000000.0,0.3,missingData,missingData,Yes,Yes,missingData,No,missingData
0,Olam,OLM,,,,Switzerland,,,3.6,Yes,No,missingData,0.1,Yes,Yes,No,14.0,606500000.0,0.4,missingData,missingData,Yes,Yes,missingData,Yes,missingData
0,Qilimanjaro,QBIT,,,,Estonia,,60.0,3.5,Yes,No,missingData,185.0,Yes,Yes,Yes,10.0,135000000.0,0.45,missingData,missingData,Yes,Yes,missingData,Yes,missingData
0,RAWG,RAWG,,,,Cayman Islands,14.0,105.0,4.1,Yes,No,missingData,0.03,Yes,Yes,Yes,12.0,333333333.0,0.385,missingData,missingData,Yes,Yes,missingData,No,missingData
0,Sarf,XRF,,,,Belize,32.0,21.0,3.3,Yes,No,missingData,0.015,No,No,Yes,5.0,750000000.0,0.375,missingData,missingData,Yes,Yes,missingData,Yes,missingData
0,Sentigraph.io,EMOT,,,,Cayman Islands,31.0,31.0,4.1,Yes,No,missingData,0.01,No,Yes,No,15.0,500000000.0,0.5,missingData,missingData,Yes,Yes,missingData,No,missingData
0,STAYGE,STG,,,,Estonia,27.0,,3.5,No,No,missingData,0.000875,Yes,Yes,Yes,24.0,5000000000.0,0.5,missingData,missingData,Yes,Yes,missingData,Yes,missingData
0,Svandis,SVN,,,,Iceland,,,3.5,Yes,No,missingData,0.05,Yes,Yes,Yes,11.0,240000000.0,0.6,missingData,missingData,Yes,Yes,missingData,Yes,missingData
0,Artcoin,ARS,,,,Unknown,,,3.3,Yes,No,missingData,0.01,No,No,Yes,9.0,30000000000.0,,missingData,missingData,Yes,Yes,missingData,Yes,missingData
0,AXT,AXT,,,,USA,,,4.1,Yes,No,missingData,,Yes,Yes,No,31.0,620000000.0,0.62,missingData,missingData,Yes,Yes,missingData,Yes,missingData
0,Bettium,BETT,,,,Estonia,29.0,9.0,3.5,Yes,No,missingData,0.05,No,Yes,Yes,19.0,550000000.0,0.55,missingData,missingData,Yes,Yes,missingData,Yes,missingData
0,Bitdollar Fund,BTD Token,,,,Cayman Islands,56.0,55.0,3.8,Yes,No,missingData,1.0,Yes,Yes,No,14.0,,,missingData,missingData,Yes,Yes,missingData,Yes,missingData
0,bZx,BZRX,,,,USA,7.0,105.0,3.4,Yes,No,missingData,0.073,Yes,Yes,Yes,8.0,500000000.0,0.5,missingData,missingData,Yes,Yes,missingData,Yes,missingData
0,CBDoken,CBDF,,,,Austria,90.0,,2.5,Yes,No,missingData,17.3651,No,No,No,9.0,235000.0,,missingData,missingData,Yes,Yes,missingData,No,missingData
0,Coalculus,COAL,,,,Singapore,45.0,,3.4,No,No,missingData,0.05,No,Yes,Yes,5.0,,,missingData,missingData,Yes,Yes,missingData,No,missingData
0,Cryptectum,TECTUM,,,,Switzerland,,21.0,3.4,Yes,No,missingData,1.0,No,No,No,4.0,1250000.0,0.85,missingData,missingData,Yes,No,missingData,Yes,missingData
0,DINO,DINO,,,,Hong Kong,,,3.4,Yes,No,missingData,,No,Yes,Yes,10.0,90000000.0,0.45,missingData,missingData,Yes,Yes,missingData,Yes,missingData
0,DOMI,DOMI,,,,Mexico,,30.0,3.4,No,No,missingData,107.0,Yes,Yes,Yes,14.0,200000000.0,0.7,missingData,missingData,Yes,Yes,missingData,Yes,missingData
0,Electrominer,ELM Token,,,,USA,57.0,124.0,3.3,Yes,No,missingData,0.7142,No,Yes,Yes,12.0,700000000.0,0.7,missingData,missingData,Yes,Yes,missingData,Yes,missingData
0,FTV Coin Deluxe,FTV,,,,British Virgin Islands,57.0,102.0,2.5,Yes,No,missingData,3.4815,Yes,Yes,No,27.0,100000000.0,0.4,missingData,missingData,Yes,Yes,missingData,No,missingData
0,GIF by SOCIFI,GIF,,,,Czech Republic,32.0,105.0,4.0,Yes,No,missingData,0.00969,No,Yes,Yes,20.0,5000000000.0,0.35,missingData,missingData,Yes,Yes,missingData,Yes,missingData
0,Illuminates,LUM,,,,Ukraine,260.0,,3.8,Yes,No,missingData,0.2,Yes,No,Yes,12.0,100000000.0,0.76,missingData,missingData,Yes,Yes,missingData,Yes,missingData
0,ImpetusOne,NUDGE,,,,Netherlands,30.0,,3.7,No,No,missingData,0.01,Yes,Yes,No,18.0,1776600000.0,0.47,missingData,missingData,Yes,Yes,missingData,Yes,missingData
0,InDeep,INDPt,,,,Poland,28.0,,3.4,Yes,No,missingData,0.2,No,No,Yes,5.0,40000000.0,1.0,missingData,missingData,Yes,Yes,missingData,Yes,missingData
0,Jointly,JPT,,,,Italy,,22.0,3.5,Yes,No,missingData,0.464,Yes,Yes,Yes,9.0,40000000.0,0.8,missingData,missingData,Yes,Yes,missingData,No,missingData
0,KIBIS,KIBIS,,,,UK,,,3.4,Yes,No,missingData,0.6,No,Yes,Yes,20.0,700000000.0,0.28,missingData,missingData,Yes,Yes,missingData,No,missingData
0,ONe Network,OBT,,,,Malta,16.0,,3.6,Yes,No,missingData,0.4,Yes,Yes,Yes,12.0,125000000.0,0.5,missingData,missingData,Yes,Yes,missingData,Yes,missingData
0,PeerAtlas,ATLAS,,,,Malta,,34.0,3.4,No,No,missingData,0.25,Yes,Yes,No,8.0,67000000.0,,missingData,missingData,Yes,Yes,missingData,Yes,missingData
0,PlayHall,PHT,,,,USA,29.0,28.0,3.4,Yes,No,missingData,0.0186,No,Yes,Yes,25.0,500000000.0,,missingData,missingData,Yes,Yes,missingData,Yes,missingData
0,PREVISIONe,PVS,,,,Ukraine,27.0,20.0,3.4,Yes,No,missingData,1.051867523,Yes,No,Yes,4.0,64000000.0,0.64,missingData,missingData,Yes,Yes,missingData,Yes,missingData
0,Republia,RPB,,,,British Virgin Islands,30.0,31.0,3.4,No,No,missingData,0.92,Yes,Yes,Yes,14.0,39000000.0,0.0975,missingData,missingData,Yes,Yes,missingData,Yes,missingData
0,Symbioses,SYM,,,,Switzerland,,,3.7,Yes,No,missingData,,Yes,Yes,No,17.0,900000000.0,0.3,missingData,missingData,Yes,Yes,missingData,No,missingData
0,ufoodo,UFT,,,,Germany,245.0,,3.2,Yes,No,missingData,0.0343,Yes,Yes,No,5.0,275000000.0,0.55,missingData,missingData,Yes,Yes,missingData,Yes,missingData
0,Vreo,MERO,,,,Switzerland,28.0,,3.5,Yes,No,missingData,0.05,No,Yes,Yes,14.0,450000000.0,,missingData,missingData,Yes,Yes,missingData,Yes,missingData
0,XBrick,XBC Token,,,,Australia,19.0,20.0,3.4,Yes,No,missingData,0.0427,No,Yes,Yes,10.0,500000000.0,0.5,missingData,missingData,Yes,Yes,missingData,No,missingData
0,XRes,XRES,,,,Cayman Islands,,61.0,3.6,Yes,No,missingData,0.1,Yes,Yes,No,9.0,650000000.0,0.65,missingData,missingData,Yes,Yes,missingData,No,missingData
0,Altair VR,ALVR,,,,Russia,45.0,14.0,3.3,Yes,No,missingData,1.0,No,No,No,3.0,500000000.0,0.5,missingData,missingData,Yes,Yes,missingData,Yes,missingData
0,Aluna.Social,Aluna / ALN,,,,Singapore,,,3.3,Yes,No,missingData,0.1,No,No,No,6.0,30000000.0,0.3,missingData,missingData,Yes,Yes,missingData,Yes,missingData
0,Asset Allocation Token,AAT,,,,Netherlands,29.0,,3.3,Yes,No,missingData,0.9,Yes,Yes,No,7.0,27000000.0,0.6,missingData,missingData,Yes,Yes,missingData,No,missingData
0,Assistive Reality ARX,ARX,,,,Australia,,,3.3,Yes,No,missingData,0.1458,Yes,Yes,No,4.0,250000000.0,,missingData,missingData,Yes,Yes,missingData,Yes,missingData
0,BitSchool,BSCH,,,,UK,35.0,,3.7,Yes,No,missingData,0.0788,Yes,Yes,Yes,21.0,375000000.0,0.75,missingData,missingData,Yes,Yes,missingData,Yes,missingData
0,BotChain,BOTC,,,,USA,,,3.8,Yes,No,missingData,2.5,Yes,Yes,No,13.0,22000000.0,0.55,missingData,missingData,Yes,Yes,missingData,Yes,missingData
0,Chimpion,BNANA,,,,Estonia,159.0,180.0,2.9,Yes,No,missingData,0.0065,No,No,Yes,11.0,,0.6,missingData,missingData,Yes,Yes,missingData,No,missingData
0,Cortex,CTXC,,,,Singapore,23.0,,3.3,Yes,No,missingData,0.528748006,No,No,No,17.0,150000000.0,0.5003,missingData,missingData,Yes,Yes,missingData,Yes,missingData
0,Cosplay Token,COT,,,,Hong Kong,80.0,,3.3,Yes,No,missingData,0.04,Yes,Yes,Yes,15.0,500000000.0,0.5,missingData,missingData,Yes,Yes,missingData,No,missingData
0,CrowdPrecision,,,,,Singapore,,,3.4,Yes,No,missingData,0.0027,No,Yes,Yes,12.0,2400000000.0,,missingData,missingData,Yes,Yes,missingData,Yes,missingData
0,Darb Finance,DARB,,,,Estonia,,,4.2,Yes,No,missingData,,Yes,Yes,Yes,2.0,200000000.0,1.0,missingData,missingData,Yes,Yes,missingData,Yes,missingData
0,Envienta,ENV,,,,UK,30.0,,3.5,Yes,No,missingData,0.761534416,Yes,Yes,Yes,17.0,12000000.0,0.4,missingData,missingData,Yes,Yes,missingData,Yes,missingData
0,ETHA,ERA,,,,UK,,,3.3,Yes,No,missingData,0.06,No,Yes,Yes,9.0,,0.5,missingData,missingData,No,Yes,missingData,No,missingData
0,Evident Proof,EPT,,,,Gibraltar,31.0,,3.4,Yes,No,missingData,0.98,No,Yes,No,13.0,75000000.0,0.19,missingData,missingData,Yes,Yes,missingData,No,missingData
0,FIC Network,eFIC,,,,USA,18.0,85.0,3.7,Yes,No,missingData,0.1,Yes,Yes,No,18.0,316500000.0,0.5,missingData,missingData,Yes,Yes,missingData,No,missingData
0,Hada DBank,HADA,,,,Malaysia,,61.0,3.5,Yes,No,missingData,0.66,No,No,No,13.0,295000000.0,0.55,missingData,missingData,Yes,Yes,missingData,No,missingData
0,Isiklar Coin,ISIKC,,,,Bulgaria,78.0,78.0,3.3,Yes,No,missingData,0.2,Yes,Yes,No,3.0,10000000.0,0.1,missingData,missingData,Yes,Yes,missingData,Yes,missingData
0,Ispolink,ISP token,,,,Bulgaria,,,4.2,Yes,No,missingData,0.0015,No,Yes,Yes,6.0,,,missingData,missingData,Yes,Yes,missingData,No,missingData
0,Job.com,JOBTK,,,,Singapore,30.0,,3.3,No,No,missingData,0.065,Yes,Yes,No,21.0,384615385.0,0.3846,missingData,missingData,Yes,Yes,missingData,No,missingData
0,MARAChain,MARA,,,,Spain,,,3.1,Yes,No,missingData,,Yes,Yes,Yes,9.0,55000000.0,0.55,missingData,missingData,Yes,Yes,missingData,No,missingData
0,MobiePay,MBX,,,,USA,97.0,,3.3,No,No,missingData,0.0016,Yes,Yes,No,22.0,1000000000000.0,0.179,missingData,missingData,Yes,Yes,missingData,No,missingData
0,MyCreditChain,MyCreditChain,,,,Singapore,181.0,,4.0,Yes,No,missingData,0.0981,Yes,No,No,14.0,,0.42,missingData,missingData,Yes,Yes,missingData,No,missingData
0,Namahe,NMH,,,,Singapore,27.0,,3.4,Yes,No,missingData,0.601755005,Yes,Yes,No,14.0,60000000.0,0.5,missingData,missingData,Yes,Yes,missingData,No,missingData
0,Noiz,NOZ,,,,Hong Kong,33.0,,3.7,No,No,missingData,0.14,Yes,Yes,Yes,10.0,180000000.0,0.45,missingData,missingData,Yes,Yes,missingData,No,missingData
0,Odds,ODDS,,,,USA,,105.0,3.3,No,No,missingData,,Yes,Yes,No,8.0,6000000000.0,0.6,missingData,missingData,Yes,Yes,missingData,No,missingData
0,Origin Protocol,Origin Token,,,,USA,34.0,,3.7,Yes,No,missingData,0.1155,Yes,Yes,No,16.0,,,missingData,missingData,Yes,Yes,missingData,Yes,missingData
0,PodMiners,POMT,,,,Estonia,90.0,29.0,3.3,Yes,No,missingData,0.143882202,Yes,Yes,Yes,23.0,20000000.0,0.35,missingData,missingData,Yes,Yes,missingData,No,missingData
0,POVR,PPOVR,,,,Cyprus,183.0,,2.6,Yes,No,missingData,0.02,Yes,No,No,4.0,,0.3,missingData,missingData,Yes,Yes,missingData,No,missingData
0,PR Network,XPR,,,,Netherlands,60.0,,2.9,No,No,missingData,0.1986,No,No,Yes,15.0,50000000.0,0.5,missingData,missingData,Yes,Yes,missingData,No,missingData
0,Quantler,QUANT,,,,Netherlands,,,3.6,Yes,No,missingData,0.36,Yes,Yes,Yes,16.0,63000000.0,0.3,missingData,missingData,Yes,Yes,missingData,Yes,missingData
0,QURAS,XQC,,,,Hong Kong,30.0,,3.3,No,No,missingData,0.0798,No,Yes,Yes,,,,missingData,missingData,Yes,Yes,missingData,No,missingData
0,rLoop,RLP,,,,USA,92.0,,3.7,Yes,No,missingData,0.480861621,No,No,Yes,10.0,250000000.0,0.25,missingData,missingData,Yes,Yes,missingData,Yes,missingData
0,SleekPlay,SKP,,,,Seychelles,9.0,,3.1,Yes,No,missingData,0.01,No,Yes,No,7.0,10000000000000.0,0.54,missingData,missingData,Yes,Yes,missingData,No,missingData
0,SLP,SLP,,,,Cayman Islands,,,3.3,Yes,No,missingData,0.01,Yes,Yes,Yes,13.0,2400000000.0,0.6,missingData,missingData,Yes,Yes,missingData,No,missingData
0,Sparkpoint,SPRK,,,,Philippines,31.0,,3.3,Yes,No,missingData,1.55e-05,No,Yes,No,8.0,,,missingData,missingData,Yes,Yes,missingData,Yes,missingData
0,SpringRole,SPRING,,,,USA,,,3.4,Yes,No,missingData,,No,No,Yes,8.0,2550000000.0,0.255,missingData,missingData,Yes,Yes,missingData,No,missingData
0,Veri Doc Global,VDG,,,,Australia,,,3.5,Yes,No,missingData,0.048,No,No,No,7.0,,,missingData,missingData,Yes,Yes,missingData,No,missingData
0,Virtual Rehab,VRH,,,,Estonia,10.0,13.0,4.1,Yes,No,missingData,0.1,No,No,Yes,15.0,240000000.0,0.6,missingData,missingData,Yes,Yes,missingData,No,missingData
0,VogoV,OGO,,,,USA,169.0,10.0,4.0,Yes,No,missingData,0.431694,No,No,Yes,7.0,56955000.0,0.76,missingData,missingData,Yes,Yes,missingData,No,missingData
0,Zapaygo,ZAP Token,,,,UK,30.0,,3.8,Yes,No,missingData,0.0071,No,No,No,6.0,10000000000.0,0.42,missingData,missingData,Yes,Yes,missingData,No,missingData
0,Zwoop,ZWP,,,,Hong Kong,,16.0,3.3,Yes,No,missingData,0.1,Yes,Yes,Yes,17.0,600000000.0,0.3,missingData,missingData,Yes,Yes,missingData,No,missingData
0,12SHIPS,12SHIPS,,,,Singapore,16.0,,3.2,Yes,No,missingData,0.0881,No,Yes,No,8.0,500000000.0,0.5,missingData,missingData,Yes,Yes,missingData,No,missingData
0,AbacasXchange,ABCS,,,,Panama,30.0,29.0,3.3,Yes,No,missingData,1.4,No,Yes,Yes,11.0,30000000.0,0.55,missingData,missingData,Yes,Yes,missingData,Yes,missingData
0,Aigo,AIGO,,,,USA,80.0,,3.2,Yes,No,missingData,1.0,No,Yes,Yes,13.0,30000000.0,0.7,missingData,missingData,Yes,Yes,missingData,Yes,missingData
0,Aleph Zero,A0,,,,Switzerland,,,3.2,No,No,missingData,0.25,Yes,Yes,No,5.0,,0.67,missingData,missingData,Yes,Yes,missingData,Yes,missingData
0,AlfaToken,ALFA,,,,Singapore,90.0,,3.3,Yes,No,missingData,2.00652002,Yes,No,No,13.0,9000000.0,,missingData,missingData,Yes,Yes,missingData,Yes,missingData
0,Allabout.me,ME,,,,Seychelles,,,3.2,Yes,No,missingData,0.014,No,No,Yes,3.0,7000000000.0,0.7,missingData,missingData,Yes,Yes,missingData,Yes,missingData
0,Altindex,ADEX,,,,Cayman Islands,11.0,21.0,3.2,Yes,No,missingData,1.15,No,Yes,No,4.0,10800000.0,0.9,missingData,missingData,Yes,Yes,missingData,Yes,missingData
0,AMANPURI,AML,,,,Malta,,,4.0,Yes,No,missingData,0.08,Yes,Yes,Yes,5.0,126000000.0,0.6,missingData,missingData,Yes,Yes,missingData,No,missingData
0,AngryToken,ANG,,,,USA,,,3.2,Yes,No,missingData,,No,No,Yes,3.0,104000000.0,0.56,missingData,missingData,Yes,No,missingData,No,missingData
0,Bitdrive,BTD,,,,Belize,72.0,,3.2,Yes,No,missingData,0.04,No,Yes,Yes,8.0,500000000.0,0.5,missingData,missingData,Yes,Yes,missingData,No,missingData
0,Bithemoth,BHM,,,,South Africa,,,2.9,Yes,No,missingData,,Yes,No,Yes,,120000000.0,0.6,missingData,missingData,Yes,Yes,missingData,Yes,missingData
0,Bitmart,BMX,,,,Cayman Islands,19.0,5.0,3.3,Yes,No,missingData,0.01,No,No,No,,300000000.0,0.3,missingData,missingData,Yes,Yes,missingData,No,missingData
0,Bitminer Factory,BMF,,,,Bosnia and Herzegovina,71.0,19.0,3.2,Yes,No,missingData,1.0,No,Yes,No,16.0,88000000.0,0.88,missingData,missingData,Yes,Yes,missingData,Yes,missingData
0,BloomX,BX8,,,,Singapore,59.0,,3.2,No,No,missingData,0.01,No,Yes,No,4.0,,,missingData,missingData,Yes,Yes,missingData,Yes,missingData
0,Cash Telex,CTLX,,,,Cayman Islands,233.0,,3.2,No,No,missingData,0.82,No,Yes,Yes,7.0,4000000.0,,missingData,missingData,Yes,Yes,missingData,Yes,missingData
0,CoinSelf,CSF,,,,UK,20.0,,3.2,Yes,No,missingData,0.14785697,Yes,No,No,4.0,45453000.0,0.6,missingData,missingData,Yes,Yes,missingData,No,missingData
0,Crypton,CRN,,,,Estonia,43.0,28.0,3.2,Yes,No,missingData,1.0,Yes,Yes,Yes,18.0,50400000.0,0.7,missingData,missingData,Yes,Yes,missingData,Yes,missingData
0,DAFZO ICO,DFZ,,,,UK,33.0,,3.5,Yes,No,missingData,0.29,Yes,Yes,Yes,12.0,56168000.0,1.0,missingData,missingData,Yes,Yes,missingData,No,missingData
0,Deneum,DNM,,,,Estonia,77.0,45.0,3.2,Yes,No,missingData,5.6,No,Yes,No,,11400000.0,0.76,missingData,missingData,Yes,Yes,missingData,No,missingData
0,DressCode,DRESS,,,,Slovenia,,,3.0,Yes,No,missingData,0.1,Yes,Yes,Yes,8.0,180000000.0,0.6,missingData,missingData,Yes,Yes,missingData,No,missingData
0,EHO,EHO,,,,Latvia,,,3.1,Yes,No,missingData,0.01,No,Yes,Yes,5.0,,0.51,missingData,missingData,Yes,Yes,missingData,Yes,missingData
0,Eloncity,ECT,,,,USA,,,3.2,No,No,missingData,0.12,Yes,Yes,Yes,16.0,320000000.0,0.32,missingData,missingData,Yes,Yes,missingData,No,missingData
0,Emrify Health Passport,HIT,,,,USA,,,3.2,Yes,No,missingData,0.025,Yes,Yes,Yes,9.0,400000000.0,0.4,missingData,missingData,Yes,Yes,missingData,Yes,missingData
0,GoodX,XFN,,,,Switzerland,144.0,,3.2,No,No,missingData,0.01,No,Yes,Yes,12.0,,0.8,missingData,missingData,Yes,Yes,missingData,No,missingData
0,Hashgard,GARD,,,,China,20.0,,3.2,Yes,No,missingData,0.000585,No,No,No,3.0,,,missingData,missingData,Yes,Yes,missingData,Yes,missingData
0,Health FX,HFX,,,,Singapore,22.0,6.0,2.8,Yes,No,missingData,0.2,Yes,Yes,Yes,,650000000.0,0.65,missingData,missingData,Yes,Yes,missingData,Yes,missingData
0,Irene Energy,TLU,,,,France,55.0,,3.3,No,No,missingData,0.0985,Yes,Yes,No,17.0,500000000.0,,missingData,missingData,Yes,Yes,missingData,Yes,missingData
0,Kambria,KAT,,,,USA,59.0,5.0,3.5,Yes,No,missingData,0.02,Yes,Yes,No,,2500000000.0,0.5,missingData,missingData,Yes,Yes,missingData,Yes,missingData
0,Kartblock,KBT,,,,United Arab Emirates,29.0,15.0,3.6,Yes,No,missingData,0.15,Yes,Yes,Yes,23.0,,0.4,missingData,missingData,Yes,Yes,missingData,No,missingData
0,LeagiON,DAL,,,,USA,,,3.2,No,No,missingData,20.0,No,No,No,,60000000.0,0.6,missingData,missingData,Yes,Yes,missingData,No,missingData
0,LivingOffset,LOFF,,,,Ireland,30.0,14.0,3.1,Yes,No,missingData,0.2454288,Yes,Yes,No,12.0,,0.65,missingData,missingData,Yes,Yes,missingData,No,missingData
0,MEDIAR,MDR,,,,Cyprus,,,2.6,Yes,No,missingData,,Yes,Yes,Yes,16.0,210000000.0,0.5,missingData,missingData,Yes,No,missingData,No,missingData
0,Neuroseed,NSD,,,,Estonia,30.0,,3.2,Yes,No,missingData,0.04,No,Yes,Yes,10.0,1866912500.0,0.589,missingData,missingData,Yes,Yes,missingData,Yes,missingData
0,Nukleus,NUK,,,,USA,20.0,,3.2,Yes,No,missingData,0.000876,No,Yes,Yes,9.0,1400000000.0,0.7,missingData,missingData,Yes,Yes,missingData,Yes,missingData
0,PEP Network,PEP,,,,Cayman Islands,30.0,7.0,3.5,Yes,No,missingData,0.1,No,Yes,Yes,11.0,300000000.0,0.5,missingData,missingData,Yes,Yes,missingData,Yes,missingData
0,Platin,PTNX,,,,Gibraltar,34.0,,3.5,Yes,No,missingData,205.37,Yes,Yes,Yes,29.0,300000000.0,0.3,missingData,missingData,Yes,Yes,missingData,Yes,missingData
0,PO8,PO8,,,,Bahamas,120.0,,3.2,Yes,No,missingData,0.012,Yes,Yes,Yes,7.0,6000000000.0,,missingData,missingData,Yes,Yes,missingData,Yes,missingData
0,Quantor,QNT,,,,UK,,79.0,3.2,Yes,No,missingData,0.01,Yes,Yes,No,4.0,1970000000.0,,missingData,missingData,Yes,Yes,missingData,Yes,missingData
0,Reef,SQUID,,,,UK,,7.0,3.2,Yes,No,missingData,0.1905,No,Yes,No,6.0,60000000.0,0.6,missingData,missingData,Yes,Yes,missingData,Yes,missingData
0,RENC,RENC,,,,Singapore,,92.0,3.2,Yes,No,missingData,0.225,Yes,Yes,Yes,7.0,60000000.0,0.6,missingData,missingData,Yes,Yes,missingData,Yes,missingData
0,RewardsToken,RWRD,,,,USA,,,3.2,Yes,No,missingData,0.35,Yes,Yes,Yes,12.0,400000000.0,0.4,missingData,missingData,Yes,Yes,missingData,Yes,missingData
0,RootProject,ROOTS,,,,USA,,,3.7,Yes,No,missingData,0.011,No,No,No,2.0,2350000000.0,0.185,missingData,missingData,Yes,Yes,missingData,Yes,missingData
0,ShopperCoin,SCO,,,,Singapore,19.0,19.0,3.2,No,No,missingData,0.151621554,Yes,Yes,No,,150000000.0,0.5,missingData,missingData,Yes,Yes,missingData,Yes,missingData
0,Space.Cloud.Unit,SCU,,,,Germany,46.0,75.0,3.2,Yes,No,missingData,0.2292,No,No,Yes,13.0,78000000.0,0.52,missingData,missingData,Yes,Yes,missingData,Yes,missingData
0,Spheroid Universe,SPH,,,,Unknown,,,3.2,Yes,No,missingData,0.1,No,No,No,13.0,,,missingData,missingData,Yes,Yes,missingData,No,missingData
0,TIPO,TPO,,,,Vietnam,51.0,,3.3,Yes,No,missingData,0.0274,Yes,Yes,Yes,11.0,150000000.0,0.5,missingData,missingData,Yes,Yes,missingData,No,missingData
0,TradeRiser,XTI,,,,UK,,31.0,3.2,Yes,No,missingData,0.1,Yes,Yes,Yes,16.0,250000000.0,0.5,missingData,missingData,Yes,Yes,missingData,No,missingData
0,USDX Wallet,USDX,,,,Germany,,,3.2,No,No,missingData,1.0,No,No,Yes,7.0,500000000.0,0.05,missingData,missingData,Yes,Yes,missingData,Yes,missingData
0,UT-PAY,UTP,,,,UK,,31.0,3.5,Yes,No,missingData,0.1,Yes,No,Yes,,150000000.0,0.15,missingData,missingData,Yes,Yes,missingData,Yes,missingData
0,White Rabbit,WRT,,,,Norway,61.0,,3.4,Yes,No,missingData,0.13,Yes,Yes,No,11.0,,0.4,missingData,missingData,Yes,Yes,missingData,No,missingData
0,WiseWolf,WOLF,,,,USA,7.0,,3.2,Yes,No,missingData,0.1,No,Yes,No,10.0,1300000000.0,0.77,missingData,missingData,Yes,Yes,missingData,Yes,missingData
0,YourBlock,YBK,,,,Gibraltar,42.0,56.0,3.8,Yes,No,missingData,0.5,Yes,Yes,No,14.0,60000000.0,,missingData,missingData,Yes,Yes,missingData,Yes,missingData
0,ZAZA,ZAZA,,,,United Arab Emirates,60.0,138.0,3.6,Yes,No,missingData,0.07,Yes,Yes,Yes,,530000000.0,0.53,missingData,missingData,Yes,Yes,missingData,Yes,missingData
0,ZOM,ZOM,,,,Jamaica,0.0,33.0,3.2,Yes,No,missingData,0.1,No,Yes,Yes,7.0,32500000.0,0.85,missingData,missingData,Yes,Yes,missingData,No,missingData
0,Aexon,AXN,,,,Singapore,,,3.0,Yes,No,missingData,1.0,No,No,No,7.0,,0.8,missingData,missingData,Yes,Yes,missingData,Yes,missingData
0,Betoken,KRO,,,,France,129.0,,3.0,Yes,No,missingData,2.0,No,No,No,3.0,,,missingData,missingData,Yes,Yes,missingData,Yes,missingData
0,BlockClick,BLOK,,,,Australia,,,3.0,Yes,No,missingData,0.059,Yes,Yes,No,9.0,680000000.0,0.65,missingData,missingData,Yes,Yes,missingData,No,missingData
0,BlockStorage,BLOCK,,,,Brazil,,,3.0,Yes,No,missingData,,No,No,Yes,5.0,108000000.0,0.6,missingData,missingData,Yes,Yes,missingData,Yes,missingData
0,Cryptoknowmics,CKM,,,,UK,91.0,,3.0,Yes,No,missingData,0.0024,No,Yes,Yes,15.0,2500000000.0,0.010416667,missingData,missingData,Yes,Yes,missingData,No,missingData
0,eHealth First,EHF,,,,British Virgin Islands,31.0,,3.4,Yes,No,missingData,5.38643982,Yes,Yes,Yes,10.0,80000000.0,0.8,missingData,missingData,Yes,Yes,missingData,No,missingData
0,Emirex Token,EMRX,,,,Estonia,,,3.0,Yes,No,missingData,0.046,No,No,No,,275000000.0,0.55,missingData,missingData,Yes,No,missingData,No,missingData
0,Ether Legends,ELET,,,,USA,48.0,,2.5,Yes,No,missingData,0.936976013,No,No,Yes,2.0,35000000.0,0.7,missingData,missingData,Yes,Yes,missingData,Yes,missingData
0,Extra Credit,XTRA,,,,USA,28.0,31.0,3.1,Yes,No,missingData,0.1,No,No,No,,400000000.0,0.67,missingData,missingData,Yes,Yes,missingData,Yes,missingData
0,HASANAH,HASANAH (HUT),,,,Indonesia,13.0,,3.0,Yes,No,missingData,0.14,Yes,No,Yes,2.0,299000000.0,0.598,missingData,missingData,Yes,Yes,missingData,Yes,missingData
0,Hearo.fm,JAM,,,,USA,153.0,,3.0,No,No,missingData,,No,No,No,13.0,600000000.0,0.6,missingData,missingData,Yes,Yes,missingData,Yes,missingData
0,Hedera Hashgraph,,,,,USA,3.0,,3.5,No,No,missingData,0.12,No,No,No,,,,missingData,missingData,Yes,No,missingData,Yes,missingData
0,Influbook,BOOK,,,,France,,31.0,3.0,Yes,No,missingData,0.115,Yes,Yes,No,11.0,500000000.0,0.6,missingData,missingData,Yes,Yes,missingData,No,missingData
0,Innovasis Hotels,HCI,,,,Gibraltar,,,3.1,Yes,No,missingData,0.17,No,Yes,Yes,25.0,210000000.0,,missingData,missingData,Yes,Yes,missingData,No,missingData
0,IRIS,IRIS,,,,Singapore,30.0,,3.0,Yes,No,missingData,0.35,Yes,Yes,No,11.0,1200000000.0,0.6,missingData,missingData,Yes,Yes,missingData,Yes,missingData
0,ISDA,SDT,,,,South Korea,,104.0,3.0,Yes,No,missingData,0.04,Yes,Yes,No,9.0,750000000.0,0.15,missingData,missingData,Yes,No,missingData,No,missingData
0,JOLYY,JOY,,,,Bulgaria,14.0,,3.6,Yes,No,missingData,0.0278,Yes,Yes,No,7.0,350000000.0,0.5,missingData,missingData,Yes,Yes,missingData,No,missingData
0,Land LayBy Listing Project,HRBE,,,,Seychelles,,,3.0,Yes,No,missingData,0.7,Yes,Yes,No,29.0,500000000.0,0.3,missingData,missingData,Yes,No,missingData,Yes,missingData
0,LEVEL G,LEVELG,,,,Malaysia,,,3.0,No,No,missingData,0.115536,No,No,No,5.0,,,missingData,missingData,Yes,Yes,missingData,Yes,missingData
0,LogisticsX,PNP,,,,Singapore,47.0,,3.6,No,No,missingData,0.04,Yes,Yes,No,15.0,400000000.0,0.4,missingData,missingData,Yes,Yes,missingData,No,missingData
0,Lotus Core,Lotus (LTS),,,,Chile,31.0,,3.0,Yes,No,missingData,0.016,Yes,No,Yes,6.0,700000000.0,0.7,missingData,missingData,Yes,Yes,missingData,Yes,missingData
0,Matchroom,MRT,,,,Hong Kong,61.0,15.0,3.1,Yes,No,missingData,0.0144,No,No,Yes,9.0,500000000.0,0.5,missingData,missingData,Yes,Yes,missingData,No,missingData
0,MDsquare,TMED,,,,Singapore,,,3.0,Yes,No,missingData,,No,Yes,Yes,11.0,1200000000.0,0.3,missingData,missingData,Yes,Yes,missingData,No,missingData
0,MEDIA Protocol,MPT,,,,Gibraltar,,,3.0,Yes,No,missingData,,Yes,Yes,Yes,23.0,2600000000.0,0.26,missingData,missingData,Yes,Yes,missingData,Yes,missingData
0,nedscoin,NED,,,,Australia,92.0,,3.0,Yes,No,missingData,0.08,No,No,No,18.0,340000000.0,0.4867,missingData,missingData,Yes,Yes,missingData,No,missingData
0,Otcrit,,,,,Bulgaria,28.0,,3.2,Yes,No,missingData,0.156100204,Yes,No,Yes,12.0,83000000.0,0.83,missingData,missingData,Yes,Yes,missingData,Yes,missingData
0,Rate3,RTE,,,,San Marino,35.0,,3.4,Yes,No,missingData,0.0319,Yes,Yes,Yes,,400000000.0,0.4,missingData,missingData,Yes,Yes,missingData,Yes,missingData
0,Spectrum Network,SPEC Token,,,,Canada,21.0,,3.0,Yes,No,missingData,0.00548,Yes,No,Yes,6.0,,,missingData,missingData,Yes,Yes,missingData,Yes,missingData
0,Stackr,STKR,,,,Cayman Islands,45.0,,2.9,Yes,No,missingData,0.1,Yes,Yes,No,2.0,,0.65,missingData,missingData,Yes,Yes,missingData,No,missingData
0,Staps Platform,STB,,,,Switzerland,0.0,,3.0,No,No,missingData,0.2,No,No,Yes,2.0,6000000.0,0.005,missingData,missingData,Yes,Yes,missingData,No,missingData
0,Teky,TKC,,,,Seychelles,14.0,,2.4,Yes,No,missingData,0.25,No,No,No,21.0,,,missingData,missingData,Yes,Yes,missingData,Yes,missingData
0,Tiberius,TCX,,,,Switzerland,41.0,,3.0,Yes,No,missingData,0.7,Yes,Yes,Yes,15.0,,,missingData,missingData,Yes,Yes,missingData,Yes,missingData
0,TowerBee,TBE,,,,Estonia,,30.0,3.0,Yes,No,missingData,0.075,Yes,Yes,Yes,13.0,275000000.0,0.55,missingData,missingData,Yes,Yes,missingData,No,missingData
0,Twilight,TWC,,,,Japan,36.0,41.0,3.5,Yes,No,missingData,0.0429,No,Yes,Yes,6.0,500000000.0,0.5,missingData,missingData,Yes,Yes,missingData,No,missingData
0,UnbankedX,UBX,,,,Singapore,29.0,60.0,2.7,Yes,No,missingData,0.06,Yes,Yes,Yes,5.0,100000000.0,0.65,missingData,missingData,Yes,Yes,missingData,No,missingData
0,Universal Protocol,UPT,,,,Unknown,43.0,,3.1,Yes,No,missingData,0.01,No,No,No,,,,missingData,missingData,Yes,Yes,missingData,No,missingData
0,Universal Reward Protocol,URP,,,,France,,,3.7,Yes,No,missingData,,Yes,Yes,Yes,14.0,240000000.0,0.4,missingData,missingData,Yes,Yes,missingData,Yes,missingData
0,Vanta,VNT,,,,Hong Kong,,,3.5,Yes,No,missingData,0.0009,No,Yes,No,25.0,20000000000000.0,0.35,missingData,missingData,Yes,Yes,missingData,No,missingData
0,VARC,VARC,,,,South Korea,,,3.0,Yes,No,missingData,,No,No,No,,500000000.0,0.2,missingData,missingData,Yes,Yes,missingData,No,missingData
0,VNAME,NAME,,,,Uruguay,,,3.0,Yes,No,missingData,,No,No,Yes,7.0,186000000.0,0.62,missingData,missingData,Yes,Yes,missingData,Yes,missingData
0,WinStars,WINS,,,,Cyprus,,,2.4,Yes,No,missingData,0.2,No,No,Yes,8.0,103000000.0,0.69,missingData,missingData,Yes,Yes,missingData,No,missingData
0,XendBit,XTN,,,,UK,32.0,,3.0,Yes,No,missingData,0.2,Yes,Yes,Yes,15.0,100000000.0,0.5,missingData,missingData,Yes,Yes,missingData,Yes,missingData
0,ZNC,ZNC,,,,Nigeria,54.0,,3.0,Yes,No,missingData,0.04,No,Yes,Yes,3.0,14000000.0,0.7,missingData,missingData,Yes,Yes,missingData,No,missingData
0,7Seconds,CRET,,,,Seychelles,,,2.9,Yes,No,missingData,0.1,Yes,Yes,No,10.0,488800000.0,0.8,missingData,missingData,Yes,Yes,missingData,Yes,missingData
0,Advanced Browsing Token,ABT Token,,,,Spain,,,2.9,Yes,No,missingData,,No,No,No,16.0,250000000.0,,missingData,missingData,Yes,Yes,missingData,Yes,missingData
0,aelf,,,,,Singapore,12.0,,3.3,Yes,No,missingData,0.105688671,No,No,No,,,0.25,missingData,missingData,Yes,Yes,missingData,Yes,missingData
0,Airchain Network,ANK,,,,Poland,8.0,,2.9,Yes,No,missingData,0.007,Yes,No,No,2.0,500000000.0,0.5,missingData,missingData,Yes,Yes,missingData,Yes,missingData
0,AIRSTAYZ™,STAY,,,,Australia,,,3.1,Yes,No,missingData,0.3,Yes,Yes,No,,93000000.0,0.6,missingData,missingData,Yes,No,missingData,No,missingData
0,AllPublicArt,APA,,,,USA,,,2.9,Yes,No,missingData,0.075,No,No,Yes,17.0,,,missingData,missingData,Yes,Yes,missingData,No,missingData
0,ArchiCoin,ARCHI,,,,Russia,62.0,30.0,2.9,Yes,No,missingData,0.02,No,No,No,10.0,1320000000.0,0.97,missingData,missingData,Yes,Yes,missingData,No,missingData
0,Arianee,ARIA,,,,France,,,2.9,Yes,No,missingData,,No,Yes,No,27.0,,,missingData,missingData,Yes,Yes,missingData,No,missingData
0,Armchain,,,,,British Virgin Islands,,,2.9,Yes,No,missingData,0.01,Yes,No,No,11.0,1200000000.0,0.6,missingData,missingData,Yes,No,missingData,No,missingData
0,Asia Reserve Currency Coin,ARCC,,,,Singapore,,,2.9,Yes,No,missingData,0.016,No,No,Yes,,,,missingData,missingData,Yes,Yes,missingData,No,missingData
0,BancCoin,BCCN,,,,USA,303.0,53.0,2.9,Yes,No,missingData,5.0,No,Yes,No,,500000000.0,0.4,missingData,missingData,Yes,Yes,missingData,No,missingData
0,Bezant,BZNT,,,,Singapore,8.0,,3.0,Yes,No,missingData,0.1,Yes,Yes,No,27.0,500000000.0,0.5,missingData,missingData,Yes,Yes,missingData,No,missingData
0,Bitcub,BCU,,,,Ireland,93.0,,2.9,Yes,No,missingData,4.36009003,No,No,No,7.0,350000000.0,0.7,missingData,missingData,Yes,Yes,missingData,No,missingData
0,Bitney,BTNY,,,,Malaysia,14.0,,2.9,Yes,No,missingData,0.3,No,Yes,Yes,,,0.5,missingData,missingData,Yes,Yes,missingData,Yes,missingData
0,Blocnation,BNTN,,,,Philippines,,,2.9,No,No,missingData,0.1625,No,No,Yes,4.0,200000000.0,0.4,missingData,missingData,Yes,Yes,missingData,No,missingData
0,BUFF,BUFF,,,,Gibraltar,,,2.9,Yes,No,missingData,0.5,Yes,Yes,Yes,24.0,,,missingData,missingData,Yes,Yes,missingData,Yes,missingData
0,CoinFast,CFS,,,,Turkey,30.0,60.0,2.9,Yes,No,missingData,0.14,Yes,No,Yes,,70000000.0,0.57,missingData,missingData,Yes,Yes,missingData,Yes,missingData
0,Cornucopia.io,HORN,,,,British Virgin Islands,31.0,,3.4,Yes,No,missingData,0.1,No,No,Yes,10.0,200000000.0,0.8,missingData,missingData,Yes,Yes,missingData,No,missingData
0,Craider,RAID,,,,Switzerland,,,2.9,Yes,No,missingData,0.05,No,Yes,No,14.0,990000000.0,0.66,missingData,missingData,Yes,Yes,missingData,No,missingData
0,Creator.ai,CR8,,,,Cayman Islands,59.0,,2.9,Yes,No,missingData,0.06,Yes,Yes,Yes,9.0,350000000.0,0.35,missingData,missingData,Yes,Yes,missingData,No,missingData
0,CrossHedge,XML,,,,France,31.0,,2.9,No,No,missingData,0.25,No,Yes,No,14.0,550000000.0,0.55,missingData,missingData,Yes,Yes,missingData,No,missingData
0,CRYX,CCX,,,,UK,7.0,,2.9,Yes,No,missingData,0.398526001,No,No,No,12.0,39200000.0,0.98,missingData,missingData,Yes,Yes,missingData,Yes,missingData
0,Dash,,,,,Unknown,,,3.4,Yes,No,missingData,,No,No,No,,,,missingData,missingData,Yes,No,missingData,Yes,missingData
0,DREAM,DREAM,,,,Gibraltar,28.0,7.0,3.3,Yes,No,missingData,0.05,Yes,Yes,Yes,,500000000.0,0.5,missingData,missingData,Yes,Yes,missingData,Yes,missingData
0,eSports,ESE,,,,Singapore,,,2.9,No,No,missingData,0.0039,Yes,Yes,Yes,4.0,6330000000.0,0.633,missingData,missingData,Yes,Yes,missingData,No,missingData
0,Esprezzo,EZPZ,,,,USA,,,2.9,Yes,No,missingData,,No,No,No,14.0,5000000000.0,0.3,missingData,missingData,Yes,Yes,missingData,Yes,missingData
0,Find.Exchange,FEX,,,,UK,30.0,14.0,2.9,Yes,No,missingData,0.4,Yes,Yes,Yes,14.0,112500000.0,0.56,missingData,missingData,Yes,Yes,missingData,No,missingData
0,GameReward,GRD,,,,Singapore,,,2.5,Yes,No,missingData,,No,Yes,No,2.0,600000000.0,,missingData,missingData,Yes,Yes,missingData,Yes,missingData
0,GFC,GFC,,,,Greece,301.0,,2.9,Yes,No,missingData,0.2134,No,No,Yes,14.0,50000000.0,,missingData,missingData,Yes,Yes,missingData,Yes,missingData
0,GoneTrippin,GT,,,,USA,,122.0,2.9,Yes,No,missingData,,No,No,No,29.0,2000000000.0,0.2,missingData,missingData,Yes,Yes,missingData,Yes,missingData
0,HAB,HAB,,,,France,31.0,,2.9,Yes,No,missingData,0.005,No,Yes,No,12.0,8000000000.0,0.51,missingData,missingData,Yes,Yes,missingData,Yes,missingData
0,Invictus Margin Lending,Invictus Margin Lending,,,,South Africa,,,2.9,Yes,No,missingData,,No,Yes,No,,,,missingData,missingData,Yes,Yes,missingData,Yes,missingData
0,IoTeX,IOTX,,,,USA,,,3.9,Yes,No,missingData,0.0115,Yes,No,Yes,,2400000000.0,0.24,missingData,missingData,Yes,Yes,missingData,No,missingData
0,Kinguin.io,,,,,Estonia,,,2.9,Yes,No,missingData,,No,Yes,No,1.0,,0.3,missingData,missingData,Yes,No,missingData,No,missingData
0,KloowayBet,KLWS,,,,Malta,,,2.9,Yes,No,missingData,0.08,No,Yes,No,9.0,700000000.0,0.7,missingData,missingData,Yes,Yes,missingData,No,missingData
0,Knabu,KBU,,,,UK,,100.0,2.9,Yes,No,missingData,,Yes,Yes,Yes,8.0,750000000.0,0.75,missingData,missingData,Yes,Yes,missingData,No,missingData
0,KStarCoin,KSC,,,,South Korea,,,2.9,Yes,No,missingData,0.05,No,Yes,Yes,,450000000.0,0.7,missingData,missingData,Yes,Yes,missingData,No,missingData
0,LCG Energy,LCG,,,,Germany,60.0,59.0,2.9,Yes,No,missingData,0.1099723,Yes,Yes,No,7.0,1750000000.0,0.7,missingData,missingData,Yes,Yes,missingData,No,missingData
0,LendLedger,LOAN,,,,Singapore,,,2.9,No,No,missingData,0.05,No,Yes,Yes,8.0,450000000.0,0.45,missingData,missingData,Yes,Yes,missingData,Yes,missingData
0,LILI,LIL,,,,France,,,2.9,Yes,No,missingData,0.60214,No,No,No,13.0,25200000.0,0.7,missingData,missingData,Yes,Yes,missingData,No,missingData
0,Lisk,LSK,,,,Switzerland,0.0,,3.3,Yes,No,missingData,,No,No,No,27.0,,,missingData,missingData,Yes,No,missingData,Yes,missingData
0,LiTeum,LTMF,,,,Czech Republic,,19.0,2.9,Yes,No,missingData,0.001,No,No,Yes,14.0,52000000000.0,0.52,missingData,missingData,Yes,Yes,missingData,No,missingData
0,Mainprise,BAIL,,,,USA,,,2.9,No,No,missingData,0.1,Yes,Yes,No,12.0,187500000.0,0.75,missingData,missingData,Yes,Yes,missingData,Yes,missingData
0,Marlin Protocol,LIN,,,,Cayman Islands,43.0,,3.4,Yes,No,missingData,,Yes,Yes,No,11.0,1200000000.0,0.3,missingData,missingData,Yes,Yes,missingData,No,missingData
0,Measurable Data Token,MDT,,,,Singapore,30.0,,2.9,Yes,No,missingData,0.0667,No,No,No,,,,missingData,missingData,Yes,Yes,missingData,Yes,missingData
0,Monico,MONI,,,,USA,,,2.9,Yes,No,missingData,,No,No,No,5.0,50000000.0,0.5,missingData,missingData,Yes,Yes,missingData,Yes,missingData
0,Movement App,MOVE,,,,USA,5.0,,2.9,Yes,No,missingData,1.358,No,No,No,4.0,3072000.0,,missingData,missingData,Yes,Yes,missingData,Yes,missingData
0,Netspot Solutions,NETT,,,,Singapore,55.0,,2.9,Yes,No,missingData,0.25,Yes,Yes,Yes,7.0,304350000.0,0.165,missingData,missingData,Yes,Yes,missingData,No,missingData
0,NXAD,NXA,,,,Germany,,,2.9,No,No,missingData,,No,No,Yes,15.0,1560000000.0,0.6,missingData,missingData,Yes,Yes,missingData,Yes,missingData
0,NYNJA,NYN,,,,Hong Kong,31.0,121.0,3.5,Yes,No,missingData,125.0,No,No,Yes,10.0,2250000000.0,0.45,missingData,missingData,Yes,Yes,missingData,Yes,missingData
0,OBSERVER,OBSR,,,,Estonia,21.0,21.0,2.9,Yes,No,missingData,0.00477,No,No,No,,4000000000.0,0.4,missingData,missingData,Yes,Yes,missingData,No,missingData
0,Omnilytics Platform,OMN,,,,Singapore,,91.0,2.9,No,No,missingData,,Yes,Yes,No,17.0,400000000.0,0.4,missingData,missingData,Yes,Yes,missingData,Yes,missingData
0,Ontology,ONT,,,,Singapore,85.0,,3.9,Yes,No,missingData,0.2,No,No,No,,,,missingData,missingData,Yes,No,missingData,Yes,missingData
0,Open Longevity,YEAR,,,,Russia,61.0,,2.5,Yes,No,missingData,0.1,No,No,No,13.0,,0.5,missingData,missingData,Yes,Yes,missingData,Yes,missingData
0,Opporty,OPP,,,,USA,35.0,,3.7,Yes,No,missingData,0.0941,Yes,Yes,Yes,23.0,1000000000.0,0.4,missingData,missingData,Yes,Yes,missingData,Yes,missingData
0,ORCA Alliance,ORCA,,,,Estonia,,,2.9,Yes,No,missingData,0.06,No,No,No,37.0,193200000.0,0.42,missingData,missingData,Yes,Yes,missingData,No,missingData
0,Powerchain,PCX,,,,Singapore,,,2.9,Yes,No,missingData,,No,Yes,Yes,11.0,6500000000.0,0.65,missingData,missingData,Yes,Yes,missingData,No,missingData
0,PreVUE,SDA,,,,USA,129.0,,2.9,Yes,No,missingData,0.15,Yes,Yes,No,,304000000.0,0.76,missingData,missingData,Yes,Yes,missingData,No,missingData
0,ReMoneta,Various,,,,Estonia,99.0,,3.3,No,No,missingData,0.0001,Yes,Yes,No,10.0,,0.91,missingData,missingData,Yes,Yes,missingData,Yes,missingData
0,REPU,REPU,,,,Ukraine,,,3.6,Yes,No,missingData,0.16,Yes,No,Yes,24.0,187500000.0,0.8,missingData,missingData,Yes,Yes,missingData,Yes,missingData
0,ShareMe Music,SMM,,,,USA,,,2.9,Yes,No,missingData,0.15,No,No,No,1.0,68250000.0,,missingData,missingData,Yes,Yes,missingData,No,missingData
0,Signature Token,SIGN,,,,Austria,56.0,30.0,2.9,No,No,missingData,0.00149,No,Yes,No,6.0,5500000000.0,0.56,missingData,missingData,Yes,Yes,missingData,Yes,missingData
0,SNTX IEO,Sntx,,,,Malta,,,2.7,Yes,No,missingData,0.015,No,Yes,Yes,7.0,340000000.0,0.5,missingData,missingData,Yes,No,missingData,No,missingData
0,Solomonstouch,MIL,,,,USA,0.0,,2.9,No,No,missingData,0.0025,Yes,Yes,No,9.0,19500000000.0,0.49,missingData,missingData,Yes,Yes,missingData,Yes,missingData
0,Swap Online,SWAP,,,,Estonia,,,2.9,Yes,No,missingData,1.0,No,Yes,No,,,,missingData,missingData,Yes,Yes,missingData,Yes,missingData
0,Tenzorum,TENZ,,,,Unknown,,,3.0,Yes,No,missingData,0.023,Yes,Yes,No,16.0,,0.45,missingData,missingData,Yes,Yes,missingData,Yes,missingData
0,Tombcare,CARE,,,,Russia,,,2.9,Yes,No,missingData,0.05,No,No,No,,,,missingData,missingData,Yes,Yes,missingData,No,missingData
0,Truegym,TGC Token,,,,Czech Republic,136.0,,2.9,Yes,No,missingData,0.06,No,Yes,No,10.0,976000000.0,0.6,missingData,missingData,Yes,Yes,missingData,No,missingData
0,UMC,UMCC,,,,Unknown,,,2.9,Yes,No,missingData,0.1019,No,No,No,,,,missingData,missingData,Yes,Yes,missingData,No,missingData
0,UnicornGo,CANDY,,,,Unknown,33.0,,2.9,Yes,No,missingData,1.5828,No,No,No,8.0,4000000.0,,missingData,missingData,Yes,Yes,missingData,Yes,missingData
0,Universal Labs,YOU,,,,Hong Kong,30.0,,2.9,Yes,No,missingData,0.00872,Yes,Yes,No,,4000000000.0,0.4,missingData,missingData,Yes,Yes,missingData,Yes,missingData
0,WAX,WAX,,,,Unknown,14.0,,2.9,Yes,No,missingData,0.222237997,No,No,No,,64750000.0,0.35,missingData,missingData,Yes,Yes,missingData,No,missingData
0,WeAre ecosystem,WAE,,,,Russia,,62.0,3.4,No,No,missingData,4.0,No,No,No,2.0,,0.7,missingData,missingData,Yes,Yes,missingData,Yes,missingData
0,WILLTOKEN,WILL,,,,Singapore,,,2.9,Yes,No,missingData,0.1,No,No,Yes,11.0,250000000.0,0.5,missingData,missingData,Yes,Yes,missingData,No,missingData
0,Xsure,XSR,,,,UK,,,2.9,Yes,No,missingData,,Yes,Yes,No,14.0,90000000.0,,missingData,missingData,Yes,Yes,missingData,Yes,missingData
0,A7 Core,ASVN,,,,USA,,,2.8,Yes,No,missingData,0.175,No,No,Yes,12.0,252777778.0,0.253,missingData,missingData,Yes,Yes,missingData,No,missingData
0,AdRealm,ARM,,,,China,,,2.8,Yes,No,missingData,1.0,No,No,Yes,13.0,10000000000.0,0.3,missingData,missingData,Yes,Yes,missingData,Yes,missingData
0,AllSpark,ASK,,,,Singapore,23.0,,2.8,Yes,No,missingData,0.150282829,Yes,Yes,No,5.0,120000000.0,0.4,missingData,missingData,Yes,Yes,missingData,Yes,missingData
0,Alluma.io,LUMA,,,,Singapore,46.0,,3.5,Yes,No,missingData,0.05,Yes,No,Yes,27.0,240000000.0,0.48,missingData,missingData,Yes,Yes,missingData,Yes,missingData
0,Alphacat,ACAT,,,,China,0.0,,2.8,Yes,No,missingData,,No,No,No,8.0,2500000000.0,0.4,missingData,missingData,Yes,Yes,missingData,No,missingData
0,Americans Bitcoin,AMEC,,,,Brazil,,,2.8,Yes,No,missingData,,No,No,No,9.0,280000000.0,0.7,missingData,missingData,Yes,Yes,missingData,Yes,missingData
0,Apollonia,APOLLO,,,,UK,,,2.8,Yes,No,missingData,0.03,No,No,Yes,4.0,,,missingData,missingData,Yes,Yes,missingData,Yes,missingData
0,ARCH CRYPTON,ARCG,,,,Indonesia,,,2.8,Yes,No,missingData,,No,No,No,14.0,20000000.0,0.41,missingData,missingData,Yes,No,missingData,No,missingData
0,Arena Space,ARenaCoin,,,,Russia,,,2.8,Yes,No,missingData,,No,No,No,11.0,25100000.0,0.63,missingData,missingData,Yes,Yes,missingData,No,missingData
0,Atlas Network,ATLS,,,,Singapore,,,2.8,Yes,No,missingData,,Yes,Yes,No,11.0,,0.35,missingData,missingData,Yes,Yes,missingData,No,missingData
0,autorize,ATR,,,,Slovenia,1.0,,3.4,Yes,No,missingData,0.15,Yes,Yes,No,24.0,120000000.0,0.33,missingData,missingData,Yes,Yes,missingData,No,missingData
0,Baltic.fund,BALT,,,,Lithuania,14.0,,3.0,Yes,No,missingData,0.235966248,No,Yes,Yes,14.0,150000000.0,,missingData,missingData,Yes,Yes,missingData,No,missingData
0,betbox,OX,,,,Gibraltar,14.0,41.0,3.8,Yes,No,missingData,0.0857,Yes,Yes,Yes,,80000000.0,0.8,missingData,missingData,Yes,Yes,missingData,Yes,missingData
0,Beyond Seen Screen,,,,,Croatia,,,3.0,Yes,No,missingData,,Yes,Yes,Yes,3.0,348000000.0,0.4,missingData,missingData,Yes,Yes,missingData,No,missingData
0,BINKD,BINK,,,,USA,60.0,,3.2,Yes,No,missingData,0.1,Yes,Yes,No,6.0,250000.0,0.4,missingData,missingData,Yes,Yes,missingData,Yes,missingData
0,BitPlay,BTP,,,,Ireland,43.0,,2.7,Yes,No,missingData,0.227764197,Yes,Yes,Yes,7.0,700000000.0,0.7,missingData,missingData,Yes,Yes,missingData,No,missingData
0,Bridge Protocol,TOLL,,,,USA,6.0,,2.8,No,No,missingData,0.05,No,No,No,9.0,,,missingData,missingData,Yes,Yes,missingData,No,missingData
0,Brixby,BRICK,,,,Russia,,,2.8,Yes,No,missingData,0.81,No,No,No,9.0,110966480.0,,missingData,missingData,Yes,Yes,missingData,No,missingData
0,Bubbled,BBL,,,,UK,,,2.8,Yes,No,missingData,,No,No,Yes,20.0,220000000.0,0.46,missingData,missingData,Yes,Yes,missingData,Yes,missingData
0,BurstIQ,BIQ,,,,USA,,,2.8,Yes,No,missingData,0.12,No,No,Yes,,700000000.0,0.7,missingData,missingData,Yes,Yes,missingData,No,missingData
0,Chozun,CZN,,,,Australia,,31.0,2.8,Yes,No,missingData,0.6,Yes,Yes,No,12.0,50000000.0,0.5,missingData,missingData,Yes,Yes,missingData,No,missingData
0,ClinTex,CLX,,,,Malta,90.0,,3.0,Yes,No,missingData,0.1,Yes,Yes,No,14.0,,0.5,missingData,missingData,Yes,Yes,missingData,No,missingData
0,Co-DEX Exchange,COD1,,,,Italy,,,4.0,Yes,No,missingData,0.05,No,No,Yes,9.0,100000000.0,0.4,missingData,missingData,Yes,Yes,missingData,No,missingData
0,CobitCoin,CBC,,,,Unknown,,,2.8,Yes,No,missingData,0.05,No,No,No,,750000000.0,0.55,missingData,missingData,Yes,Yes,missingData,Yes,missingData
0,CODSET,CDS,,,,South Korea,,,2.8,Yes,No,missingData,0.02,No,No,No,,900000000.0,0.3,missingData,missingData,Yes,Yes,missingData,No,missingData
0,Colendi,,,,,Russia,,,2.8,Yes,No,missingData,,No,No,Yes,27.0,,,missingData,missingData,Yes,No,missingData,Yes,missingData
0,Constellation,,,,,USA,,,2.8,Yes,No,missingData,0.0327,Yes,Yes,No,24.0,,,missingData,missingData,Yes,No,missingData,Yes,missingData
0,Cpay,cPay,,,,Spain,,,2.8,Yes,No,missingData,,No,No,Yes,13.0,29000000.0,0.1,missingData,missingData,Yes,Yes,missingData,No,missingData
0,Desto,DEO,,,,USA,122.0,,2.8,No,No,missingData,0.9,No,Yes,No,6.0,199740000.0,0.6658,missingData,missingData,Yes,Yes,missingData,No,missingData
0,Diveco Logistics,XDIV,,,,Poland,30.0,,2.8,Yes,No,missingData,0.04,No,No,Yes,3.0,146750000.0,0.73,missingData,missingData,Yes,Yes,missingData,No,missingData
0,Doctor Smart,DSTT,,,,Cayman Islands,75.0,28.0,2.8,Yes,No,missingData,0.707049988,No,Yes,Yes,10.0,,0.57,missingData,missingData,Yes,Yes,missingData,No,missingData
0,EdenChain,EDN,,,,South Korea,1.0,61.0,4.2,Yes,No,missingData,0.06,Yes,Yes,Yes,18.0,400000000.0,0.4,missingData,missingData,Yes,Yes,missingData,No,missingData
0,Elige.re,ELG,,,,Russia,,30.0,2.8,Yes,No,missingData,1.875,No,No,No,2.0,120000000.0,0.6,missingData,missingData,Yes,Yes,missingData,No,missingData
0,Equibit Group,EQB,,,,Switzerland,30.0,,2.8,No,No,missingData,10.0,No,Yes,No,9.0,400000.0,0.305,missingData,missingData,Yes,Yes,missingData,Yes,missingData
0,Eso,ESOS,,,,Australia,,49.0,2.8,Yes,No,missingData,0.15,No,Yes,Yes,7.0,49000000.0,0.7,missingData,missingData,Yes,Yes,missingData,No,missingData
0,EVA,EVA,,,,Switzerland,13.0,,2.8,Yes,No,missingData,0.0422,No,Yes,No,17.0,,0.5,missingData,missingData,Yes,Yes,missingData,No,missingData
0,FintechFans,FINC,,,,Netherlands,21.0,63.0,3.0,Yes,No,missingData,1.58,No,No,No,14.0,,0.65,missingData,missingData,Yes,Yes,missingData,No,missingData
0,ALMBank,AALM,,,,Saint Lucia,30.0,16.0,3.1,Yes,Yes,Utility,0.4439,No,No,No,17.0,,,No,Yes,Yes,Yes,Yes,No,Yes
0,GameChain,GCC token,,,,Isle of Man,13.0,,2.8,Yes,No,missingData,0.0144,Yes,Yes,No,8.0,6800000000.0,0.68,missingData,missingData,Yes,Yes,missingData,No,missingData
0,Global Metrology Project,GMP,,,,Russia,77.0,,2.8,Yes,No,missingData,0.45,No,No,No,,250000000.0,,missingData,missingData,Yes,Yes,missingData,No,missingData
0,Gluon,GLU,,,,USA,,,2.9,No,No,missingData,0.1,Yes,Yes,No,18.0,450000000.0,0.643,missingData,missingData,Yes,Yes,missingData,No,missingData
0,Gooruf,GUR,,,,Hong Kong,,,2.8,Yes,No,missingData,0.01,Yes,Yes,No,6.0,6000000000.0,0.6,missingData,missingData,Yes,Yes,missingData,No,missingData
0,Helix,mHLX,,,,Germany,,,3.0,No,No,missingData,,No,Yes,No,23.0,515099207.0,0.12,missingData,missingData,Yes,Yes,missingData,Yes,missingData
0,HumanAI,HAI,,,,Switzerland,,,2.8,Yes,No,missingData,0.05,No,Yes,No,11.0,400000000.0,0.4,missingData,missingData,Yes,Yes,missingData,No,missingData
0,Ink Labs Foundation,INK,,,,UK,61.0,,3.0,Yes,No,missingData,0.4,No,No,No,,500000000.0,0.5,missingData,missingData,Yes,Yes,missingData,No,missingData
0,InterFinex,ITT,,,,Estonia,47.0,,2.8,Yes,No,missingData,0.1,Yes,Yes,No,9.0,370000000.0,0.74,missingData,missingData,Yes,Yes,missingData,No,missingData
0,jNet1,jNetCoin,,,,Russia,,,2.6,No,No,missingData,,No,No,No,1.0,10000000.0,,missingData,missingData,Yes,Yes,missingData,No,missingData
0,LenusChain,BPM,,,,Switzerland,42.0,,2.9,Yes,No,missingData,0.04,No,No,No,11.0,,,missingData,missingData,Yes,Yes,missingData,Yes,missingData
0,Let It Play,PLAY,,,,Bulgaria,58.0,,2.8,Yes,No,missingData,0.0381,Yes,Yes,No,10.0,600000000.0,0.6,missingData,missingData,Yes,Yes,missingData,Yes,missingData
0,LucidExchange,TRDx,,,,USA,,,3.0,Yes,No,missingData,6.0,No,No,No,10.0,6000000.0,0.12,missingData,missingData,Yes,Yes,missingData,No,missingData
0,MeFy,MEFY,,,,Australia,,,2.8,Yes,No,missingData,0.3,No,No,Yes,12.0,175600000.0,0.8775,missingData,missingData,Yes,Yes,missingData,No,missingData
0,Mindfire,MFT,,,,Switzerland,0.0,,2.8,Yes,No,missingData,0.0496,No,Yes,No,18.0,800000000.0,0.5,missingData,missingData,Yes,Yes,missingData,No,missingData
0,Moonlight,LX,,,,Singapore,,,3.2,No,No,missingData,0.0094,Yes,Yes,No,7.0,500000000.0,0.5,missingData,missingData,Yes,Yes,missingData,No,missingData
0,MyTrackNet,MTN,,,,Greece,,48.0,2.9,No,No,missingData,0.054,No,No,No,4.0,11000000.0,0.11,missingData,missingData,Yes,Yes,missingData,No,missingData
0,Newcater,CATER,,,,Singapore,,,2.8,Yes,No,missingData,,No,No,Yes,30.0,102000000.0,0.51,missingData,missingData,Yes,Yes,missingData,No,missingData
0,Olyseum,OLY,,,,Switzerland,,,2.8,Yes,No,missingData,,No,No,No,9.0,2000000000.0,0.4,missingData,missingData,Yes,Yes,missingData,No,missingData
0,Pharmeum,PHRM,,,,UK,,,2.8,Yes,No,missingData,0.3,No,No,Yes,6.0,412500000.0,0.55,missingData,missingData,Yes,No,missingData,No,missingData
0,Pixel Charity,PXLT,,,,Kazakhstan,,,2.8,Yes,No,missingData,1.0,No,No,No,11.0,,0.75,missingData,missingData,Yes,Yes,missingData,No,missingData
0,Project WITH,WIKEN,,,,South Korea,,,2.8,Yes,No,missingData,0.01,No,No,Yes,4.0,480000000.0,0.4,missingData,missingData,Yes,Yes,missingData,No,missingData
0,Prosume Energy,PEF,,,,Italy,61.0,,2.7,Yes,No,missingData,2.1,No,No,No,17.0,,,missingData,missingData,Yes,Yes,missingData,No,missingData
0,Qatar,QTA,,,,Afghanistan,33.0,,2.8,Yes,No,missingData,0.882726983,No,No,No,,55000000.0,0.15,missingData,missingData,Yes,Yes,missingData,Yes,missingData
0,Quarteria,PROQ,,,,Switzerland,,,2.8,No,No,missingData,,No,No,Yes,16.0,73500000.0,0.735,missingData,missingData,Yes,Yes,missingData,No,missingData
0,RAD Lending,RAD,,,,USA,,,2.8,Yes,No,missingData,4.0,Yes,Yes,Yes,11.0,,0.3,missingData,missingData,Yes,Yes,missingData,No,missingData
0,Robotar,TAR,,,,Russia,6.0,,2.8,Yes,No,missingData,0.518890991,No,No,No,,,0.5,missingData,missingData,Yes,Yes,missingData,No,missingData
0,SEN,SNC,,,,Vietnam,,,2.8,No,No,missingData,0.05,No,Yes,No,7.0,4950000000.0,0.3,missingData,missingData,Yes,Yes,missingData,Yes,missingData
0,Smarts,SMT,,,,Estonia,91.0,,2.8,Yes,No,missingData,0.1162,Yes,Yes,Yes,,,,missingData,missingData,Yes,Yes,missingData,No,missingData
0,SocialPolis,SPL,,,,Greece,,89.0,2.6,Yes,No,missingData,1.25,No,No,No,13.0,160000000.0,0.8,missingData,missingData,Yes,Yes,missingData,Yes,missingData
0,SprinkleCoin,SCOI,,,,Georgia,30.0,,2.8,Yes,No,missingData,0.6,No,No,No,18.0,350000000.0,1.0,missingData,missingData,Yes,Yes,missingData,No,missingData
0,TeamMate,TMT,,,,USA,,19.0,3.2,Yes,No,missingData,0.0417,Yes,Yes,Yes,13.0,500000000.0,0.5,missingData,missingData,Yes,Yes,missingData,Yes,missingData
0,The Power,SK,,,,Estonia,,,2.8,No,No,missingData,0.01,Yes,Yes,Yes,17.0,3000000000.0,,missingData,missingData,Yes,No,missingData,Yes,missingData
0,The Token Fund,TKN,,,,Russia,,,3.0,Yes,No,missingData,47.09,No,No,No,4.0,,,missingData,missingData,Yes,Yes,missingData,Yes,missingData
0,Ulticoin,ULTI,,,,Serbia,234.0,,3.7,Yes,No,missingData,0.24,No,Yes,No,8.0,168750000.0,0.75,missingData,missingData,Yes,Yes,missingData,No,missingData
0,Ultrain,UGAS,,,,China,,,3.7,Yes,No,missingData,0.2,Yes,Yes,No,27.0,500000000.0,0.5,missingData,missingData,Yes,Yes,missingData,Yes,missingData
0,Ultrix,ULX,,,,Singapore,,,2.1,Yes,No,missingData,,No,No,Yes,,125000000.0,0.5,missingData,missingData,Yes,Yes,missingData,Yes,missingData
0,Uulala,UULA,,,,USA,30.0,,2.8,No,No,missingData,0.28,No,Yes,No,17.0,,0.5,missingData,missingData,Yes,Yes,missingData,No,missingData
0,ValPromise,VPP,,,,Singapore,15.0,,2.8,Yes,No,missingData,0.0083,Yes,Yes,No,,750000000.0,0.15,missingData,missingData,Yes,Yes,missingData,Yes,missingData
0,Vivid,VIVID,,,,Singapore,52.0,,3.1,Yes,No,missingData,0.0729,Yes,Yes,Yes,,106700000.0,0.762,missingData,missingData,Yes,Yes,missingData,Yes,missingData
0,VoxelX,GRAY,,,,Turkey,51.0,,2.8,Yes,No,missingData,0.002,Yes,Yes,Yes,3.0,4500000000.0,0.45,missingData,missingData,Yes,Yes,missingData,No,missingData
0,World Family Coin,WFC,,,,Italy,,,3.5,Yes,No,missingData,0.025,No,No,No,10.0,489000000.0,0.43,missingData,missingData,Yes,Yes,missingData,Yes,missingData
0,Xenio,XNO,,,,Unknown,,,2.8,Yes,No,missingData,3.25,No,No,No,3.0,60000000.0,0.8571,missingData,missingData,Yes,Yes,missingData,Yes,missingData
0,Yezcoin,YEZ,,,,Singapore,91.0,29.0,2.7,No,No,missingData,0.2,Yes,Yes,No,18.0,400000000.0,0.4,missingData,missingData,Yes,Yes,missingData,Yes,missingData
0,Zonafide,TOG,,,,UK,14.0,,2.7,Yes,No,missingData,0.25,No,No,No,9.0,150000000.0,0.75,missingData,missingData,Yes,Yes,missingData,Yes,missingData
0,AffiliateCoin,AFL,,,,UK,40.0,,2.7,Yes,No,missingData,0.173741394,Yes,No,No,13.0,,0.6,missingData,missingData,Yes,Yes,missingData,Yes,missingData
0,Aimedis,AIM,,,,Netherlands,,,3.5,Yes,No,missingData,0.12,Yes,Yes,No,9.0,300000000.0,0.5,missingData,missingData,Yes,Yes,missingData,No,missingData
0,Aixeus,XAI,,,,Switzerland,,279.0,2.7,No,No,missingData,0.8,Yes,Yes,Yes,15.0,4444444444.0,0.5,missingData,missingData,Yes,Yes,missingData,Yes,missingData
0,AntiqMall,AMT,,,,Russia,47.0,,2.8,Yes,No,missingData,0.45,No,No,No,2.0,6000000.0,0.8,missingData,missingData,Yes,Yes,missingData,No,missingData
0,BitStump,BITS,,,,Australia,,,2.7,Yes,No,missingData,0.2,No,No,No,6.0,,,missingData,missingData,Yes,Yes,missingData,No,missingData
0,Block Sports,BSX,,,,Macedonia,30.0,,2.7,No,No,missingData,0.5,Yes,Yes,No,5.0,10000000.0,,missingData,missingData,Yes,Yes,missingData,Yes,missingData
0,Blocknubie,NUB,,,,Ireland,14.0,25.0,2.4,Yes,No,missingData,0.113864572,Yes,Yes,No,13.0,,,missingData,missingData,Yes,Yes,missingData,No,missingData
0,Bonum,BFT,,,,Gibraltar,12.0,,2.7,Yes,No,missingData,1.0,Yes,Yes,Yes,18.0,30000000000000.0,0.53,missingData,missingData,Yes,Yes,missingData,Yes,missingData
0,Bright Network,Bright,,,,UK,27.0,,3.3,Yes,No,missingData,0.01,Yes,Yes,Yes,,2500000000.0,0.5,missingData,missingData,Yes,Yes,missingData,No,missingData
0,BWEX,BWC,,,,Hong Kong,,,2.7,Yes,No,missingData,1.0,No,No,Yes,8.0,18750000.0,0.75,missingData,missingData,Yes,Yes,missingData,Yes,missingData
0,Byte Global,BYGB,,,,India,,,2.7,Yes,No,missingData,,No,No,Yes,4.0,31108000.0,0.47,missingData,missingData,Yes,Yes,missingData,No,missingData
0,Carnomic,CNM,,,,Liechtenstein,,20.0,2.7,Yes,No,missingData,0.1,No,No,No,3.0,72000000.0,0.72,missingData,missingData,Yes,Yes,missingData,No,missingData
0,ChanJinn,UMO,,,,Ukraine,,,2.7,Yes,No,missingData,0.05,Yes,Yes,No,14.0,,,missingData,missingData,Yes,Yes,missingData,No,missingData
0,Crimzon,CRZ,,,,USA,,,2.7,Yes,No,missingData,0.03,No,No,No,4.0,456000000.0,0.6,missingData,missingData,Yes,Yes,missingData,No,missingData
0,CrypticCoin,CrypticCoin,,,,Marshall Islands,25.0,,2.7,No,No,missingData,,No,No,No,17.0,4179234043.0,0.55,missingData,missingData,Yes,Yes,missingData,Yes,missingData
0,STeX,A2A,,,,Saint Vincent and the Grenadines,60.0,,2.3,Yes,Yes,Utility,0.087,No,No,No,5.0,500000000.0,,Yes,Yes,Yes,Yes,Yes,No,Yes
0,DATA,,,,,Unknown,,,2.7,Yes,No,missingData,,No,No,No,31.0,,,missingData,missingData,Yes,No,missingData,Yes,missingData
0,Decracy,DCA*,,,,Gibraltar,,,2.7,Yes,No,missingData,1.25,No,Yes,No,2.0,150000000.0,0.75,missingData,missingData,Yes,Yes,missingData,No,missingData
0,EDEN,EDN,,,,USA,1.0,,2.7,Yes,No,missingData,0.015,No,Yes,Yes,13.0,,0.35,missingData,missingData,Yes,Yes,missingData,Yes,missingData
0,Envilope,LOCK,,,,Gibraltar,98.0,44.0,2.7,Yes,No,missingData,0.15,No,No,No,,1000000000.0,0.3333,missingData,missingData,Yes,Yes,missingData,No,missingData
0,Enzym,ZYM,,,,France,53.0,14.0,2.7,Yes,No,missingData,0.0081,No,No,No,7.0,65000000.0,0.65,missingData,missingData,Yes,Yes,missingData,No,missingData
0,Etheracoin,ETR,,,,UK,,,2.7,Yes,No,missingData,,No,No,No,,,,missingData,missingData,Yes,Yes,missingData,No,missingData
0,EVEN,EVEN,,,,Estonia,,,2.7,Yes,No,missingData,0.1,No,Yes,No,,42750246.0,0.65,missingData,missingData,Yes,Yes,missingData,Yes,missingData
0,Fortuna,FOTA,,,,Singapore,0.0,,2.7,Yes,No,missingData,0.08,No,No,No,5.0,400000000.0,,missingData,missingData,Yes,Yes,missingData,No,missingData
0,GameMarketToken,T4GM,,,,UK,,,2.7,Yes,No,missingData,0.348880005,No,No,No,,650000000.0,0.65,missingData,missingData,Yes,Yes,missingData,No,missingData
0,GAWOONI,GWON,,,,Germany,,,2.7,Yes,No,missingData,,No,No,No,14.0,22000000.0,0.55,missingData,missingData,Yes,Yes,missingData,No,missingData
0,Go-Fund,GFC,,,,Cyprus,,,2.7,No,No,missingData,0.82,Yes,Yes,No,,15000000.0,0.15,missingData,missingData,Yes,Yes,missingData,No,missingData
0,GUIDE,GDC,,,,Japan,,27.0,2.5,Yes,No,missingData,0.0875,Yes,No,No,1.0,1800000000.0,0.6,missingData,missingData,Yes,Yes,missingData,Yes,missingData
0,HashBux,HashBux,,,,UK,,,2.7,Yes,No,missingData,0.65,No,No,No,6.0,15000000.0,0.18,missingData,missingData,Yes,Yes,missingData,Yes,missingData
0,Hedge Coin Capital,HCL,,,,Australia,,,2.7,Yes,No,missingData,0.8,Yes,Yes,No,,70000000.0,0.5,missingData,missingData,Yes,Yes,missingData,No,missingData
0,Hellenium,HLN,,,,UK,,71.0,2.7,Yes,No,missingData,7.74,No,No,No,7.0,22500000.0,0.82,missingData,missingData,Yes,Yes,missingData,No,missingData
0,IDGO,KINWA,,,,Samoa,,111.0,2.7,Yes,No,missingData,1.26,Yes,No,No,11.0,396000000.0,0.66,missingData,missingData,Yes,Yes,missingData,Yes,missingData
0,Joltee,JOLT,,,,Switzerland,,83.0,2.7,Yes,No,missingData,0.0444,No,Yes,No,17.0,750000000.0,0.5,missingData,missingData,Yes,Yes,missingData,No,missingData
0,Kadena,,,,,USA,24.0,,2.7,Yes,No,missingData,1.0,No,No,No,13.0,,,missingData,missingData,Yes,No,missingData,Yes,missingData
0,Kayocredits,KAYO,,,,UK,,31.0,2.7,Yes,No,missingData,0.05124,No,Yes,Yes,,750000000.0,0.75,missingData,missingData,Yes,Yes,missingData,No,missingData
0,ledgerium,XLG,,,,Australia,,16.0,2.7,Yes,No,missingData,0.07,Yes,Yes,No,,167000000.0,0.065,missingData,missingData,Yes,Yes,missingData,Yes,missingData
0,Majato Project,MJT,,,,USA,,45.0,2.9,Yes,No,missingData,3.018,No,No,No,5.0,8300000.0,0.84,missingData,missingData,Yes,Yes,missingData,No,missingData
0,Manufactory,MFR,,,,UK,,,2.7,Yes,No,missingData,,No,Yes,No,6.0,325000000.0,0.4,missingData,missingData,Yes,Yes,missingData,Yes,missingData
0,Martian Network,Martian/MAR,,,,Netherlands,,,2.7,Yes,No,missingData,0.01,No,Yes,No,9.0,6500000000.0,0.65,missingData,missingData,Yes,Yes,missingData,Yes,missingData
0,Mind AI,OMAI,,,,Liechtenstein,,,2.7,Yes,No,missingData,,No,Yes,No,22.0,2000000000.0,0.4,missingData,missingData,Yes,Yes,missingData,No,missingData
0,Mom.life,BLOOM,,,,Cyprus,,,2.7,Yes,No,missingData,0.015,No,Yes,No,8.0,2.0,,missingData,missingData,Yes,Yes,missingData,Yes,missingData
0,Mykrosystem,XMK,,,,USA,,,2.7,No,No,missingData,56.7,No,Yes,No,11.0,,,missingData,missingData,Yes,Yes,missingData,No,missingData
0,MyMazzu,MZC Token,,,,Malta,,16.0,2.8,Yes,No,missingData,1.5,No,Yes,Yes,3.0,70000000.0,0.7,missingData,missingData,Yes,Yes,missingData,Yes,missingData
0,MyShield,MSLD,,,,Israel,,,2.7,Yes,No,missingData,0.11,No,No,Yes,8.0,400000000.0,0.4,missingData,missingData,Yes,Yes,missingData,No,missingData
0,Nezly Semi-Private Presale,NEZ,,,,Canada,,,2.7,No,No,missingData,0.3,Yes,No,No,3.0,168000000.0,0.7,missingData,missingData,Yes,No,missingData,No,missingData
0,OEL Foundation,OPN,,,,Hong Kong,,,2.7,Yes,No,missingData,0.5,No,No,Yes,14.0,32400000.0,0.324,missingData,missingData,Yes,Yes,missingData,No,missingData
0,Ommer,OMR,,,,Singapore,,,2.7,Yes,No,missingData,0.6,Yes,Yes,No,11.0,50000000.0,0.5,missingData,missingData,Yes,No,missingData,Yes,missingData
0,Ongcoin,ONG,,,,USA,,,2.7,No,No,missingData,15.0,No,No,No,8.0,70000000.0,0.233,missingData,missingData,Yes,Yes,missingData,No,missingData
0,ONSTELLAR,ONST,,,,Cayman Islands,,,2.7,Yes,No,missingData,1.0,No,Yes,Yes,17.0,152000000.0,0.868,missingData,missingData,Yes,Yes,missingData,No,missingData
0,Ozartrade,OZAR,,,,Argentina,,61.0,2.7,No,No,missingData,0.3,Yes,Yes,No,5.0,350000000.0,0.7,missingData,missingData,Yes,Yes,missingData,No,missingData
0,PayDay,,,,,USA,31.0,,2.7,Yes,No,missingData,,No,No,No,6.0,,,missingData,missingData,Yes,No,missingData,Yes,missingData
0,PexCash,PEXC,,,,Egypt,,41.0,2.7,Yes,No,missingData,0.004,No,Yes,No,6.0,1400000.0,0.7,missingData,missingData,Yes,Yes,missingData,No,missingData
0,Pocket<U+0441>on,POC,,,,USA,,,2.7,Yes,No,missingData,0.1,No,No,No,,300000000.0,0.3,missingData,missingData,Yes,No,missingData,No,missingData
0,Procurean,PAN,,,,Slovenia,,,2.7,Yes,No,missingData,0.22,No,No,No,11.0,105000000.0,0.7,missingData,missingData,Yes,Yes,missingData,No,missingData
0,QuiGig,QUIGS,,,,USA,,,2.7,Yes,No,missingData,0.031,No,No,No,,268435456.0,,missingData,missingData,Yes,Yes,missingData,No,missingData
0,Radio,RDO,,,,UK,,,2.7,Yes,No,missingData,0.0261,Yes,No,No,,750000000.0,0.75,missingData,missingData,Yes,Yes,missingData,No,missingData
0,Recereum,RCR,,,,Unknown,,,2.7,Yes,No,missingData,,No,No,No,2.0,,0.6,missingData,missingData,Yes,Yes,missingData,Yes,missingData
0,Reditus,,,,,Singapore,,,2.8,Yes,No,missingData,0.018,No,Yes,No,23.0,,,missingData,missingData,Yes,Yes,missingData,Yes,missingData
0,Relex,RLX,,,,Unknown,67.0,,2.7,Yes,No,missingData,0.034,No,No,No,12.0,,,missingData,missingData,Yes,Yes,missingData,No,missingData
0,Rpay,RTK,,,,Singapore,,,2.7,Yes,No,missingData,1.0,No,No,Yes,6.0,72000000.0,0.8,missingData,missingData,Yes,Yes,missingData,Yes,missingData
0,Sagittae,STAE,,,,Netherlands,,,2.7,Yes,No,missingData,1.2,No,No,No,7.0,21600000.0,0.54,missingData,missingData,Yes,Yes,missingData,No,missingData
0,SciDex,SDX,,,,Unknown,,,2.7,Yes,No,missingData,0.1,No,No,No,,1200000000.0,0.055,missingData,missingData,Yes,Yes,missingData,Yes,missingData
0,Secure Swap,SSW,,,,Chile,,58.0,2.7,Yes,No,missingData,0.625,No,No,No,4.0,80000000.0,0.8,missingData,missingData,Yes,Yes,missingData,No,missingData
0,shokoCAST,SHK,,,,South Africa,,,2.4,Yes,No,missingData,0.0174,Yes,No,Yes,1.0,1990000000.0,0.5,missingData,missingData,Yes,Yes,missingData,Yes,missingData
0,Skrumble Network,SKM,,,,Canada,7.0,,2.9,Yes,No,missingData,0.041,Yes,Yes,No,29.0,390000000.0,0.26,missingData,missingData,Yes,Yes,missingData,No,missingData
0,Solar Bankers,SLB,,,,Singapore,,,2.7,No,No,missingData,,No,No,No,6.0,180000000.0,0.6,missingData,missingData,Yes,Yes,missingData,No,missingData
0,TEE-coin,TEC,,,,Singapore,30.0,40.0,2.7,No,No,missingData,0.02,No,Yes,Yes,,2500000000.0,0.025,missingData,missingData,Yes,Yes,missingData,No,missingData
0,Trilliant,TRIL,,,,Switzerland,,31.0,2.7,Yes,No,missingData,0.75,Yes,Yes,No,8.0,35040000.0,0.73,missingData,missingData,Yes,Yes,missingData,No,missingData
0,TuDoLink,TDL,,,,Netherlands,,,2.7,Yes,No,missingData,,No,No,No,14.0,1573333332.0,0.59,missingData,missingData,Yes,No,missingData,Yes,missingData
0,Ubanx,BANX,,,,Singapore,48.0,68.0,3.0,Yes,No,missingData,0.216374335,No,Yes,Yes,,600000000.0,0.6,missingData,missingData,Yes,Yes,missingData,No,missingData
0,VanHealthing,STR,,,,Ukraine,,,2.7,Yes,No,missingData,4.16,Yes,Yes,No,14.0,30000000.0,,missingData,missingData,Yes,Yes,missingData,No,missingData
0,VeryFile,VER,,,,Switzerland,,,2.7,Yes,No,missingData,0.2,No,Yes,Yes,16.0,177000000.0,0.4,missingData,missingData,Yes,Yes,missingData,No,missingData
0,VR Casino OKO,OKO,,,,Czech Republic,,,2.7,Yes,No,missingData,1.0,No,No,No,,,0.35,missingData,missingData,Yes,Yes,missingData,Yes,missingData
0,Walleteum,EUM,,,,Bermuda,,88.0,2.7,Yes,No,missingData,0.0005,No,No,No,,587080000.0,0.0645,missingData,missingData,Yes,Yes,missingData,No,missingData
0,World Tourism,TOURCOIN,,,,India,,,2.7,Yes,No,missingData,1.25,No,No,No,,,,missingData,missingData,Yes,Yes,missingData,No,missingData
0,YohoCube,YCN,,,,Russia,,,2.7,Yes,No,missingData,0.1,No,No,No,,,,missingData,missingData,Yes,Yes,missingData,No,missingData
0,Zillios,ZLST,,,,Spain,,,2.7,Yes,No,missingData,0.0313,No,Yes,No,18.0,400000000.0,0.4,missingData,missingData,Yes,Yes,missingData,Yes,missingData
0,Afincoin,AFIN,,,,Singapore,,,2.6,Yes,No,missingData,0.3,No,Yes,No,,100000000.0,0.2,missingData,missingData,Yes,Yes,missingData,No,missingData
0,Age of Dragons,NGT,,,,Cayman Islands,30.0,,2.6,Yes,No,missingData,0.00199,No,Yes,No,4.0,,,missingData,missingData,Yes,Yes,missingData,No,missingData
0,All Of Art,AOA,,,,Mexico,,,2.6,No,No,missingData,1.0,No,No,No,1.0,14000000.0,0.7,missingData,missingData,Yes,Yes,missingData,No,missingData
0,Apollo18,A18,,,,USA,36.0,,2.6,Yes,No,missingData,0.9,No,No,No,3.0,10750000.0,0.75,missingData,missingData,Yes,Yes,missingData,Yes,missingData
0,Arbitao,ATAO,,,,UK,,,2.1,No,No,missingData,0.1,No,Yes,Yes,12.0,,,missingData,missingData,Yes,Yes,missingData,No,missingData
0,Automotive eXchange Token,AXT,,,,USA,,,2.6,Yes,No,missingData,,No,No,No,31.0,620000000.0,0.62,missingData,missingData,Yes,Yes,missingData,Yes,missingData
0,Binary,BINARY,,,,Hong Kong,40.0,,2.6,Yes,No,missingData,1.45,No,No,No,2.0,10000000.0,,missingData,missingData,Yes,Yes,missingData,No,missingData
0,BitCoinage,XBCN,,,,Turks and Caicos Islands,30.0,,2.6,Yes,No,missingData,0.115072801,No,Yes,No,15.0,110000000.0,0.55,missingData,missingData,Yes,Yes,missingData,No,missingData
0,BitProperty,BPS,,,,Hong Kong,,,2.6,Yes,No,missingData,0.5,Yes,No,No,,64000000.0,0.8,missingData,missingData,Yes,Yes,missingData,No,missingData
0,Cannabium,CNAB,,,,Cayman Islands,255.0,55.0,2.6,Yes,No,missingData,0.08,Yes,Yes,No,16.0,480000000.0,0.65,missingData,missingData,Yes,Yes,missingData,Yes,missingData
0,CFighters,GOP,,,,Spain,60.0,,2.6,Yes,No,missingData,0.2975,Yes,Yes,No,6.0,4370000.0,,missingData,missingData,Yes,Yes,missingData,Yes,missingData
0,CGS,CGS,,,,Spain,28.0,,2.6,Yes,No,missingData,0.14,No,No,No,9.0,70000000.0,0.7,missingData,missingData,Yes,Yes,missingData,No,missingData
0,Choon,NOTES,,,,UK,,,3.2,Yes,No,missingData,,Yes,Yes,No,13.0,,0.25,missingData,missingData,Yes,Yes,missingData,No,missingData
0,ClanPlay,GG,,,,Unknown,,,2.6,Yes,No,missingData,,No,No,No,12.0,300000000.0,,missingData,missingData,Yes,Yes,missingData,No,missingData
0,Coinnec,COI,,,,Poland,,,2.6,Yes,No,missingData,0.052,No,No,No,2.0,850000000.0,,missingData,missingData,Yes,No,missingData,No,missingData
0,ContentBox,BOX,,,,Unknown,,,2.6,Yes,No,missingData,0.0231,No,No,No,18.0,,,missingData,missingData,Yes,Yes,missingData,Yes,missingData
0,Coolomat,CMK,,,,Slovenia,,,2.6,Yes,No,missingData,0.1,No,No,Yes,25.0,550000000.0,0.6,missingData,missingData,Yes,Yes,missingData,No,missingData
0,CryoGen,CRYO,,,,Russia,,84.0,2.5,Yes,No,missingData,1.0,No,No,No,,,,missingData,missingData,Yes,Yes,missingData,No,missingData
0,Dashing,Dashing,,,,USA,92.0,,2.6,Yes,No,missingData,1.2,No,Yes,No,5.0,,,missingData,missingData,Yes,Yes,missingData,No,missingData
0,Data Choice,DCT,,,,Unknown,,,2.6,Yes,No,missingData,0.1,No,No,No,13.0,650000000.0,0.38,missingData,missingData,Yes,Yes,missingData,Yes,missingData
0,DAX,DAX,,,,USA,8.0,,2.6,Yes,No,missingData,0.07,Yes,Yes,No,12.0,225000000.0,0.3,missingData,missingData,Yes,Yes,missingData,No,missingData
0,Decent.bet,DBET,,,,Panama,,,2.6,Yes,No,missingData,0.174538,No,No,No,20.0,,,missingData,missingData,Yes,Yes,missingData,No,missingData
0,Dermavir,DER,,,,USA,15.0,46.0,2.9,Yes,No,missingData,1.0,No,Yes,No,4.0,10000000.0,0.5,missingData,missingData,Yes,Yes,missingData,Yes,missingData
0,DeskChain,DSC,,,,Russia,,,2.6,Yes,No,missingData,,No,No,Yes,7.0,32500000.0,0.65,missingData,missingData,Yes,Yes,missingData,No,missingData
0,Digithoth,DGT,,,,Unknown,,,2.6,Yes,No,missingData,,Yes,No,No,3.0,340000000.0,0.68,missingData,missingData,Yes,Yes,missingData,Yes,missingData
0,Dipitto,DPC,,,,Australia,,,2.6,Yes,No,missingData,0.25,No,No,No,,20400000.0,0.4,missingData,missingData,Yes,Yes,missingData,No,missingData
0,Discoperi,DISC,,,,Singapore,,,2.6,Yes,No,missingData,0.001,No,No,No,14.0,50000000000.0,,missingData,missingData,Yes,Yes,missingData,No,missingData
0,Dispatch Labs,DIVVY,,,,USA,,,2.6,No,No,missingData,,No,No,No,34.0,10000000000000.0,0.43,missingData,missingData,Yes,No,missingData,Yes,missingData
0,EcoVerse,ECR,,,,South Korea,,,2.2,Yes,No,missingData,0.4286,No,Yes,No,2.0,750000000.0,0.3,missingData,missingData,Yes,Yes,missingData,No,missingData
0,Eminer,EM,,,,Unknown,,,2.6,Yes,No,missingData,0.015,No,No,No,,33600000.0,,missingData,missingData,Yes,No,missingData,No,missingData
0,Enrgzine,ENG,,,,Unknown,,,2.6,Yes,No,missingData,,Yes,Yes,Yes,,560000000.0,0.8,missingData,missingData,Yes,Yes,missingData,No,missingData
0,EPIKTOKEN,EPIK,,,,Singapore,,,2.6,Yes,No,missingData,0.1922,Yes,No,Yes,23.0,,0.5,missingData,missingData,Yes,Yes,missingData,No,missingData
0,EscapeToken,ESCP,,,,Andorra,,17.0,2.6,Yes,No,missingData,1.0,Yes,Yes,Yes,1.0,35000000.0,0.75,missingData,missingData,Yes,Yes,missingData,No,missingData
0,Ethos,ETHOS,,,,Unknown,,,2.6,Yes,No,missingData,,No,No,No,24.0,,,missingData,missingData,Yes,Yes,missingData,No,missingData
0,Facite,FIT token,,,,Kazakhstan,,,,No,No,missingData,0.0008,No,No,missingData,,2000000000.0,0.4,missingData,missingData,No,No,missingData,No,missingData
0,FanEspo,FAN,,,,USA,,,2.6,Yes,No,missingData,,No,No,No,13.0,1000000000.0,0.4,missingData,missingData,Yes,Yes,missingData,No,missingData
0,Feniks,FENIKS,,,,Latvia,,,2.6,Yes,No,missingData,,No,No,No,7.0,50000000000.0,0.5,missingData,missingData,Yes,Yes,missingData,Yes,missingData
0,Festy,FESTY,,,,Ireland,43.0,16.0,2.6,Yes,No,missingData,0.0214,Yes,No,No,3.0,2000000000.0,0.5,missingData,missingData,Yes,Yes,missingData,No,missingData
0,Finamatrix,FIX,,,,Singapore,,,2.6,No,No,missingData,,No,No,Yes,,500000000.0,,missingData,missingData,Yes,Yes,missingData,No,missingData
0,FreeCash,PRIZE,,,,Malta,50.0,,2.6,Yes,No,missingData,0.7,No,No,No,8.0,34323287.0,0.47,missingData,missingData,Yes,Yes,missingData,Yes,missingData
0,Give,GIV,,,,Switzerland,,,2.9,Yes,No,missingData,,Yes,Yes,No,20.0,500000000.0,0.5,missingData,missingData,Yes,Yes,missingData,Yes,missingData
0,GLXCoin,GLXC,,,,USA,46.0,17.0,2.6,Yes,No,missingData,1.0,No,No,No,4.0,100000000.0,,missingData,missingData,Yes,Yes,missingData,Yes,missingData
0,GTCoin,GTC,,,,Australia,,,2.6,Yes,No,missingData,1.1,No,No,No,8.0,30000000.0,0.3,missingData,missingData,Yes,Yes,missingData,Yes,missingData
0,Hade,HADE,,,,USA,0.0,,2.7,Yes,No,missingData,0.06,No,No,No,,500000000.0,0.5,missingData,missingData,Yes,Yes,missingData,No,missingData
0,HealPoint,HLP,,,,USA,,,2.7,Yes,No,missingData,0.24,No,No,No,6.0,,0.6,missingData,missingData,Yes,Yes,missingData,No,missingData
0,Hirefreehands,HFT,,,,Hong Kong,77.0,,2.6,Yes,No,missingData,0.05,Yes,Yes,No,9.0,249500000.0,0.5,missingData,missingData,Yes,Yes,missingData,No,missingData
0,Hub,HUB,,,,USA,,,2.6,Yes,No,missingData,,No,No,No,,,,missingData,missingData,Yes,Yes,missingData,Yes,missingData
0,Hyperion,HYN,,,,Hong Kong,,,3.1,Yes,No,missingData,0.082,No,No,No,,3500000000.0,0.35,missingData,missingData,Yes,Yes,missingData,No,missingData
0,IMMLA,IML,,,,Russia,,,3.0,Yes,No,missingData,1.9,No,No,No,6.0,1320000.0,,missingData,missingData,Yes,Yes,missingData,Yes,missingData
0,irisnet,IRIS,,,,Unknown,145.0,,2.6,Yes,No,missingData,0.08,No,No,No,6.0,80000000.0,0.2,missingData,missingData,Yes,Yes,missingData,Yes,missingData
0,IronBlock,IRB,,,,Russia,,33.0,2.5,Yes,No,missingData,0.2025,No,No,No,,,,missingData,missingData,Yes,Yes,missingData,No,missingData
0,Jeo Exchange,JEO,,,,Singapore,14.0,,2.6,Yes,No,missingData,0.01,Yes,Yes,Yes,3.0,174000000.0,0.58,missingData,missingData,Yes,Yes,missingData,No,missingData
0,Korbex,KBX,,,,Hong Kong,,,2.6,Yes,No,missingData,,Yes,Yes,No,,,0.5,missingData,missingData,Yes,Yes,missingData,Yes,missingData
0,Laser,Photon,,,,Cayman Islands,,,2.6,Yes,No,missingData,3.5,No,Yes,No,18.0,,0.45,missingData,missingData,Yes,Yes,missingData,No,missingData
0,Lokalize,LOKAL,,,,Malta,,,2.6,Yes,No,missingData,0.01,Yes,Yes,No,7.0,700000000.0,0.7,missingData,missingData,Yes,Yes,missingData,No,missingData
0,Lotter,LTR,,,,Unknown,,,2.6,Yes,No,missingData,0.0005,No,No,No,4.0,,,missingData,missingData,Yes,Yes,missingData,No,missingData
0,LucisDollar,LUCD,,,,Belize,12.0,43.0,2.6,No,No,missingData,25.41600098,No,No,No,8.0,35000000.0,0.14,missingData,missingData,Yes,Yes,missingData,No,missingData
0,MANX,MANX,,,,Singapore,,,2.6,Yes,No,missingData,0.01,Yes,Yes,No,16.0,,0.3,missingData,missingData,Yes,Yes,missingData,Yes,missingData
0,Marketplace,PRC,,,,Estonia,99.0,,2.6,Yes,No,missingData,1.030034764,No,Yes,Yes,7.0,500000000.0,0.5,missingData,missingData,Yes,Yes,missingData,No,missingData
0,MetaCert Protocol,META,,,,Malta,31.0,0.0,2.6,Yes,No,missingData,0.012,No,Yes,No,21.0,,,missingData,missingData,Yes,Yes,missingData,No,missingData
0,Metronome,MTN,,,,USA,7.0,,3.5,Yes,No,missingData,1.68,No,No,No,,8000000.0,0.8,missingData,missingData,Yes,Yes,missingData,Yes,missingData
0,Monartis,MNT,,,,UK,48.0,,2.6,Yes,No,missingData,0.1,No,No,No,5.0,700000000.0,0.7,missingData,missingData,Yes,Yes,missingData,No,missingData
0,MST COIN,MST,,,,Thailand,29.0,,2.6,Yes,No,missingData,828486.022,No,Yes,No,,250000000.0,0.5,missingData,missingData,Yes,Yes,missingData,No,missingData
0,MustangChain,MUST,,,,Netherlands,49.0,,2.6,No,No,missingData,5e-06,Yes,Yes,No,,27500000000.0,0.275,missingData,missingData,Yes,Yes,missingData,No,missingData
0,MXC,MXC,,,,Unknown,19.0,,2.6,Yes,No,missingData,0.015,No,No,No,4.0,266496580.0,0.1,missingData,missingData,Yes,Yes,missingData,No,missingData
0,NWS.One,NWST,,,,Romania,14.0,,2.6,Yes,No,missingData,0.05,No,No,No,6.0,1500000000.0,,missingData,missingData,Yes,Yes,missingData,No,missingData
0,Oin Space,OIN,,,,Unknown,,,2.6,Yes,No,missingData,,No,No,No,14.0,60000000.0,0.6,missingData,missingData,Yes,Yes,missingData,No,missingData
0,Ormeus,ORME,,,,Unknown,,,2.6,Yes,No,missingData,0.567022,No,No,No,,30000000.0,0.15,missingData,missingData,Yes,Yes,missingData,No,missingData
0,OVATO,OVT,,,,Singapore,5.0,,2.6,Yes,No,missingData,2.0,Yes,Yes,No,3.0,,0.47,missingData,missingData,Yes,Yes,missingData,No,missingData
0,PaidEx,PAD,,,,UK,,,2.6,Yes,No,missingData,,No,No,No,26.0,,,missingData,missingData,Yes,Yes,missingData,No,missingData
0,Parcero,CER,,,,Lithuania,,,2.6,Yes,No,missingData,,No,Yes,No,7.0,675000000.0,0.75,missingData,missingData,Yes,Yes,missingData,No,missingData
0,ParkApp,CAR,,,,USA,,,2.6,Yes,No,missingData,,No,No,No,4.0,1000000000.0,,missingData,missingData,Yes,Yes,missingData,No,missingData
0,Promether,PYRO,,,,British Virgin Islands,,,2.6,No,No,missingData,,No,No,No,13.0,,,missingData,missingData,Yes,Yes,missingData,Yes,missingData
0,Property2chain,QAT,,,,South Africa,135.0,,2.6,Yes,No,missingData,0.0716,Yes,No,No,11.0,93750000.0,0.625,missingData,missingData,Yes,Yes,missingData,No,missingData
0,Qovar,QC,,,,Germany,,,2.6,No,No,missingData,,No,No,No,,2000000.0,0.1,missingData,missingData,Yes,Yes,missingData,No,missingData
0,Qryptonite,QLP,,,,Netherlands,,,2.6,Yes,No,missingData,0.067,No,No,No,8.0,7400000.0,0.4,missingData,missingData,Yes,Yes,missingData,No,missingData
0,Quanta,QDEX,,,,Singapore,30.0,,2.6,No,No,missingData,0.200549194,Yes,Yes,Yes,10.0,100000000.0,0.22,missingData,missingData,Yes,Yes,missingData,No,missingData
0,quantreum,QTM,,,,Malaysia,1.0,,2.6,Yes,No,missingData,0.1685,No,Yes,No,,,0.35,missingData,missingData,Yes,Yes,missingData,No,missingData
0,Quidli,QUID,,,,France,,,2.6,Yes,No,missingData,,No,No,Yes,17.0,,0.5,missingData,missingData,Yes,Yes,missingData,No,missingData
0,Ready Play Go,RPG,,,,Philippines,138.0,56.0,2.6,No,No,missingData,0.021,Yes,Yes,No,24.0,1815914310.0,0.27,missingData,missingData,Yes,Yes,missingData,No,missingData
0,Rebons,RBN,,,,Unknown,,,2.6,Yes,No,missingData,0.0691,No,No,Yes,,15000000.0,0.506,missingData,missingData,Yes,Yes,missingData,No,missingData
0,Rentything,RTC,,,,Hong Kong,31.0,,2.6,Yes,No,missingData,0.0855,Yes,No,No,,25500000.0,0.51,missingData,missingData,Yes,Yes,missingData,Yes,missingData
0,Residual Token,RSDLL,,,,USA,61.0,,2.6,Yes,No,missingData,1.5,No,No,No,13.0,,,missingData,missingData,Yes,Yes,missingData,No,missingData
0,Robonomics Network,XRT,,,,Switzerland,,,2.6,Yes,No,missingData,1.0,No,No,No,9.0,,,missingData,missingData,Yes,Yes,missingData,Yes,missingData
0,Sheepcoin,SHEEP,,,,Hong Kong,28.0,,2.6,Yes,No,missingData,0.1,No,Yes,No,10.0,225000000.0,0.45,missingData,missingData,Yes,Yes,missingData,Yes,missingData
0,Soom,SOOM,,,,Singapore,,,2.6,No,No,missingData,0.7,No,No,No,,672000000.0,0.4,missingData,missingData,Yes,Yes,missingData,Yes,missingData
0,Stealthcrypto,QMN,,,,Gibraltar,,,2.6,Yes,No,missingData,0.5,No,No,Yes,11.0,200000000.0,0.5,missingData,missingData,Yes,Yes,missingData,No,missingData
0,STEGOS,STG,,,,Switzerland,,,2.6,No,No,missingData,0.033,Yes,Yes,Yes,5.0,512484922.0,0.5125,missingData,missingData,Yes,No,missingData,Yes,missingData
0,Stitched,STTT,,,,Spain,14.0,,2.6,Yes,No,missingData,0.170424083,Yes,No,No,6.0,22916000.0,0.23,missingData,missingData,Yes,Yes,missingData,No,missingData
0,Tempo,TEMPO,,,,France,,91.0,2.6,No,No,missingData,0.00138,Yes,Yes,Yes,20.0,1000000000.0,,missingData,missingData,Yes,Yes,missingData,Yes,missingData
0,TEROS,TRS,,,,Malta,,,2.6,Yes,No,missingData,0.002,Yes,Yes,No,1.0,20000000.0,0.75,missingData,missingData,Yes,Yes,missingData,Yes,missingData
0,Tipbot v1,TIP,,,,Malta,,,2.5,Yes,No,missingData,,No,Yes,Yes,,10000000000000.0,0.77,missingData,missingData,Yes,No,missingData,Yes,missingData
0,UVIDIFY,UVD,,,,UK,,,2.6,Yes,No,missingData,0.003,No,Yes,Yes,10.0,8800000000.0,,missingData,missingData,Yes,Yes,missingData,Yes,missingData
0,Vera Protocol,$VERA,,,,British Virgin Islands,,,2.6,Yes,No,missingData,,Yes,Yes,Yes,5.0,,,missingData,missingData,Yes,No,missingData,Yes,missingData
0,Vezet,VZT,,,,Russia,,,2.6,Yes,No,missingData,,No,No,No,2.0,,0.67,missingData,missingData,Yes,Yes,missingData,Yes,missingData
0,Volans,VOL,,,,Estonia,31.0,30.0,2.7,Yes,No,missingData,0.0988,Yes,Yes,Yes,5.0,,0.8,missingData,missingData,Yes,Yes,missingData,Yes,missingData
0,Wanchain,,,,,China,1.0,,2.6,Yes,No,missingData,0.33803978,No,No,No,10.0,,,missingData,missingData,Yes,No,missingData,No,missingData
0,Weriz,WRZ,,,,Turkey,,,2.4,Yes,No,missingData,0.25,No,Yes,No,11.0,48000000.0,0.6,missingData,missingData,Yes,Yes,missingData,Yes,missingData
0,Yookye,YOOK,,,,Italy,,,2.6,Yes,No,missingData,0.1,No,No,No,13.0,200000000.0,0.5,missingData,missingData,Yes,Yes,missingData,Yes,missingData
0,ZelaaCoin,ZLC,,,,UK,,,2.6,Yes,No,missingData,,No,Yes,No,5.0,110000000.0,0.7,missingData,missingData,Yes,Yes,missingData,No,missingData
0,ABR,AUG,,,,Russia,,,2.5,Yes,No,missingData,1.0,No,No,No,,11000000.0,,missingData,missingData,Yes,Yes,missingData,No,missingData
0,Armor Ceramics,ACR,,,,Russia,42.0,,2.4,Yes,No,missingData,1.0,No,No,No,,40000000.0,,missingData,missingData,Yes,Yes,missingData,No,missingData
0,Arweave,AR,,,,UK,3.0,,2.4,No,No,missingData,0.73,Yes,Yes,No,15.0,,,missingData,missingData,Yes,Yes,missingData,Yes,missingData
0,AZBI,AZBI CORE/AZBI,,,,UK,5.0,,2.4,Yes,No,missingData,0.000792,No,No,No,5.0,20000000000.0,,missingData,missingData,Yes,No,missingData,Yes,missingData
0,BHOM,BHM,,,,France,,,2.5,No,No,missingData,,No,Yes,Yes,6.0,,0.27,missingData,missingData,Yes,Yes,missingData,Yes,missingData
0,Biteum,BTM,,,,Cyprus,,,2.4,Yes,No,missingData,0.33,No,Yes,No,7.0,194127439.0,0.5,missingData,missingData,Yes,Yes,missingData,No,missingData
0,Bitroom,Bitroom Tokens (BMT),,,,Hong Kong,32.0,,2.4,Yes,No,missingData,0.02,No,No,Yes,3.0,100000000.0,0.1,missingData,missingData,Yes,Yes,missingData,No,missingData
0,BLAQ,BLQ,,,,Russia,,10.0,2.0,No,No,missingData,0.0005,No,No,No,6.0,,,missingData,missingData,Yes,Yes,missingData,No,missingData
0,Blocksale,BOK,,,,Unknown,,,2.4,Yes,No,missingData,2.0,No,No,No,19.0,,0.4,missingData,missingData,Yes,Yes,missingData,No,missingData
0,Bloxia,BLOX,,,,Germany,,47.0,2.4,Yes,No,missingData,0.08,Yes,Yes,Yes,7.0,350000000.0,0.7,missingData,missingData,Yes,Yes,missingData,No,missingData
0,Caviar,CAV,,,,USA,0.0,,3.0,Yes,No,missingData,0.1,No,No,No,,375000000.0,0.85,missingData,missingData,Yes,Yes,missingData,No,missingData
0,CCET Project,CCET,,,,Singapore,30.0,,2.4,Yes,No,missingData,0.0321,No,Yes,No,,500000000.0,0.25,missingData,missingData,Yes,Yes,missingData,No,missingData
0,CoinCrowd,XCC,,,,Italy,84.0,,2.9,Yes,No,missingData,0.22,No,No,No,12.0,24500000.0,,missingData,missingData,Yes,Yes,missingData,Yes,missingData
0,Crowdnext,CNXT,,,,USA,31.0,,2.4,Yes,No,missingData,0.5225,Yes,Yes,No,,,,missingData,missingData,Yes,Yes,missingData,No,missingData
0,Crypt-Oink on RAKUN Project,RAKU,,,,Singapore,,,2.4,Yes,No,missingData,0.05,No,Yes,No,,250000000.0,0.5,missingData,missingData,Yes,No,missingData,Yes,missingData
0,Cryptobike,CBS,,,,USA,,,2.5,Yes,No,missingData,,Yes,No,No,,,,missingData,missingData,Yes,Yes,missingData,Yes,missingData
0,CryptoFund,DACF,,,,Russia,18.0,,2.4,Yes,No,missingData,1.0,No,No,No,,3000000.0,0.65,missingData,missingData,Yes,Yes,missingData,No,missingData
0,DAD,DAD,,,,Hong Kong,,,2.4,No,No,missingData,,No,No,No,3.0,3500000000.0,0.35,missingData,missingData,Yes,Yes,missingData,Yes,missingData
0,Devolve Developer,DVX,,,,USA,,,2.4,Yes,No,missingData,0.75,No,No,Yes,,600000000.0,0.6,missingData,missingData,Yes,Yes,missingData,No,missingData
0,DFINITY,,,,,USA,150.0,,2.8,Yes,No,missingData,,No,No,No,22.0,,,missingData,missingData,Yes,No,missingData,Yes,missingData
0,DolphinBI,DOBI,,,,Russia,,,2.9,Yes,No,missingData,1.0,No,No,No,4.0,500000.0,,missingData,missingData,Yes,Yes,missingData,Yes,missingData
0,Dribble Payments,DRB,,,,Netherlands,,107.0,2.4,Yes,No,missingData,0.07,No,No,No,3.0,425000000.0,0.85,missingData,missingData,Yes,Yes,missingData,No,missingData
0,dutyof.care,VDOC,,,,Australia,199.0,,2.4,Yes,No,missingData,0.224437692,Yes,Yes,No,6.0,70000000.0,,missingData,missingData,Yes,Yes,missingData,Yes,missingData
0,EcoGreenHouse,EGH,,,,Russia,,,2.3,Yes,No,missingData,,No,No,No,,,,missingData,missingData,Yes,Yes,missingData,No,missingData
0,ehab,EHB,,,,UK,10.0,,2.6,Yes,No,missingData,0.0442,Yes,Yes,No,,,0.5,missingData,missingData,Yes,Yes,missingData,No,missingData
0,Engineer.ai,NAYA,,,,Mauritius,,,2.4,Yes,No,missingData,0.1,No,No,No,,,0.25,missingData,missingData,Yes,Yes,missingData,No,missingData
0,EOS Auction,EAP,,,,Hong Kong,92.0,,2.4,Yes,No,missingData,0.1,No,Yes,Yes,,500000000.0,0.5,missingData,missingData,Yes,Yes,missingData,Yes,missingData
0,Epiphany,EPN,,,,USA,,,2.4,No,No,missingData,,No,Yes,Yes,6.0,350000000.0,0.7,missingData,missingData,Yes,Yes,missingData,No,missingData
0,Epsilon,EPS,,,,Unknown,,,2.4,Yes,No,missingData,,No,No,No,5.0,,0.7,missingData,missingData,Yes,Yes,missingData,No,missingData
0,EXOCHAIN,EXO,,,,USA,,,2.4,Yes,No,missingData,0.06,Yes,Yes,No,21.0,3800000000.0,0.5,missingData,missingData,Yes,Yes,missingData,No,missingData
0,FARM,FARM,,,,India,,,2.4,Yes,No,missingData,,No,No,Yes,,20000000.0,0.71,missingData,missingData,Yes,Yes,missingData,No,missingData
0,Fivebalance,FBN,,,,Indonesia,21.0,,2.4,Yes,No,missingData,1.82e-05,No,No,No,9.0,12000000000.0,0.6,missingData,missingData,Yes,Yes,missingData,Yes,missingData
0,Flashcoin,FLASH,,,,Liechtenstein,36.0,,2.4,No,No,missingData,,No,No,No,8.0,,,missingData,missingData,Yes,Yes,missingData,Yes,missingData
0,Freed,FREED,,,,Singapore,,,2.4,Yes,No,missingData,,No,No,No,28.0,,,missingData,missingData,Yes,Yes,missingData,No,missingData
0,FreeMark,,,,,UK,,,2.4,Yes,No,missingData,,No,No,No,12.0,310000000.0,,missingData,missingData,Yes,No,missingData,No,missingData
0,Fysical,FYS,,,,Singapore,5.0,,3.0,Yes,No,missingData,0.045,Yes,Yes,No,14.0,400000000.0,0.4,missingData,missingData,Yes,Yes,missingData,Yes,missingData
0,G-Global,GNAGlobal Token,,,,Estonia,29.0,,2.5,Yes,No,missingData,0.3,No,No,No,,2000000.0,0.65,missingData,missingData,Yes,Yes,missingData,No,missingData
0,Gaming Stars,GAMES,,,,Germany,30.0,,2.4,Yes,No,missingData,0.396457001,No,No,No,2.0,,0.5,missingData,missingData,Yes,Yes,missingData,No,missingData
0,Genesis World,GW,,,,Russia,,,2.4,Yes,No,missingData,1.0,No,No,No,,56000000.0,0.56,missingData,missingData,Yes,Yes,missingData,Yes,missingData
0,GeoManna,GM,,,,Ukraine,,92.0,2.4,Yes,No,missingData,0.0349,No,No,Yes,4.0,100000000.0,,missingData,missingData,Yes,Yes,missingData,Yes,missingData
0,GoldFund,GFUN,,,,Unknown,30.0,,2.4,Yes,No,missingData,0.01,No,No,Yes,4.0,,,missingData,missingData,Yes,Yes,missingData,No,missingData
0,Grid Plus,GRID,,,,USA,,,2.4,Yes,No,missingData,,No,No,No,1.0,90000000.0,0.3,missingData,missingData,Yes,Yes,missingData,Yes,missingData
0,HealthNet,HT,,,,Estonia,,,2.4,Yes,No,missingData,,No,No,No,,,,missingData,missingData,Yes,Yes,missingData,No,missingData
0,Helex,HLX,,,,UK,30.0,,2.4,Yes,No,missingData,1.293028789,No,No,No,11.0,,,missingData,missingData,Yes,Yes,missingData,No,missingData
0,Hosting Icos,HTS,,,,India,31.0,,2.3,Yes,No,missingData,0.2,No,No,No,4.0,1000000000.0,0.5,missingData,missingData,Yes,Yes,missingData,No,missingData
0,Hypernet,HYPR,,,,USA,,,3.5,Yes,No,missingData,,No,No,No,15.0,,,missingData,missingData,Yes,Yes,missingData,No,missingData
0,Icareum,ICRM,,,,Russia,,,2.4,Yes,No,missingData,1.0,No,No,No,1.0,80000000.0,0.8,missingData,missingData,Yes,Yes,missingData,No,missingData
0,injii,IAC,,,,USA,30.0,,2.4,Yes,No,missingData,0.12,No,No,No,9.0,200000000.0,0.2,missingData,missingData,Yes,Yes,missingData,Yes,missingData
0,iVeryOne,VRY,,,,China,,31.0,2.4,Yes,No,missingData,6.3,No,No,No,,,,missingData,missingData,Yes,Yes,missingData,No,missingData
0,Jobhire,JBHR,,,,Hong Kong,,,2.4,Yes,No,missingData,,Yes,Yes,No,12.0,420000000.0,0.7,missingData,missingData,Yes,Yes,missingData,Yes,missingData
0,KALICOIN,KALI,,,,India,,,2.3,No,No,missingData,0.06,Yes,No,Yes,,65000000.0,0.65,missingData,missingData,Yes,Yes,missingData,No,missingData
0,Kryptobits,KBE,,,,Spain,99.0,19.0,2.4,Yes,No,missingData,0.1181698,Yes,Yes,No,33.0,1124760000.0,0.78,missingData,missingData,Yes,Yes,missingData,Yes,missingData
0,KUDO,KUDO,,,,Netherlands,,,2.4,Yes,No,missingData,,No,No,No,4.0,,0.2,missingData,missingData,Yes,Yes,missingData,No,missingData
0,Life Cross Coin,LICO,,,,Switzerland,27.0,23.0,2.0,Yes,No,missingData,305.9498768,No,No,No,4.0,217500000.0,0.69,missingData,missingData,Yes,Yes,missingData,No,missingData
0,Liminality Network,LMN,,,,Switzerland,,,2.4,Yes,No,missingData,,No,No,No,6.0,,0.63,missingData,missingData,Yes,Yes,missingData,No,missingData
0,LIOS,LIO,,,,USA,,,2.4,Yes,No,missingData,,Yes,Yes,No,24.0,4800000000.0,0.6,missingData,missingData,Yes,Yes,missingData,Yes,missingData
0,Lots,LOTS,,,,Unknown,,,2.4,Yes,No,missingData,,No,No,No,,,0.5,missingData,missingData,Yes,Yes,missingData,No,missingData
0,MatrixONE,MAT,,,,Singapore,,,2.4,Yes,No,missingData,,No,No,No,7.0,1.0,0.1,missingData,missingData,Yes,Yes,missingData,No,missingData
0,MaxBull Coin,MBULL,,,,UK,,89.0,2.4,Yes,No,missingData,0.241379,Yes,No,No,,70000000.0,0.7,missingData,missingData,Yes,Yes,missingData,No,missingData
0,MedCredits,MEDX,,,,USA,46.0,,3.1,Yes,No,missingData,0.5,Yes,Yes,No,5.0,,0.7,missingData,missingData,Yes,Yes,missingData,No,missingData
0,MGLTOKEN,MGLT,,,,Mongolia,,,2.4,Yes,No,missingData,0.0827,Yes,Yes,No,6.0,80000000.0,0.8,missingData,missingData,Yes,Yes,missingData,No,missingData
0,MIDASCAPS,MDC,,,,Portugal,29.0,,3.9,Yes,No,missingData,0.02,No,Yes,No,3.0,170000000.0,0.68,missingData,missingData,Yes,Yes,missingData,Yes,missingData
0,Mobiuz,MOB,,,,Singapore,,122.0,2.4,Yes,No,missingData,0.00399,No,Yes,Yes,,50000000000000.0,0.5125,missingData,missingData,Yes,Yes,missingData,No,missingData
0,Moms Avenue,M.O.M.,,,,Estonia,,,2.6,Yes,No,missingData,,No,No,No,17.0,880000000.0,,missingData,missingData,Yes,Yes,missingData,No,missingData
0,Moveco,MOV,,,,Singapore,30.0,,2.4,Yes,No,missingData,0.15,Yes,Yes,Yes,15.0,130000000.0,0.13,missingData,missingData,Yes,Yes,missingData,No,missingData
0,Myrillion,MYL,,,,Unknown,,,2.4,Yes,No,missingData,,No,No,No,11.0,,0.47,missingData,missingData,Yes,Yes,missingData,No,missingData
0,Native,NAV,,,,Unknown,,,2.4,Yes,No,missingData,,No,No,No,,,,missingData,missingData,Yes,Yes,missingData,No,missingData
0,Nebeus,NBTK,,,,UK,,,2.7,Yes,No,missingData,0.5,No,No,No,8.0,3000000.0,,missingData,missingData,Yes,Yes,missingData,No,missingData
0,NEST,NEST,,,,USA,29.0,,2.4,Yes,No,missingData,0.65,Yes,Yes,No,7.0,88000000.0,0.88,missingData,missingData,Yes,Yes,missingData,No,missingData
0,New Bloc,NBC,,,,Singapore,,,2.4,Yes,No,missingData,,No,Yes,No,5.0,10000000.0,0.5,missingData,missingData,Yes,Yes,missingData,No,missingData
0,Nilex,NIX,,,,Unknown,,,2.4,Yes,No,missingData,,No,No,No,6.0,8500000.0,0.85,missingData,missingData,Yes,Yes,missingData,No,missingData
0,OUNA,OUNA,,,,Gibraltar,30.0,60.0,2.6,Yes,No,missingData,0.0115,No,Yes,Yes,18.0,1200000000.0,0.6,missingData,missingData,Yes,Yes,missingData,No,missingData
0,PalletOne,,,,,Unknown,20.0,,2.4,Yes,No,missingData,,No,No,No,,,,missingData,missingData,Yes,No,missingData,Yes,missingData
0,PaxPay,PAX,,,,USA,,,2.4,Yes,No,missingData,,No,No,Yes,12.0,349500000.0,0.35,missingData,missingData,Yes,Yes,missingData,No,missingData
0,PAYX,PAYX Token / PAX,,,,Singapore,,,2.4,Yes,No,missingData,,No,Yes,No,5.0,1900000000.0,0.38,missingData,missingData,Yes,Yes,missingData,Yes,missingData
0,Peatcoin,PTN,,,,Russia,,,2.3,Yes,No,missingData,1.0,Yes,Yes,No,,,,missingData,missingData,Yes,Yes,missingData,No,missingData
0,Pixiu,PIXIU,,,,Unknown,,,2.4,Yes,No,missingData,,No,No,No,4.0,21000000.0,,missingData,missingData,Yes,Yes,missingData,No,missingData
0,Plaas,PLAAS,,,,Botswana,70.0,,2.4,Yes,No,missingData,0.5,No,No,No,6.0,37500000.0,0.75,missingData,missingData,Yes,Yes,missingData,No,missingData
0,Points Network,Points,,,,Pakistan,,,2.4,No,No,missingData,,No,No,No,4.0,100000.0,0.00044,missingData,missingData,Yes,Yes,missingData,No,missingData
0,PopulStay,PPS,,,,Singapore,44.0,,2.4,Yes,No,missingData,0.01,No,Yes,No,16.0,1500000000.0,0.3,missingData,missingData,Yes,Yes,missingData,Yes,missingData
0,PressCoin,NEWS,,,,UK,,,2.4,Yes,No,missingData,1.0,No,No,No,,90000000.0,0.9,missingData,missingData,Yes,Yes,missingData,No,missingData
0,Propify,REAL ESTATE Tokens,,,,Australia,,,2.9,Yes,No,missingData,,Yes,Yes,No,8.0,85000000.0,0.85,missingData,missingData,Yes,Yes,missingData,Yes,missingData
0,Qurito,QURO,,,,Unknown,31.0,,2.5,Yes,No,missingData,0.1,No,No,No,,,,missingData,missingData,Yes,Yes,missingData,No,missingData
0,RadJav,XRJ,,,,USA,,,2.4,No,No,missingData,,No,No,No,,85000000.0,,missingData,missingData,Yes,Yes,missingData,Yes,missingData
0,Rate Date,RDT,,,,Russia,28.0,,2.2,Yes,No,missingData,0.195,No,No,No,4.0,50000000.0,0.74,missingData,missingData,Yes,Yes,missingData,No,missingData
0,Razoom,RZMP,,,,Singapore,,,2.4,Yes,No,missingData,,No,No,No,3.0,,0.75,missingData,missingData,Yes,Yes,missingData,No,missingData
0,Real Estate Doc,REDT,,,,Singapore,,,2.4,Yes,No,missingData,0.018,Yes,Yes,Yes,16.0,500000000.0,0.5,missingData,missingData,Yes,Yes,missingData,No,missingData
0,RecordGram,TUNE,,,,USA,,,2.4,Yes,No,missingData,,No,No,No,16.0,2400000000.0,0.8,missingData,missingData,Yes,Yes,missingData,No,missingData
0,Saltmine,NACL,,,,USA,,,2.4,Yes,No,missingData,1.0,Yes,Yes,No,6.0,10000000.0,0.71,missingData,missingData,Yes,Yes,missingData,No,missingData
0,Shyft Network,CREDS,,,,Barbados,,,2.4,No,No,missingData,,No,Yes,No,24.0,,,missingData,missingData,Yes,Yes,missingData,Yes,missingData
0,Sintec,STEC,,,,Russia,72.0,,2.1,Yes,No,missingData,5.0,No,No,No,,,,missingData,missingData,Yes,Yes,missingData,No,missingData
0,SmartChain Media,MEDIA,,,,USA,121.0,,2.6,Yes,No,missingData,0.143,Yes,Yes,Yes,16.0,,0.35,missingData,missingData,Yes,Yes,missingData,No,missingData
0,Solana,SOL,,,,USA,1.0,,3.6,Yes,No,missingData,0.22,No,No,No,,8000000.0,,missingData,missingData,Yes,Yes,missingData,Yes,missingData
0,Spin509,SPIN,,,,USA,,,2.4,Yes,No,missingData,0.4,No,No,No,14.0,40000000.0,,missingData,missingData,Yes,Yes,missingData,No,missingData
0,SpotLight,SLC,,,,Unknown,,,2.4,Yes,No,missingData,,No,No,No,10.0,,,missingData,missingData,Yes,Yes,missingData,No,missingData
0,Stockus,STT,,,,Unknown,,,2.4,Yes,No,missingData,,No,No,No,4.0,10000000.0,0.7,missingData,missingData,Yes,Yes,missingData,No,missingData
0,Studyx,STDX,,,,Hong Kong,,,2.4,Yes,No,missingData,1.1,Yes,Yes,No,,77333333.0,0.65,missingData,missingData,Yes,Yes,missingData,Yes,missingData
0,Synthetics Ai,SYNT,,,,Romania,,,2.4,Yes,No,missingData,0.04,No,No,Yes,3.0,275000000.0,0.55,missingData,missingData,Yes,Yes,missingData,No,missingData
0,Taraxa,,,,,USA,,,2.4,No,No,missingData,,No,No,No,14.0,,,missingData,missingData,Yes,Yes,missingData,No,missingData
0,Taxo Coin,TXC,,,,UK,45.0,,2.0,Yes,No,missingData,0.1621,No,No,No,3.0,37800000.0,0.7,missingData,missingData,Yes,Yes,missingData,No,missingData
0,ThisOrThat,EGG,,,,Russia,,,2.4,Yes,No,missingData,,No,No,No,7.0,572000000.0,0.52,missingData,missingData,Yes,Yes,missingData,No,missingData
0,Tixico,TXI,,,,Latvia,,,2.4,Yes,No,missingData,0.0353,No,No,Yes,7.0,,,missingData,missingData,Yes,Yes,missingData,Yes,missingData
0,Tobigca Social Casino,TOC,,,,Japan,37.0,,2.4,Yes,No,missingData,0.0208,No,No,No,,600000000.0,0.6,missingData,missingData,Yes,Yes,missingData,No,missingData
0,TokenAI,TAI,,,,USA,,,2.6,Yes,No,missingData,7.054,No,No,No,11.0,,,missingData,missingData,Yes,Yes,missingData,Yes,missingData
0,TRUST CASH,TRUSTC,,,,Singapore,0.0,,2.4,Yes,No,missingData,0.02,No,Yes,Yes,,4000000000.0,0.65,missingData,missingData,Yes,Yes,missingData,Yes,missingData
0,TrustaBit,TAB,,,,USA,7.0,,2.4,Yes,No,missingData,0.25,Yes,Yes,No,13.0,,0.61,missingData,missingData,Yes,Yes,missingData,Yes,missingData
0,TxHash Network,TXN,,,,Gibraltar,,,2.4,Yes,No,missingData,,Yes,Yes,No,8.0,400000000.0,0.4,missingData,missingData,Yes,Yes,missingData,Yes,missingData
0,U-Network,UUU,,,,Singapore,,,2.4,Yes,No,missingData,,No,No,No,,,0.4,missingData,missingData,Yes,Yes,missingData,Yes,missingData
0,UpTick,UPTl,,,,Germany,,,2.4,Yes,No,missingData,,No,No,No,10.0,,,missingData,missingData,Yes,Yes,missingData,No,missingData
0,VeChain,VCH,,,,Singapore,13.0,,3.0,Yes,No,missingData,0.08,No,No,No,12.0,,0.41,missingData,missingData,Yes,Yes,missingData,Yes,missingData
0,Virtonomics,VIC,,,,Russia,,34.0,2.6,Yes,No,missingData,0.8,No,No,No,1.0,40000000.0,0.73,missingData,missingData,Yes,Yes,missingData,No,missingData
0,Virtue Poker,,,,,UK,14.0,,2.2,Yes,No,missingData,0.000237,No,No,No,13.0,100000000.0,0.2,missingData,missingData,Yes,Yes,missingData,No,missingData
0,Wehome,HOM,,,,South Korea,,,2.4,Yes,No,missingData,0.1,No,No,No,,1500000000.0,0.3,missingData,missingData,Yes,Yes,missingData,No,missingData
0,Windmill Enterprise,COG,,,,USA,49.0,30.0,2.4,Yes,No,missingData,,No,No,No,,181500000.0,0.33,missingData,missingData,Yes,Yes,missingData,No,missingData
0,WOM,WOM,,,,Singapore,30.0,,2.4,Yes,No,missingData,0.20612,No,No,No,14.0,350000000.0,0.35,missingData,missingData,Yes,Yes,missingData,No,missingData
0,XiWATT,XIW,,,,USA,,,2.4,Yes,No,missingData,0.2,Yes,Yes,No,7.0,,,missingData,missingData,Yes,Yes,missingData,No,missingData
0,Yooba,YOO,,,,Unknown,,,2.4,Yes,No,missingData,,No,No,No,5.0,4000000000.0,0.4,missingData,missingData,Yes,Yes,missingData,No,missingData
0,Zcnox,ZNC,,,,Unknown,,,2.4,Yes,No,missingData,,No,No,No,,14000000.0,0.7,missingData,missingData,Yes,Yes,missingData,No,missingData
0,ALLN,ALLN,,,,Hong Kong,,,2.3,Yes,No,missingData,,No,No,No,,1400000000.0,0.4,missingData,missingData,Yes,Yes,missingData,No,missingData
0,AMICORUM.LIVE,AMI,,,,Estonia,60.0,121.0,2.8,Yes,No,missingData,0.5,Yes,No,Yes,12.0,40000000.0,0.8,missingData,missingData,Yes,Yes,missingData,Yes,missingData
0,AMLT,AMLT,,,,UK,49.0,,2.3,Yes,No,missingData,0.39,Yes,Yes,No,10.0,210000000.0,,missingData,missingData,Yes,Yes,missingData,No,missingData
0,Arbi,ARBI,,,,Russia,,,2.5,Yes,No,missingData,3.3,No,No,No,3.0,,,missingData,missingData,Yes,Yes,missingData,Yes,missingData
0,BillPoker,BP,,,,Russia,,,2.0,Yes,No,missingData,0.3,No,No,Yes,4.0,70000000.0,,missingData,missingData,Yes,Yes,missingData,No,missingData
0,BitCab ICO,CAB,,,,USA,18.0,,2.3,Yes,No,missingData,0.02,Yes,No,No,10.0,3500000000.0,0.7,missingData,missingData,Yes,Yes,missingData,No,missingData
0,bloquid,BQT,,,,Russia,64.0,,2.3,No,No,missingData,1.0,Yes,Yes,No,13.0,6000000.0,0.05,missingData,missingData,Yes,Yes,missingData,No,missingData
0,Bubblo,BUBL,,,,UK,,,2.5,Yes,No,missingData,0.1,No,No,No,,510000000.0,0.51,missingData,missingData,Yes,Yes,missingData,No,missingData
0,Carats.io,CARAT,,,,UK,,,2.3,Yes,No,missingData,1.0,Yes,Yes,No,,30000000.0,1.0,missingData,missingData,Yes,Yes,missingData,Yes,missingData
0,CARCO,CARCO,,,,Slovenia,43.0,,2.3,Yes,No,missingData,0.0439,No,No,Yes,8.0,390000000.0,0.6,missingData,missingData,Yes,Yes,missingData,No,missingData
0,Centuryx,XXI,,,,Estonia,,,2.3,Yes,No,missingData,0.25,No,Yes,No,4.0,11320000.0,,missingData,missingData,Yes,Yes,missingData,Yes,missingData
0,Ceybit,CYBT,,,,Sri Lanka,,,2.3,Yes,No,missingData,,No,No,No,27.0,987000000.0,0.47,missingData,missingData,Yes,Yes,missingData,No,missingData
0,CryptoMuseum,WCMT,,,,UK,28.0,,2.3,Yes,No,missingData,0.412,No,No,No,4.0,,0.85,missingData,missingData,Yes,No,missingData,Yes,missingData
0,CSAToken,CSAT,,,,Thailand,30.0,,2.3,Yes,No,missingData,1.0,No,No,No,,15000000.0,0.75,missingData,missingData,Yes,Yes,missingData,No,missingData
0,Datavlt,DVT,,,,Singapore,,7.0,2.3,Yes,No,missingData,0.0975,Yes,Yes,No,,260000000.0,0.4,missingData,missingData,Yes,Yes,missingData,No,missingData
0,Decentralcoin,DCC,,,,Turks and Caicos Islands,,,2.3,No,No,missingData,,No,No,Yes,4.0,250000000.0,0.25,missingData,missingData,Yes,Yes,missingData,No,missingData
0,Deconet,DCO,,,,USA,,,2.3,Yes,No,missingData,,No,No,Yes,13.0,1000000000.0,1.0,missingData,missingData,Yes,Yes,missingData,No,missingData
0,Doft,DFC,,,,USA,,,2.7,Yes,No,missingData,1.292,No,No,No,5.0,,,missingData,missingData,Yes,Yes,missingData,No,missingData
0,Dollero Technology,DLLR,,,,Slovakia,90.0,,2.3,Yes,No,missingData,1.1305,No,Yes,No,8.0,17000000.0,0.425,missingData,missingData,Yes,Yes,missingData,No,missingData
0,ECOS,ECOS,,,,Estonia,49.0,59.0,2.8,Yes,No,missingData,0.1,No,Yes,Yes,13.0,385000000.0,0.5,missingData,missingData,Yes,Yes,missingData,Yes,missingData
0,ECTA,ECTA,,,,Slovenia,,,2.3,Yes,No,missingData,0.02,Yes,Yes,No,13.0,500000000.0,0.5,missingData,missingData,Yes,Yes,missingData,No,missingData
0,Eventa,EVTA,,,,Unknown,,,2.3,Yes,No,missingData,0.005,No,No,No,8.0,,0.6,missingData,missingData,Yes,Yes,missingData,Yes,missingData
0,Fida,FIDA,,,,Netherlands,,,2.3,Yes,No,missingData,1.1629,No,Yes,No,,,,missingData,missingData,Yes,Yes,missingData,Yes,missingData
0,Fiduxa,FDU,,,,United Arab Emirates,,,2.3,Yes,No,missingData,,No,No,No,,80000000.0,0.8,missingData,missingData,Yes,Yes,missingData,Yes,missingData
0,Fonder,FON,,,,Singapore,,,2.3,Yes,No,missingData,,No,No,No,10.0,,0.21,missingData,missingData,Yes,No,missingData,Yes,missingData
0,Forecast,FCT,,,,USA,,,2.3,Yes,No,missingData,103.921,No,No,No,,10000000.0,0.5,missingData,missingData,Yes,Yes,missingData,No,missingData
0,FORT,FRT,,,,Bahamas,,,2.3,Yes,No,missingData,,Yes,Yes,No,,,0.6,missingData,missingData,Yes,Yes,missingData,No,missingData
0,Frink,FRINK,,,,USA,,,2.3,No,No,missingData,0.25,No,Yes,No,5.0,,,missingData,missingData,Yes,Yes,missingData,No,missingData
0,HeartChain,HCT,,,,Gibraltar,,,2.3,Yes,No,missingData,,No,No,No,13.0,72500000.0,0.5,missingData,missingData,Yes,Yes,missingData,No,missingData
0,Herdius,HER,,,,Germany,13.0,,3.1,Yes,No,missingData,,No,No,No,8.0,40500000.0,0.9,missingData,missingData,Yes,Yes,missingData,Yes,missingData
0,HFC Coin,,,,,USA,,,2.3,Yes,No,missingData,,No,No,No,8.0,45500000.0,0.7,missingData,missingData,Yes,No,missingData,No,missingData
0,Impact Earth,IMPACTXO,,,,Netherlands,,,2.3,Yes,No,missingData,,No,No,Yes,,100000000.0,,missingData,missingData,Yes,Yes,missingData,No,missingData
0,Impact PPA,MPQ,,,,USA,,,2.3,Yes,No,missingData,0.35,No,No,No,,,,missingData,missingData,Yes,Yes,missingData,No,missingData
0,Investre,IVT,,,,Unknown,,,2.3,Yes,No,missingData,,No,No,No,7.0,,0.4,missingData,missingData,Yes,Yes,missingData,No,missingData
0,iRespo,IRESPO,,,,Poland,,,2.3,No,No,missingData,0.15,No,No,No,,80000000.0,0.67,missingData,missingData,Yes,Yes,missingData,Yes,missingData
0,JTR,JTR,,,,Hong Kong,,,2.3,Yes,No,missingData,,No,No,No,,900000000.0,0.73,missingData,missingData,Yes,Yes,missingData,No,missingData
0,JWC Ventures,JWC,,,,Cayman Islands,15.0,14.0,2.4,Yes,No,missingData,0.0816,Yes,Yes,Yes,8.0,1000000000.0,0.4,missingData,missingData,Yes,Yes,missingData,Yes,missingData
0,Keen Platform,KNT,,,,Pakistan,,60.0,2.8,No,No,missingData,0.1575,No,No,Yes,,28000000.0,0.4,missingData,missingData,Yes,Yes,missingData,Yes,missingData
0,Kryptopy,KPY,,,,Canada,,,2.5,Yes,No,missingData,5.18,No,No,No,9.0,,,missingData,missingData,Yes,Yes,missingData,Yes,missingData
0,LendChain,LVCOIN,,,,Unknown,,,2.3,Yes,No,missingData,0.0176,No,No,No,5.0,,0.35,missingData,missingData,Yes,Yes,missingData,No,missingData
0,Libra Credit,CRED,,,,USA,4.0,,2.3,Yes,No,missingData,0.101041946,No,No,No,22.0,40000000.0,0.04,missingData,missingData,Yes,Yes,missingData,No,missingData
0,Luxxeum,LXX,,,,Netherlands,,,2.3,Yes,No,missingData,0.5,No,No,No,,6000000.0,0.84,missingData,missingData,Yes,Yes,missingData,No,missingData
0,MarbCoin,MAB,,,,Spain,92.0,,2.3,Yes,No,missingData,0.08,No,Yes,Yes,1.0,440000000.0,0.44,missingData,missingData,Yes,Yes,missingData,No,missingData
0,Mass,MASS,,,,UK,,,2.3,Yes,No,missingData,0.61,No,No,No,,50000000.0,,missingData,missingData,Yes,Yes,missingData,No,missingData
0,MediBond,MediBond,,,,UK,,,2.4,Yes,No,missingData,,No,No,No,6.0,,,missingData,missingData,Yes,Yes,missingData,No,missingData
0,MediLOT,LOT,,,,Singapore,,,3.1,Yes,No,missingData,0.045,No,No,No,23.0,666666668.0,0.333,missingData,missingData,Yes,Yes,missingData,No,missingData
0,MNODE,MASTER,,,,Singapore,,61.0,1.9,No,No,missingData,,Yes,Yes,No,22.0,,,missingData,missingData,Yes,Yes,missingData,Yes,missingData
0,MoonShard,*SHARD*,,,,Russia,,,2.3,Yes,No,missingData,,Yes,Yes,No,2.0,,,missingData,missingData,Yes,Yes,missingData,Yes,missingData
0,Myplacex,MPXT,,,,South Africa,21.0,,2.3,Yes,No,missingData,0.033,No,No,No,4.0,150000000.0,0.15,missingData,missingData,Yes,Yes,missingData,No,missingData
0,MySmartProperty,MSPT,,,,Australia,,,2.3,Yes,No,missingData,1.0,No,No,No,8.0,40000000.0,0.24,missingData,missingData,Yes,Yes,missingData,No,missingData
0,NKN,,,,,USA,0.0,,2.3,No,No,missingData,0.136840717,No,No,No,6.0,,,missingData,missingData,Yes,No,missingData,Yes,missingData
0,NVIS,NVIS,,,,USA,,,2.3,Yes,No,missingData,1.0,No,No,No,,100000000.0,0.4,missingData,missingData,Yes,Yes,missingData,No,missingData
0,NyronChain,NYR,,,,China,,,2.3,Yes,No,missingData,0.3121,No,No,No,,60000000.0,0.6,missingData,missingData,Yes,Yes,missingData,No,missingData
0,OpenBlock,OBC,,,,Belize,,,2.3,No,No,missingData,,No,No,No,,10250000.0,0.415,missingData,missingData,Yes,Yes,missingData,No,missingData
0,OTS PROJECT,OTS,,,,UK,29.0,3.0,2.3,No,No,missingData,,No,No,Yes,,,,missingData,missingData,Yes,Yes,missingData,Yes,missingData
0,PetSource,PTS,,,,Switzerland,45.0,28.0,2.5,Yes,No,missingData,0.12,No,Yes,No,9.0,550000000.0,0.25,missingData,missingData,Yes,Yes,missingData,No,missingData
0,Phantasma,SOUL,,,,Portugal,6.0,,2.6,No,No,missingData,0.23,No,No,No,12.0,65000000.0,0.65,missingData,missingData,Yes,Yes,missingData,Yes,missingData
0,PILIGRIM XXI,ARCON,,,,Russia,,,2.3,Yes,No,missingData,1.0,No,No,No,6.0,15000000.0,,missingData,missingData,Yes,Yes,missingData,No,missingData
0,PingPong,PPT,,,,Russia,,,2.4,Yes,No,missingData,10.0,No,No,No,,1035000.0,,missingData,missingData,Yes,Yes,missingData,No,missingData
0,Pitch,PITCH,,,,USA,31.0,,2.5,Yes,No,missingData,0.093,Yes,Yes,No,18.0,323600000.0,0.2,missingData,missingData,Yes,Yes,missingData,No,missingData
0,PlayerOne,PLO,,,,South Korea,,,2.3,Yes,No,missingData,,No,No,No,20.0,3000000000.0,0.3,missingData,missingData,Yes,Yes,missingData,Yes,missingData
0,RealCasino,CHIP,,,,Malta,30.0,,2.6,Yes,No,missingData,0.00864,Yes,No,No,21.0,4800000000.0,0.8,missingData,missingData,Yes,Yes,missingData,Yes,missingData
0,Retail.Global,RGT,,,,British Virgin Islands,,29.0,2.3,No,No,missingData,1.0,No,No,Yes,,12150000.0,0.3,missingData,missingData,Yes,Yes,missingData,Yes,missingData
0,Robotvera,VERA,,,,Russia,,,2.3,Yes,No,missingData,,No,No,No,4.0,5000000.0,,missingData,missingData,Yes,Yes,missingData,No,missingData
0,Saat,SAAT,,,,Unknown,,,2.3,Yes,No,missingData,0.61,No,No,No,,25000000.0,,missingData,missingData,Yes,Yes,missingData,No,missingData
0,Safeguard,SGT,,,,Netherlands,54.0,,2.3,No,No,missingData,0.1565,Yes,Yes,Yes,22.0,75297600.0,0.664,missingData,missingData,Yes,Yes,missingData,No,missingData
0,Satori Books,STR Token,,,,Japan,55.0,,2.3,Yes,No,missingData,1.0,No,No,No,,50000000.0,0.5,missingData,missingData,Yes,Yes,missingData,No,missingData
0,SgamePro,SGM,,,,Switzerland,,,2.7,Yes,No,missingData,,No,Yes,No,16.0,194000000.0,0.55,missingData,missingData,Yes,Yes,missingData,No,missingData
0,ShoCoin,Shocoin,,,,USA,,105.0,2.3,No,No,missingData,0.11,No,Yes,No,,1000000000.0,,missingData,missingData,Yes,Yes,missingData,No,missingData
0,Silicon,SIL,,,,USA,,,2.3,No,No,missingData,,Yes,Yes,No,9.0,,0.3,missingData,missingData,Yes,Yes,missingData,Yes,missingData
0,SkyPay,SKYS,,,,UK,,,2.3,No,No,missingData,0.9089,No,Yes,No,,189000000.0,0.6,missingData,missingData,Yes,Yes,missingData,No,missingData
0,Socratus,SCR,,,,Russia,,,2.3,Yes,No,missingData,,No,No,No,17.0,,,missingData,missingData,Yes,Yes,missingData,No,missingData
0,Sparta,SPARTA,,,,Unknown,,,2.4,Yes,No,missingData,,No,No,No,1.0,,,missingData,missingData,Yes,Yes,missingData,Yes,missingData
0,SPORTCY,SPTC,,,,Singapore,,,2.3,Yes,No,missingData,0.1,No,No,No,,,,missingData,missingData,Yes,Yes,missingData,No,missingData
0,STRIM,STR,,,,Romania,,,2.3,Yes,No,missingData,,No,No,No,4.0,,,missingData,missingData,Yes,Yes,missingData,Yes,missingData
0,Transition Coin,TGB,,,,USA,58.0,21.0,2.3,Yes,No,missingData,1.0,No,Yes,Yes,2.0,,,missingData,missingData,Yes,Yes,missingData,No,missingData
0,UChain,UCN,,,,Canada,17.0,3.0,3.0,Yes,No,missingData,0.0869,No,No,No,20.0,,0.4,missingData,missingData,Yes,Yes,missingData,No,missingData
0,VectorZilla,VZT,,,,India,299.0,,3.2,Yes,No,missingData,0.2308,Yes,Yes,Yes,17.0,75000000.0,0.75,missingData,missingData,Yes,Yes,missingData,Yes,missingData
0,ViewChain,VIEW,,,,Singapore,,,2.3,Yes,No,missingData,0.012,No,No,No,,2500000.0,0.25,missingData,missingData,Yes,Yes,missingData,No,missingData
0,Waltix,WLTX,,,,Russia,,,2.6,Yes,No,missingData,1.0,No,No,No,,,0.7,missingData,missingData,Yes,Yes,missingData,Yes,missingData
0,Weeve Network,WEEV,,,,Germany,,,2.3,Yes,No,missingData,,No,No,No,22.0,,,missingData,missingData,Yes,Yes,missingData,Yes,missingData
0,Workchain,WCH,,,,UK,,,2.3,Yes,No,missingData,,Yes,Yes,Yes,7.0,70000000000.0,,missingData,missingData,Yes,Yes,missingData,No,missingData
0,XELS,XELS,,,,Hong Kong,30.0,,2.2,Yes,No,missingData,0.14,Yes,No,No,,1871550000.0,0.44,missingData,missingData,Yes,Yes,missingData,No,missingData
0,XZEN,XZN,,,,Russia,17.0,,2.6,Yes,No,missingData,0.05,No,No,No,5.0,50000000.0,0.5,missingData,missingData,Yes,Yes,missingData,Yes,missingData
0,YooPing,YPNG,,,,Malta,27.0,,2.3,Yes,No,missingData,0.1,No,Yes,No,10.0,450000000.0,0.563,missingData,missingData,Yes,Yes,missingData,No,missingData
0,Agro Stock Exchange,ASE,,,,Ukraine,,,2.2,Yes,No,missingData,0.1,No,No,No,9.0,,0.5,missingData,missingData,Yes,Yes,missingData,No,missingData
0,AlchemyByte,ALB,,,,British Virgin Islands,,45.0,2.2,No,No,missingData,5.0,No,No,No,4.0,3920000.0,0.98,missingData,missingData,Yes,Yes,missingData,No,missingData
0,Asset Token,ASET,,,,USA,,,3.1,Yes,No,missingData,0.8,No,No,No,11.0,60000000.0,0.06,missingData,missingData,Yes,Yes,missingData,No,missingData
0,ATMToken,ATMT,,,,Sweden,,,2.2,Yes,No,missingData,,No,No,No,2.0,2575000.0,,missingData,missingData,Yes,Yes,missingData,Yes,missingData
0,B-Umbrella,BUNT,,,,Unknown,,,2.2,No,No,missingData,,No,No,No,,600000000.0,,missingData,missingData,Yes,Yes,missingData,No,missingData
0,BitcoinBing,BING,,,,Estonia,16.0,,2.4,Yes,No,missingData,0.5,Yes,No,No,,150000000.0,0.15,missingData,missingData,Yes,Yes,missingData,Yes,missingData
0,Bizi 13,BIZ,,,,Unknown,,,2.2,Yes,No,missingData,0.05,No,No,No,8.0,30000000.0,,missingData,missingData,Yes,Yes,missingData,No,missingData
0,Cointrade,CTT,,,,Spain,19.0,,2.2,Yes,No,missingData,0.24,No,No,No,6.0,187500000.0,,missingData,missingData,Yes,Yes,missingData,No,missingData
0,Crypto Jade,JADE,,,,Unknown,91.0,,2.2,Yes,No,missingData,0.01,No,No,No,6.0,90000000.0,0.72,missingData,missingData,Yes,Yes,missingData,Yes,missingData
0,CryptoBrick,BRIK,,,,United Arab Emirates,,,2.2,Yes,No,missingData,,No,No,No,3.0,950000000.0,0.625,missingData,missingData,Yes,Yes,missingData,No,missingData
0,Cypherium,,,,,USA,,,2.2,Yes,No,missingData,,No,No,No,,,,missingData,missingData,Yes,No,missingData,No,missingData
0,Decentralized Machine Learning,DML,,,,Singapore,6.0,,2.5,Yes,No,missingData,0.135224075,No,No,No,17.0,,0.5,missingData,missingData,Yes,Yes,missingData,Yes,missingData
0,DeepBrain Chain,DPT,,,,Singapore,73.0,,2.2,Yes,No,missingData,0.0075,No,Yes,Yes,,1000000000.0,0.1,missingData,missingData,Yes,Yes,missingData,No,missingData
0,DHT,DHT,,,,Canada,61.0,,2.2,Yes,No,missingData,1.0,Yes,Yes,Yes,1.0,571428.0,0.75,missingData,missingData,Yes,Yes,missingData,No,missingData
0,DIG Coin,DIG,,,,USA,,,2.0,Yes,No,missingData,0.5,No,No,Yes,,35000000.0,0.5,missingData,missingData,Yes,Yes,missingData,Yes,missingData
0,DIVM,DIVM,,,,Russia,,,2.2,Yes,No,missingData,0.8,No,No,Yes,3.0,6300000.0,0.9,missingData,missingData,Yes,Yes,missingData,No,missingData
0,EcoPole.farm,EPC,,,,Russia,,,2.2,No,No,missingData,0.0168,No,No,No,,,,missingData,missingData,Yes,Yes,missingData,No,missingData
0,EMI Foundation,EMI,,,,Estonia,37.0,,2.2,Yes,No,missingData,0.399844196,No,Yes,No,,,0.45,missingData,missingData,Yes,Yes,missingData,No,missingData
0,Fan Controlled Football League,FAN,,,,USA,,,2.5,Yes,No,missingData,,No,No,No,21.0,,,missingData,missingData,Yes,Yes,missingData,Yes,missingData
0,Fintechnics,FINTC,,,,Switzerland,107.0,,2.2,Yes,No,missingData,116.9317,Yes,Yes,No,,626000.0,0.417,missingData,missingData,Yes,Yes,missingData,Yes,missingData
0,Fizcal,FZX,,,,USA,27.0,9.0,2.2,Yes,No,missingData,0.22,No,No,No,,34742063.0,0.75,missingData,missingData,Yes,Yes,missingData,No,missingData
0,FUELDApp,,,,,Belarus,,,3.2,Yes,No,missingData,0.3,No,No,No,6.0,150000000.0,0.75,missingData,missingData,Yes,No,missingData,No,missingData
0,Glu,GLU,,,,USA,,,2.5,Yes,No,missingData,,No,No,No,,125000000.0,,missingData,missingData,Yes,Yes,missingData,No,missingData
0,Goodwill Protocol,,,,,Unknown,,,2.2,Yes,No,missingData,,No,No,No,7.0,,,missingData,missingData,Yes,No,missingData,Yes,missingData
0,GXC,GXC,,,,South Korea,,,2.4,Yes,No,missingData,0.068,No,No,No,8.0,300000000.0,0.3,missingData,missingData,Yes,Yes,missingData,Yes,missingData
0,Gym Rewards,GYM,,,,USA,,,2.2,Yes,No,missingData,0.0872,Yes,Yes,Yes,5.0,1000000000.0,,missingData,missingData,Yes,Yes,missingData,Yes,missingData
0,Healthy Token,HLCN,,,,India,,,1.8,Yes,No,missingData,,No,No,No,,50031000.0,0.6,missingData,missingData,Yes,Yes,missingData,No,missingData
0,HiNounou,NOUNOU,,,,Singapore,,,2.2,No,No,missingData,0.1,No,No,No,12.0,120000000.0,0.6,missingData,missingData,Yes,Yes,missingData,No,missingData
0,HitChain,,,,,Unknown,5.0,,2.2,Yes,No,missingData,0.000307,No,No,No,,,0.3,missingData,missingData,Yes,No,missingData,Yes,missingData
0,ICURY,ICURY,,,,Netherlands,,,2.2,Yes,No,missingData,0.0313,Yes,Yes,No,5.0,1500000000.0,,missingData,missingData,Yes,Yes,missingData,Yes,missingData
0,Ieo service,Ieos,,,,France,46.0,,2.2,Yes,No,missingData,1.0,No,No,Yes,,600000.0,0.6,missingData,missingData,Yes,Yes,missingData,No,missingData
0,Intellos,ITX,,,,British Virgin Islands,30.0,36.0,2.2,Yes,No,missingData,0.1,Yes,Yes,No,14.0,,,missingData,missingData,Yes,Yes,missingData,No,missingData
0,Lescovex,LCX,,,,Spain,,,2.2,Yes,No,missingData,8.6871,No,No,No,5.0,5000000.0,0.5,missingData,missingData,Yes,No,missingData,Yes,missingData
0,LiveTalk,LVT,,,,Unknown,,,2.2,Yes,No,missingData,0.008,No,No,No,10.0,,0.7,missingData,missingData,Yes,Yes,missingData,No,missingData
0,LocalXpose,LXP,,,,Oman,30.0,,2.4,No,No,missingData,0.15,No,Yes,No,,15000000.0,0.7,missingData,missingData,Yes,Yes,missingData,No,missingData
0,Loki,,,,,Australia,25.0,,2.2,Yes,No,missingData,0.68,No,Yes,No,12.0,22500000.0,,missingData,missingData,Yes,Yes,missingData,Yes,missingData
0,LTO Network,LTO,,,,Netherlands,2.0,,3.2,Yes,No,missingData,0.03,No,Yes,No,15.0,210000000.0,0.42,missingData,missingData,Yes,No,missingData,Yes,missingData
0,Merge,MERGE,,,,Estonia,60.0,,2.2,Yes,No,missingData,0.058,No,No,No,13.0,223000000.0,0.52,missingData,missingData,Yes,Yes,missingData,No,missingData
0,Mplus,MPL,,,,Malaysia,,,2.2,Yes,No,missingData,,No,No,No,,1500000000.0,0.5,missingData,missingData,Yes,Yes,missingData,No,missingData
0,Nounou,NNU,,,,Singapore,,,2.2,Yes,No,missingData,0.1,No,No,No,12.0,120000000.0,0.6,missingData,missingData,Yes,Yes,missingData,No,missingData
0,Onyx,ONYX,,,,Unknown,,,2.2,Yes,No,missingData,0.01,No,No,No,2.0,600000000.0,0.72,missingData,missingData,Yes,Yes,missingData,No,missingData
0,Open Platform,OPEN,,,,Canada,,,3.1,Yes,No,missingData,0.1,No,No,No,15.0,500000000.0,0.5,missingData,missingData,Yes,Yes,missingData,Yes,missingData
0,PDX,PDX,,,,Unknown,,,2.2,Yes,No,missingData,0.000218,No,No,No,,2000000000.0,0.2,missingData,missingData,Yes,Yes,missingData,Yes,missingData
0,Ponsumer,PONS,,,,Unknown,,,2.2,Yes,No,missingData,0.09,No,No,No,,450000000.0,,missingData,missingData,Yes,Yes,missingData,Yes,missingData
0,Proemtheus,PTM,,,,Unknown,,,2.2,Yes,No,missingData,,No,No,No,9.0,2700000000.0,,missingData,missingData,Yes,Yes,missingData,No,missingData
0,Qbao,QBT,,,,South Korea,12.0,,2.2,Yes,No,missingData,0.261369,No,No,No,,,0.51,missingData,missingData,Yes,Yes,missingData,No,missingData
0,Savior,SAVI,,,,Unknown,,,2.2,Yes,No,missingData,,No,No,No,6.0,70000000.0,0.7,missingData,missingData,Yes,Yes,missingData,Yes,missingData
0,SilverDollar,SilverDollar SLVD,,,,Cayman Islands,,,2.2,Yes,No,missingData,1.0,Yes,Yes,No,,,,missingData,missingData,Yes,Yes,missingData,No,missingData
0,Skrilla,SKR,,,,Australia,31.0,,2.4,Yes,No,missingData,0.15,No,No,No,19.0,1000000000.0,0.6,missingData,missingData,Yes,Yes,missingData,No,missingData
0,Snips,SNI,,,,USA,,,2.2,Yes,No,missingData,,No,No,No,6.0,480000000.0,0.48,missingData,missingData,Yes,Yes,missingData,No,missingData
0,SOOLOOX,CAK,,,,Turks and Caicos Islands,5.0,,2.2,Yes,No,missingData,9.0,Yes,Yes,No,,,,missingData,missingData,Yes,Yes,missingData,No,missingData
0,Stein Coin,STCN,,,,Switzerland,,,2.2,Yes,No,missingData,,No,No,No,,82620000.0,0.4,missingData,missingData,Yes,Yes,missingData,Yes,missingData
0,Terra,,,,,Unknown,36.0,,2.6,Yes,No,missingData,0.8,No,No,No,8.0,,,missingData,missingData,Yes,No,missingData,No,missingData
0,Unico,UNI,,,,Italy,,,2.2,No,No,missingData,,No,No,No,16.0,1001572971.0,0.668,missingData,missingData,Yes,Yes,missingData,No,missingData
0,VALHALLA,VHL,,,,Singapore,,,2.0,Yes,No,missingData,,Yes,Yes,No,15.0,,,missingData,missingData,Yes,Yes,missingData,No,missingData
0,VICoin,VIC,,,,Ireland,,27.0,2.2,Yes,No,missingData,350.0,No,No,No,6.0,,,missingData,missingData,Yes,Yes,missingData,Yes,missingData
0,Vyral,SHARE,,,,Unknown,,,2.2,Yes,No,missingData,,No,No,No,,,,missingData,missingData,Yes,Yes,missingData,Yes,missingData
0,Wide Energy,WIDE,,,,UK,15.0,15.0,2.2,Yes,No,missingData,1.25,No,No,No,10.0,,0.75,missingData,missingData,Yes,Yes,missingData,No,missingData
0,YouRa,YRC,,,,Estonia,,,2.2,Yes,No,missingData,0.034,No,No,No,11.0,500000000.0,0.5,missingData,missingData,Yes,Yes,missingData,No,missingData
0,4lions.pro,LION,,,,Russia,1.0,,2.1,Yes,No,missingData,120.0,No,No,No,,300000.0,0.5,missingData,missingData,Yes,Yes,missingData,No,missingData
0,Aiq,AIQ,,,,UK,220.0,,2.1,Yes,No,missingData,0.037,Yes,Yes,No,,100000000.0,,missingData,missingData,Yes,Yes,missingData,No,missingData
0,ARPA,,,,,Unknown,,,2.1,Yes,No,missingData,,No,No,No,9.0,,,missingData,missingData,Yes,No,missingData,No,missingData
0,Asmbler,ASM,,,,Unknown,,,2.1,Yes,No,missingData,,No,No,No,6.0,420000000.0,0.7,missingData,missingData,Yes,Yes,missingData,No,missingData
0,Avai Football Club,AVAI,,,,Brazil,,,2.1,Yes,No,missingData,1.0,No,No,No,,20460000.0,0.5,missingData,missingData,Yes,Yes,missingData,No,missingData
0,Beeton DApp,BEET,,,,Cayman Islands,,,2.1,Yes,No,missingData,,No,No,Yes,,120000000.0,0.8,missingData,missingData,Yes,Yes,missingData,Yes,missingData
0,BeonBOX,BOX,,,,Japan,,,2.1,Yes,No,missingData,0.2786,No,No,Yes,,8000000.0,0.75,missingData,missingData,Yes,Yes,missingData,No,missingData
0,Bess Coin,BES,,,,Unknown,,,2.1,Yes,No,missingData,,No,No,No,,,,missingData,missingData,Yes,Yes,missingData,No,missingData
0,BINEX.TRADE,BEX,,,,Singapore,,,2.1,Yes,No,missingData,1.0,No,No,No,,20000000.0,0.95,missingData,missingData,Yes,No,missingData,No,missingData
0,Biostem,Biostem,,,,Malaysia,,59.0,2.1,Yes,No,missingData,0.8,No,No,No,,60000000.0,0.3,missingData,missingData,Yes,No,missingData,No,missingData
0,Blaze Protocol,,,,,Singapore,,,2.1,No,No,missingData,,No,No,Yes,13.0,,0.388,missingData,missingData,Yes,Yes,missingData,No,missingData
0,Clears,CLRS,,,,Hong Kong,0.0,,2.1,Yes,No,missingData,0.6992,Yes,Yes,No,9.0,48369987.0,0.56,missingData,missingData,Yes,Yes,missingData,Yes,missingData
0,ClickAuto,AutoCash,,,,Russia,,,2.1,Yes,No,missingData,0.35,No,No,Yes,,,,missingData,missingData,Yes,Yes,missingData,No,missingData
0,CNN,CNN,,,,Singapore,,,2.1,Yes,No,missingData,,No,No,No,,30000000000.0,0.3,missingData,missingData,Yes,Yes,missingData,No,missingData
0,ConferenceCoin,,,,,Unknown,,,2.1,Yes,No,missingData,,No,No,No,,,0.75,missingData,missingData,Yes,No,missingData,No,missingData
0,CRYPTTO,TTO,,,,British Virgin Islands,0.0,31.0,3.1,Yes,No,missingData,,Yes,Yes,Yes,,70000000.0,0.7,missingData,missingData,No,Yes,missingData,No,missingData
0,dApp Builder,DAP,,,,Russia,,54.0,2.4,Yes,No,missingData,0.1,No,No,No,8.0,2000000000.0,0.5,missingData,missingData,Yes,Yes,missingData,No,missingData
0,DATx,DATx,,,,Singapore,28.0,,2.1,Yes,No,missingData,0.0324,Yes,Yes,No,,,,missingData,missingData,Yes,Yes,missingData,No,missingData
0,Deep Gold,DEEP Token,,,,Hong Kong,91.0,,2.3,Yes,No,missingData,0.0501,No,No,No,1.0,40000000.0,,missingData,missingData,Yes,Yes,missingData,Yes,missingData
0,DenAR,DAR,,,,UK,,,2.1,Yes,No,missingData,,No,No,Yes,15.0,600000000.0,0.6,missingData,missingData,Yes,Yes,missingData,No,missingData
0,Earthmedz,ETD,,,,Australia,,,2.1,Yes,No,missingData,0.12,No,No,No,,150000000.0,0.75,missingData,missingData,Yes,Yes,missingData,No,missingData
0,Fluence,FLU,,,,Russia,,,1.9,Yes,No,missingData,0.62,No,No,No,4.0,,,missingData,missingData,Yes,Yes,missingData,No,missingData
0,Gadcoin,GAD,,,,Brazil,,,2.1,Yes,No,missingData,0.01,No,No,No,,60000000.0,,missingData,missingData,Yes,Yes,missingData,No,missingData
0,Game Gold,GGT,,,,Costa Rica,61.0,,2.5,Yes,No,missingData,0.21,No,No,No,18.0,200000000.0,,missingData,missingData,Yes,Yes,missingData,No,missingData
0,Gcd Coin,GCD Token,,,,Singapore,,,2.1,Yes,No,missingData,1.2,No,No,No,,5000000.0,0.244,missingData,missingData,Yes,Yes,missingData,Yes,missingData
0,GovBlocks,GBT,,,,Unknown,,,2.1,Yes,No,missingData,,No,No,No,5.0,,,missingData,missingData,Yes,Yes,missingData,Yes,missingData
0,iAqua,AQUAX,,,,Australia,,,2.1,Yes,No,missingData,,No,No,No,,3788766.0,0.84,missingData,missingData,Yes,Yes,missingData,No,missingData
0,Intellectual.Network,SPH,,,,USA,27.0,,2.1,Yes,No,missingData,0.01,No,No,Yes,,1000000000000.0,,missingData,missingData,Yes,Yes,missingData,No,missingData
0,Layer Protocol,LRX,,,,Switzerland,,,2.2,Yes,No,missingData,0.0375,Yes,Yes,No,11.0,400000000.0,0.4,missingData,missingData,Yes,Yes,missingData,No,missingData
0,Mammoth,MMT,,,,Unknown,,,2.1,Yes,No,missingData,,No,No,No,,550000000.0,0.55,missingData,missingData,Yes,Yes,missingData,Yes,missingData
0,Margin,MRG,,,,USA,,,2.1,Yes,No,missingData,0.25,No,No,No,6.0,162500000.0,0.65,missingData,missingData,Yes,Yes,missingData,No,missingData
0,Mavo Token,MVT,,,,Hong Kong,,,2.1,Yes,No,missingData,,No,No,No,,,0.35,missingData,missingData,Yes,Yes,missingData,No,missingData
0,MDK,MDK,,,,Russia,21.0,,2.5,Yes,No,missingData,0.036,No,No,No,,1000000000.0,0.5,missingData,missingData,Yes,Yes,missingData,No,missingData
0,Mthereum,MTE,,,,Malaysia,31.0,,1.6,Yes,No,missingData,0.872200012,Yes,No,No,5.0,25000000.0,0.25,missingData,missingData,Yes,Yes,missingData,No,missingData
0,Nevula,NVL,,,,Singapore,92.0,,2.1,No,No,missingData,,No,Yes,No,,40000000000.0,0.476,missingData,missingData,Yes,Yes,missingData,No,missingData
0,NULS,NULS,,,,China,,,2.1,Yes,No,missingData,4.01471,No,No,No,,,,missingData,missingData,Yes,Yes,missingData,Yes,missingData
0,Octaneum,,,,,Lebanon,,,2.1,Yes,No,missingData,,No,No,No,4.0,,,missingData,missingData,Yes,No,missingData,No,missingData
0,Omega One,OMT,,,,USA,,,2.4,Yes,No,missingData,2.96,No,No,No,4.0,,,missingData,missingData,Yes,Yes,missingData,No,missingData
0,One Share,ONE,,,,Germany,45.0,14.0,1.9,Yes,No,missingData,0.04,Yes,Yes,No,2.0,300000000.0,0.55,missingData,missingData,Yes,Yes,missingData,No,missingData
0,OneForOne Coin,OFO,,,,Unknown,,,2.1,No,No,missingData,,No,No,No,3.0,,,missingData,missingData,Yes,No,missingData,No,missingData
0,Pacmancoin,PMC,,,,Unknown,,,1.7,Yes,No,missingData,0.3,No,No,No,,30000000.0,0.1,missingData,missingData,Yes,Yes,missingData,No,missingData
0,Pressco,PRO,,,,Lithuania,,,2.4,Yes,No,missingData,,No,No,No,6.0,,,missingData,missingData,Yes,Yes,missingData,No,missingData
0,RET,HCT,,,,Russia,,,2.1,Yes,No,missingData,0.234,No,No,No,,,,missingData,missingData,Yes,Yes,missingData,No,missingData
0,Routecoin,Routecoin,,,,Canada,,,2.1,Yes,No,missingData,,No,No,No,,640000000.0,0.64,missingData,missingData,Yes,Yes,missingData,No,missingData
0,Shift,SHIFT,,,,Unknown,30.0,,2.1,Yes,No,missingData,,No,No,No,,,,missingData,missingData,Yes,No,missingData,No,missingData
0,ShopCorn,SHOP,,,,Japan,,,1.9,Yes,No,missingData,,No,No,No,,2000000000.0,,missingData,missingData,Yes,Yes,missingData,No,missingData
0,Social Media Income,SMI,,,,Unknown,,41.0,2.1,Yes,No,missingData,0.1528,No,No,No,,,,missingData,missingData,Yes,Yes,missingData,No,missingData
0,Spitball,,,,,USA,,,2.1,Yes,No,missingData,,No,No,No,,,,missingData,missingData,Yes,No,missingData,Yes,missingData
0,Stern,STERN,,,,Germany,,,2.1,Yes,No,missingData,0.1,No,No,No,7.0,600000000.0,0.6,missingData,missingData,Yes,Yes,missingData,No,missingData
0,Storeplex,PLEX,,,,UK,,,2.1,Yes,No,missingData,0.5,No,No,No,3.0,50000000.0,0.5,missingData,missingData,Yes,Yes,missingData,No,missingData
0,STREAM,STR,,,,USA,,,2.1,Yes,No,missingData,,No,No,No,,3300000000.0,0.33,missingData,missingData,Yes,Yes,missingData,No,missingData
0,Sun Fund,SFC Token,,,,USA,164.0,,2.1,Yes,No,missingData,,No,No,No,2.0,,,missingData,missingData,Yes,No,missingData,No,missingData
0,SuperDAO,SUP,,,,Nigeria,,,2.2,Yes,No,missingData,15.7206,No,No,No,3.0,3000000.0,1.0,missingData,missingData,Yes,Yes,missingData,Yes,missingData
0,The Mill Of Blood,TEIO,,,,Unknown,,,2.1,Yes,No,missingData,,No,No,No,5.0,,,missingData,missingData,Yes,Yes,missingData,No,missingData
0,Tilcoin,TLC,,,,Liechtenstein,,21.0,2.1,Yes,No,missingData,,No,No,No,,,,missingData,missingData,Yes,Yes,missingData,No,missingData
0,Trabet,TC,,,,Switzerland,,,2.1,Yes,No,missingData,0.5,No,No,Yes,,6000000.0,0.28,missingData,missingData,Yes,Yes,missingData,No,missingData
0,Uledger,ULDS,,,,USA,,,2.1,Yes,No,missingData,,No,No,No,5.0,90000000.0,,missingData,missingData,Yes,Yes,missingData,No,missingData
0,Veritas Mining,VRTM,,,,Thailand,,70.0,2.1,Yes,No,missingData,0.96,No,No,No,6.0,135000000.0,,missingData,missingData,Yes,Yes,missingData,No,missingData
0,VMC,VMC,,,,Netherlands,122.0,,3.1,No,No,missingData,0.2261676,Yes,Yes,No,9.0,1000000000.0,,missingData,missingData,No,Yes,missingData,No,missingData
0,Zerium,ZRM,,,,USA,,,2.1,Yes,No,missingData,0.3,No,No,No,13.0,,,missingData,missingData,Yes,Yes,missingData,No,missingData
0,Alphaslot,SLOT,,,,Singapore,91.0,,2.9,Yes,No,missingData,0.0577,No,Yes,No,5.0,150000000.0,0.15,missingData,missingData,Yes,Yes,missingData,No,missingData
0,Apis Token,API,,,,USA,,,2.0,No,No,missingData,2.0,No,No,No,,,0.8,missingData,missingData,Yes,Yes,missingData,No,missingData
0,Arcana,ARCA,,,,Unknown,,,2.0,Yes,No,missingData,,No,No,No,10.0,,0.6,missingData,missingData,Yes,Yes,missingData,No,missingData
0,Avaqva,AVQ,,,,Russia,,,2.0,Yes,No,missingData,0.01,No,No,No,7.0,2000000000.0,0.8,missingData,missingData,Yes,Yes,missingData,No,missingData
0,Bitlem Network,BTLM,,,,Mexico,13.0,,2.0,Yes,No,missingData,0.795447998,No,No,No,,70000000.0,0.7,missingData,missingData,Yes,No,missingData,No,missingData
0,Blockchain.aero,,,,,Russia,,,2.9,Yes,No,missingData,,No,No,No,1.0,,,missingData,missingData,Yes,Yes,missingData,No,missingData
0,Blue Chip Vision,BCV,,,,Cayman Islands,,,2.0,Yes,No,missingData,375.0,No,No,No,,48714285.0,0.75,missingData,missingData,Yes,Yes,missingData,No,missingData
0,BM Tokens,BMT,,,,Canada,,,2.0,No,No,missingData,0.01,No,No,No,,5000000000.0,,missingData,missingData,Yes,Yes,missingData,No,missingData
0,BPC Platform,,,,,USA,,,2.0,Yes,No,missingData,,No,No,No,13.0,,,missingData,missingData,Yes,No,missingData,Yes,missingData
0,Brewers <U+0421>oin,BREW,,,,Netherlands,,,2.0,Yes,No,missingData,,Yes,Yes,No,3.0,68000000.0,0.68,missingData,missingData,Yes,No,missingData,No,missingData
0,CANNEX,CANNEX,,,,British Virgin Islands,,128.0,2.0,Yes,No,missingData,,Yes,Yes,No,,40000000.0,,missingData,missingData,Yes,Yes,missingData,No,missingData
0,DenCity,DNX,,,,Croatia,,,2.4,Yes,No,missingData,0.034,Yes,Yes,No,3.0,,0.3,missingData,missingData,Yes,Yes,missingData,Yes,missingData
0,ELBYTE NETWORK,ELB,,,,Israel,,,2.0,Yes,No,missingData,0.4972,Yes,Yes,No,,297000000.0,0.42,missingData,missingData,Yes,Yes,missingData,No,missingData
0,Ethergo,XGO,,,,Unknown,,,2.0,Yes,No,missingData,,No,No,No,,,,missingData,missingData,Yes,Yes,missingData,Yes,missingData
0,EXOCOIN,EXO,,,,Portugal,2.0,,2.0,No,No,missingData,1.0,No,No,No,,8000000.0,,missingData,missingData,Yes,Yes,missingData,Yes,missingData
0,Fast Access Blockchain,FAB,,,,Canada,8.0,,2.0,Yes,No,missingData,2.5,Yes,Yes,No,8.0,200000000.0,0.12,missingData,missingData,Yes,Yes,missingData,No,missingData
0,Filipcoin,FLIP,,,,Philippines,,,2.0,Yes,No,missingData,1.2,Yes,No,No,,21000000.0,,missingData,missingData,Yes,Yes,missingData,No,missingData
0,Follow Extension,FOLLOW,,,,Unknown,,,2.0,Yes,No,missingData,1.0,No,No,No,,6000000.0,0.6,missingData,missingData,Yes,Yes,missingData,Yes,missingData
0,Getline,GET,,,,Unknown,,,2.0,Yes,No,missingData,,No,No,No,,,0.5,missingData,missingData,Yes,Yes,missingData,No,missingData
0,HighIoT,HIT,,,,Unknown,,,2.1,Yes,No,missingData,0.5,No,No,No,20.0,,0.2,missingData,missingData,Yes,Yes,missingData,No,missingData
0,Hilo.io,HILO,,,,USA,,,2.0,Yes,No,missingData,0.02,No,No,No,7.0,,0.25,missingData,missingData,Yes,Yes,missingData,No,missingData
0,Lesschain,LESS,,,,Unknown,,,2.0,Yes,No,missingData,,No,No,No,,41400000.0,0.3,missingData,missingData,Yes,Yes,missingData,No,missingData
0,Loomia,TILE,,,,USA,,,2.0,Yes,No,missingData,0.05,Yes,Yes,No,3.0,,,missingData,missingData,Yes,Yes,missingData,Yes,missingData
0,Loyaltychain,EMCL,,,,Hong Kong,,,1.7,Yes,No,missingData,,No,No,No,6.0,1000000000.0,,missingData,missingData,Yes,No,missingData,No,missingData
0,Magnum Link,ML,,,,Sierra Leone,,,2.0,Yes,No,missingData,1.0,No,No,No,,500000.0,0.98,missingData,missingData,Yes,Yes,missingData,No,missingData
0,Medicorum,MCC,,,,Unknown,,,2.0,Yes,No,missingData,0.15,No,No,No,9.0,40000000.0,0.4,missingData,missingData,Yes,Yes,missingData,No,missingData
0,Money Energy,ME,,,,Unknown,,,2.0,Yes,No,missingData,,No,No,No,1.0,,0.75,missingData,missingData,Yes,Yes,missingData,No,missingData
0,MoneyTap Token,MTP,,,,Japan,,,2.0,No,No,missingData,0.1,No,No,No,,200000000.0,,missingData,missingData,Yes,Yes,missingData,No,missingData
0,Moosecoin,MOOSE,,,,Netherlands,,,2.0,Yes,No,missingData,,No,No,No,3.0,1500000000.0,,missingData,missingData,Yes,Yes,missingData,Yes,missingData
0,Murmur,MUR,,,,Singapore,,,2.0,No,No,missingData,,No,No,Yes,3.0,,,missingData,missingData,Yes,No,missingData,Yes,missingData
0,Myrymax,MRX,,,,UK,,,2.0,Yes,No,missingData,0.0475,No,No,No,,600000000.0,0.6,missingData,missingData,Yes,Yes,missingData,No,missingData
0,NNS,NNS,,,,China,,,2.0,No,No,missingData,,No,No,No,8.0,,,missingData,missingData,Yes,No,missingData,Yes,missingData
0,Osn,OSN,,,,Unknown,,,2.0,No,No,missingData,,No,No,No,9.0,,,missingData,missingData,Yes,Yes,missingData,No,missingData
0,Primestar,PrimeCoin,,,,Singapore,59.0,,2.0,Yes,No,missingData,0.15,No,Yes,No,,,,missingData,missingData,Yes,No,missingData,Yes,missingData
0,Quantum Gold,QTG,,,,Unknown,,,2.0,Yes,No,missingData,,No,No,No,,,,missingData,missingData,Yes,Yes,missingData,No,missingData
0,R Pay,R Token,,,,Netherlands,,,2.2,Yes,No,missingData,0.7,No,No,No,,,,missingData,missingData,Yes,Yes,missingData,Yes,missingData
0,ReNu,ReNu,,,,Unknown,,,2.0,No,No,missingData,1.0,No,No,No,6.0,,,missingData,missingData,Yes,Yes,missingData,No,missingData
0,SamBanx,SAM,,,,Unknown,,,2.0,Yes,No,missingData,,No,No,No,11.0,70000000.0,0.7,missingData,missingData,Yes,Yes,missingData,No,missingData
0,Span Coin,SPAN,,,,UK,,,2.0,Yes,No,missingData,,No,No,No,,,,missingData,missingData,Yes,Yes,missingData,No,missingData
0,Staking Coin,XTC,,,,Hong Kong,,16.0,2.0,No,No,missingData,0.142857143,No,No,No,,18000000.0,0.29,missingData,missingData,Yes,Yes,missingData,Yes,missingData
0,USDX Protocol,USDX,,,,Singapore,,,2.0,Yes,No,missingData,,Yes,Yes,No,,3000000000.0,0.3,missingData,missingData,Yes,Yes,missingData,Yes,missingData
0,Velocity Ledger,OTC,,,,USA,,,2.0,Yes,No,missingData,,No,No,No,16.0,,,missingData,missingData,Yes,Yes,missingData,No,missingData
0,VirtuTV,VRTU,,,,USA,,,2.1,Yes,No,missingData,0.7,No,No,No,6.0,100000000.0,0.8,missingData,missingData,Yes,Yes,missingData,Yes,missingData
0,88 Coin,88 Coin,,,,Taiwan,,61.0,1.8,Yes,No,missingData,0.3,No,No,No,,,,missingData,missingData,Yes,Yes,missingData,No,missingData
0,AERGO,AERGO,,,,China,24.0,,3.2,Yes,No,missingData,0.26,No,No,No,20.0,150000000.0,0.3,missingData,missingData,Yes,Yes,missingData,No,missingData
0,Aita.network,AITA,,,,Unknown,,,1.8,No,No,missingData,0.0285,Yes,Yes,No,,,,missingData,missingData,Yes,Yes,missingData,Yes,missingData
0,Ankr,,,,,Unknown,5.0,,1.8,Yes,No,missingData,0.0066,No,No,No,,,,missingData,missingData,Yes,No,missingData,No,missingData
0,Atomic Network,ATOMIC,,,,Ireland,29.0,59.0,1.8,Yes,No,missingData,1.468200073,Yes,No,No,,125000000.0,,missingData,missingData,Yes,Yes,missingData,No,missingData
0,Bettingwin,BTW,,,,Unknown,,,1.8,Yes,No,missingData,0.001,No,No,No,,16887897300.0,,missingData,missingData,Yes,Yes,missingData,Yes,missingData
0,Bgogo,BGG,,,,Unknown,1.0,,1.8,Yes,No,missingData,0.00319,No,No,No,,5000000.0,0.5,missingData,missingData,Yes,Yes,missingData,No,missingData
0,BitEther,BTT,,,,USA,15.0,,1.8,Yes,No,missingData,0.0311,No,No,No,,5000000.0,0.2,missingData,missingData,Yes,Yes,missingData,No,missingData
0,Blackwave,BWDT,,,,Malta,38.0,,1.8,Yes,No,missingData,0.2728,No,No,Yes,8.0,210000000.0,0.708,missingData,missingData,Yes,Yes,missingData,No,missingData
0,Block Collider,,,,,USA,,,2.7,Yes,No,missingData,,No,No,No,7.0,,,missingData,missingData,Yes,No,missingData,Yes,missingData
0,Brickex,BRI,,,,Netherlands,30.0,,1.8,Yes,No,missingData,0.1,No,Yes,Yes,41.0,400000000.0,0.4,missingData,missingData,Yes,Yes,missingData,No,missingData
0,CADS,CADS,,,,UK,,,1.7,Yes,No,missingData,0.25,No,No,No,,10000000.0,,missingData,missingData,Yes,Yes,missingData,No,missingData
0,CIRCLE,CRC,,,,Unknown,,28.0,1.8,Yes,No,missingData,0.75,No,No,No,,,,missingData,missingData,Yes,Yes,missingData,No,missingData
0,connect social,,,,,Australia,,,1.8,Yes,No,missingData,,No,No,No,,,,missingData,missingData,Yes,No,missingData,No,missingData
0,DFS,DFS,,,,Unknown,,,1.8,Yes,No,missingData,,No,No,No,,,0.3,missingData,missingData,Yes,Yes,missingData,No,missingData
0,DNeT,DNET,,,,Unknown,,,1.8,Yes,No,missingData,,No,No,No,,,,missingData,missingData,Yes,Yes,missingData,No,missingData
0,DPRG,DPRG,,,,UK,,30.0,1.8,Yes,No,missingData,0.05,No,No,No,,,0.3,missingData,missingData,Yes,Yes,missingData,No,missingData
0,Easyfast,Fors,,,,Russia,,,2.0,Yes,No,missingData,0.1,No,No,No,,,,missingData,missingData,Yes,Yes,missingData,No,missingData
0,Estate Coin,ESC,,,,Russia,41.0,,1.8,Yes,No,missingData,1.4,No,No,No,,11000000.0,0.9,missingData,missingData,Yes,No,missingData,No,missingData
0,Experimental,e11,,,,Argentina,,,1.8,Yes,No,missingData,0.7,No,No,No,1.0,,,missingData,missingData,Yes,Yes,missingData,No,missingData
0,FriendsFingers,HAK,,,,Italy,,,1.8,Yes,No,missingData,0.1751,No,No,Yes,,48000000.0,0.3,missingData,missingData,Yes,Yes,missingData,Yes,missingData
0,Hero Node,,,,,China,0.0,,1.6,Yes,No,missingData,0.032,No,No,No,11.0,,0.4,missingData,missingData,Yes,No,missingData,Yes,missingData
0,Host.Games,HOST,,,,Malta,,,1.8,Yes,No,missingData,0.00625,Yes,No,Yes,18.0,4000000000.0,0.4,missingData,missingData,Yes,No,missingData,No,missingData
0,J-Link,JLC,,,,Unknown,,,1.8,Yes,No,missingData,,No,No,No,,12000000000.0,0.4,missingData,missingData,Yes,Yes,missingData,No,missingData
0,Keep,,,,,Unknown,,,1.8,Yes,No,missingData,,No,No,No,17.0,,,missingData,missingData,Yes,No,missingData,No,missingData
0,LGBT Foundation,,,,,Unknown,,,1.8,Yes,No,missingData,,No,No,No,15.0,,,missingData,missingData,Yes,No,missingData,Yes,missingData
0,LHG,LHG,,,,Unknown,,,1.8,Yes,No,missingData,,No,No,No,,60000000.0,0.4,missingData,missingData,Yes,Yes,missingData,No,missingData
0,Majime,MAJI,,,,Singapore,,,1.8,Yes,No,missingData,,No,No,No,8.0,,0.5,missingData,missingData,Yes,No,missingData,No,missingData
0,Marqyt,MRQ,,,,Latvia,45.0,,1.8,Yes,No,missingData,0.07,Yes,Yes,No,5.0,50000000.0,0.5,missingData,missingData,Yes,Yes,missingData,No,missingData
0,Mosaic,MZX,,,,Cayman Islands,,69.0,3.0,Yes,No,missingData,,Yes,Yes,No,23.0,250000000.0,0.25,missingData,missingData,Yes,Yes,missingData,No,missingData
0,Nebula Genomics,,,,,USA,,,1.8,Yes,No,missingData,,Yes,Yes,No,7.0,,,missingData,missingData,Yes,No,missingData,No,missingData
0,OFID,OFT,,,,China,,,1.8,Yes,No,missingData,,No,No,No,4.0,400000000.0,,missingData,missingData,Yes,Yes,missingData,Yes,missingData
0,Platinum Token Club,PNM,,,,Unknown,,,1.7,Yes,No,missingData,,No,No,No,,,,missingData,missingData,Yes,Yes,missingData,No,missingData
0,PL^G,PLUG,,,,Isle of Man,,,1.8,Yes,No,missingData,,No,No,No,,,,missingData,missingData,Yes,Yes,missingData,No,missingData
0,Pointnity Network,PONT,,,,Japan,,,1.8,Yes,No,missingData,,No,No,No,,1000000000.0,0.2,missingData,missingData,Yes,Yes,missingData,Yes,missingData
0,Profyt Pro,PFTC,,,,Canada,5.0,,1.4,Yes,No,missingData,0.38,No,No,No,,10000000.0,,missingData,missingData,Yes,Yes,missingData,No,missingData
0,Qirpiq,QRP,,,,Turkey,,,1.8,Yes,No,missingData,,No,No,No,3.0,610000000.0,0.61,missingData,missingData,Yes,Yes,missingData,No,missingData
0,Siglo,SGL,,,,Gibraltar,,,1.8,Yes,No,missingData,,No,No,No,21.0,2880000000.0,0.36,missingData,missingData,Yes,Yes,missingData,No,missingData
0,SmartMoni,SmartMoni,,,,USA,10.0,,1.8,No,No,missingData,2.0,No,No,No,2.0,,,missingData,missingData,Yes,Yes,missingData,No,missingData
0,SoyCoin,SYC,,,,Kazakhstan,30.0,,1.6,Yes,No,missingData,1.0,No,No,No,,325000000.0,,missingData,missingData,Yes,Yes,missingData,No,missingData
0,Sportience,Sportience,,,,Estonia,14.0,,1.8,No,No,missingData,0.097,No,No,No,,45000000.0,0.45,missingData,missingData,Yes,Yes,missingData,No,missingData
0,Starkware,,,,,Israel,,,1.8,Yes,No,missingData,,No,No,No,,,,missingData,missingData,Yes,No,missingData,No,missingData
0,StayAllied,STA,,,,USA,,,1.8,Yes,No,missingData,,No,No,No,,,0.5,missingData,missingData,Yes,Yes,missingData,Yes,missingData
0,Verifer,SPY,,,,Unknown,,,1.8,Yes,No,missingData,,No,No,No,,,0.88,missingData,missingData,Yes,Yes,missingData,No,missingData
0,VICCOIN,VIC,,,,USA,23.0,,1.8,Yes,No,missingData,0.95,No,No,No,,,,missingData,missingData,Yes,Yes,missingData,No,missingData
0,Whizz Coin,WHZ,,,,Unknown,,,1.8,Yes,No,missingData,,No,No,Yes,,45900000.0,0.68,missingData,missingData,Yes,Yes,missingData,Yes,missingData
0,Woodscoin,woodscoin,,,,Russia,,,1.8,Yes,No,missingData,,No,No,No,,69658016.0,0.8,missingData,missingData,Yes,Yes,missingData,No,missingData
0,Academy,ACAD,,,,USA,31.0,,2.7,Yes,No,missingData,2.0,Yes,Yes,No,,195000000.0,,missingData,missingData,Yes,Yes,missingData,No,missingData
0,Aira,,,,,Russia,,,1.7,Yes,No,missingData,,No,No,No,10.0,,,missingData,missingData,Yes,No,missingData,Yes,missingData
0,Arkadia,AAA,,,,UK,7.0,,2.4,Yes,No,missingData,,Yes,Yes,No,7.0,,0.67,missingData,missingData,Yes,Yes,missingData,Yes,missingData
0,Bitnexa,BNX,,,,USA,,,1.7,No,No,missingData,12.0,No,No,No,,266000000.0,0.65,missingData,missingData,Yes,Yes,missingData,No,missingData
0,ConsultEth,CTX,,,,Kenya,21.0,,1.7,Yes,No,missingData,0.53,No,No,No,,30000000.0,,missingData,missingData,Yes,No,missingData,No,missingData
0,CPChain,CPC,,,,China,31.0,,1.9,Yes,No,missingData,0.0719,No,No,No,,,,missingData,missingData,Yes,Yes,missingData,No,missingData
0,Crypto HongBao,HBO,,,,Unknown,,,1.7,Yes,No,missingData,,No,No,No,,,0.3,missingData,missingData,Yes,Yes,missingData,No,missingData
0,EPowChain Ecosystem,EPOW,,,,UK,,,1.6,Yes,No,missingData,0.1231,Yes,No,No,,60000000.0,0.6,missingData,missingData,Yes,Yes,missingData,No,missingData
0,Feast Coin,FSC,,,,Canada,,59.0,1.7,Yes,No,missingData,0.5,No,Yes,No,,,,missingData,missingData,Yes,Yes,missingData,No,missingData
0,First Crypto ETF,FCTF,,,,Slovakia,61.0,,1.7,Yes,No,missingData,0.11,No,No,No,6.0,65000000.0,0.82,missingData,missingData,Yes,Yes,missingData,No,missingData
0,GGX,GGX,,,,Cyprus,60.0,,1.3,Yes,No,missingData,0.0932,No,Yes,No,,300000000.0,,missingData,missingData,Yes,Yes,missingData,No,missingData
0,Glass,GLASS,,,,Unknown,,,1.7,Yes,No,missingData,,No,No,No,,,,missingData,missingData,Yes,Yes,missingData,No,missingData
0,iZiing,IZG,,,,Germany,,,1.7,Yes,No,missingData,0.77,No,No,No,,,0.44,missingData,missingData,Yes,Yes,missingData,No,missingData
0,Kassot,KATOK,,,,Unknown,,272.0,1.7,Yes,No,missingData,0.005,No,No,No,1.0,,,missingData,missingData,Yes,Yes,missingData,No,missingData
0,KunoCoin,,,,,Singapore,,,1.7,Yes,No,missingData,,No,No,No,,,0.5,missingData,missingData,Yes,No,missingData,No,missingData
0,Loanbyte,LBYT,,,,Unknown,,,1.7,Yes,No,missingData,1.0,Yes,Yes,No,5.0,28000000.0,0.85,missingData,missingData,Yes,Yes,missingData,Yes,missingData
0,myMincome,INC,,,,Switzerland,,,1.7,Yes,No,missingData,0.1,No,No,No,,,0.6,missingData,missingData,Yes,Yes,missingData,No,missingData
0,Narbonne,NCC,,,,Unknown,,,1.5,Yes,No,missingData,,No,No,No,,,0.6,missingData,missingData,Yes,Yes,missingData,No,missingData
0,Nest,,,,,USA,,,1.7,Yes,No,missingData,,No,No,No,2.0,,,missingData,missingData,Yes,Yes,missingData,No,missingData
0,Olympus Labs,MOT,,,,USA,,,1.7,Yes,No,missingData,1.707,No,No,No,,38282708.0,0.382,missingData,missingData,Yes,No,missingData,Yes,missingData
0,Oyoba Inc.,OYFT,,,,Switzerland,,,1.7,Yes,No,missingData,1.0,No,Yes,No,7.0,,,missingData,missingData,Yes,No,missingData,No,missingData
0,Pave,GCAT,,,,USA,,,1.7,Yes,No,missingData,,No,No,No,,,,missingData,missingData,Yes,No,missingData,No,missingData
0,peerguess,GUESS,,,,Turkey,28.0,,2.1,Yes,No,missingData,0.06,No,No,No,13.0,,0.6,missingData,missingData,Yes,Yes,missingData,No,missingData
0,PinkDate,PDP,,,,Slovenia,13.0,30.0,1.4,Yes,No,missingData,0.58,No,No,No,,,,missingData,missingData,Yes,Yes,missingData,No,missingData
0,Protex,PTX,,,,USA,,,1.7,Yes,No,missingData,,No,No,No,,700000000.0,,missingData,missingData,Yes,Yes,missingData,No,missingData
0,Proxy Card,ePRX,,,,USA,,,1.7,Yes,No,missingData,,No,No,No,,,,missingData,missingData,Yes,Yes,missingData,No,missingData
0,Pyrex,PYX,,,,Unknown,,,1.6,Yes,No,missingData,,No,No,No,,5000000.0,,missingData,missingData,Yes,Yes,missingData,No,missingData
0,quorchain,QRX,,,,USA,,,1.7,Yes,No,missingData,,No,No,No,,1650000000.0,0.33,missingData,missingData,Yes,Yes,missingData,No,missingData
0,Sovrin,,,,,USA,,,2.0,No,No,missingData,,No,No,No,3.0,,,missingData,missingData,Yes,No,missingData,No,missingData
0,Spatium,,,,,Singapore,,,1.7,Yes,No,missingData,,No,No,No,12.0,,,missingData,missingData,Yes,No,missingData,No,missingData
0,Specular,SPEK,,,,South Africa,,,1.7,Yes,No,missingData,,No,No,Yes,,3000000.0,0.33,missingData,missingData,Yes,Yes,missingData,No,missingData
0,thorentium,XTRT,,,,Thailand,31.0,,1.7,Yes,No,missingData,0.4,No,No,No,,10500000.0,,missingData,missingData,Yes,Yes,missingData,No,missingData
0,Thrintel Market,SEC,,,,Canada,105.0,,1.4,Yes,No,missingData,0.0151,No,Yes,No,3.0,90000000.0,0.65,missingData,missingData,Yes,Yes,missingData,No,missingData
0,UXT,UXT,,,,USA,,,1.7,Yes,No,missingData,,No,No,No,,50000000.0,0.5,missingData,missingData,Yes,Yes,missingData,No,missingData
0,Welcome to TORUS,TORUS/TRS,,,,Canada,,,1.7,No,No,missingData,0.0557,No,No,No,,,0.6,missingData,missingData,Yes,Yes,missingData,No,missingData
0,AERO Token,AERO,,,,Unknown,,,1.6,Yes,No,missingData,,No,No,No,10.0,,,missingData,missingData,Yes,Yes,missingData,No,missingData
0,Anonymous Service Chain,AST Token,,,,China,61.0,,1.6,Yes,No,missingData,0.0233,No,No,No,,400000000.0,0.4,missingData,missingData,Yes,Yes,missingData,No,missingData
0,Apollo DAE,DAE,,,,USA,1.0,,1.8,Yes,No,missingData,,No,No,No,,,0.5,missingData,missingData,Yes,Yes,missingData,Yes,missingData
0,Apputoken,APPU,,,,Unknown,,,1.6,Yes,No,missingData,,No,No,No,,,,missingData,missingData,Yes,Yes,missingData,No,missingData
0,Bitcoin Quick,BTCQ,,,,Unknown,,,1.6,Yes,No,missingData,,No,No,No,,8500000.0,,missingData,missingData,Yes,Yes,missingData,Yes,missingData
0,BITLAB,BLB,,,,Dominican Republic,,,1.5,No,No,missingData,1.0,No,No,No,,,0.3,missingData,missingData,Yes,Yes,missingData,Yes,missingData
0,BITX,BITX,,,,Hong Kong,,,1.6,Yes,No,missingData,,No,No,No,,40000000.0,0.2,missingData,missingData,Yes,Yes,missingData,No,missingData
0,ChainLink,LINK,,,,USA,0.0,,3.0,Yes,No,missingData,0.112883465,No,No,No,,,,missingData,missingData,Yes,Yes,missingData,No,missingData
0,Coinepic,CEC,,,,Slovakia,13.0,14.0,1.6,Yes,No,missingData,0.106780667,No,No,No,,544000000.0,,missingData,missingData,Yes,Yes,missingData,No,missingData
0,CRYPTOARB,CRAT,,,,Afghanistan,,,1.6,Yes,No,missingData,,No,No,No,1.0,,0.7,missingData,missingData,Yes,Yes,missingData,No,missingData
0,CryptoYacht,YACHT,,,,USA,,,1.6,Yes,No,missingData,0.5,No,No,No,3.0,70000000.0,0.7,missingData,missingData,Yes,Yes,missingData,No,missingData
0,DestiNeed,DSN,,,,USA,,,1.7,Yes,No,missingData,10.0,No,No,No,2.0,,,missingData,missingData,Yes,Yes,missingData,No,missingData
0,erachain,,,,,Singapore,,,1.6,Yes,No,missingData,,No,No,No,,,,missingData,missingData,Yes,No,missingData,No,missingData
0,eTardis,eDIS,,,,USA,,,1.6,Yes,No,missingData,,No,No,No,,70000000.0,0.7,missingData,missingData,Yes,Yes,missingData,Yes,missingData
0,EvaCoin,EVA,,,,Russia,,,1.6,Yes,No,missingData,0.33,Yes,No,No,,2680562.0,0.78,missingData,missingData,Yes,No,missingData,No,missingData
0,Gamity,GMT,,,,Russia,29.0,,1.6,Yes,No,missingData,,No,No,No,,,,missingData,missingData,Yes,No,missingData,No,missingData
0,GigEcoin,GIG,,,,UK,,,1.6,Yes,No,missingData,0.2,No,No,No,,1181031.0,0.5,missingData,missingData,Yes,Yes,missingData,No,missingData
0,HomeCoin,HOME,,,,USA,,,1.3,Yes,No,missingData,0.01,No,No,No,,500000000.0,0.5,missingData,missingData,Yes,Yes,missingData,No,missingData
0,IQB,IQB,,,,Singapore,,,1.6,Yes,No,missingData,,No,No,No,,,,missingData,missingData,Yes,Yes,missingData,No,missingData
0,Logos,,,,,Unknown,,,2.1,Yes,No,missingData,,No,No,No,11.0,,,missingData,missingData,Yes,No,missingData,No,missingData
0,Peerplays,PPY,,,,Canada,17.0,,1.6,Yes,No,missingData,4.6,No,No,No,,,,missingData,missingData,Yes,Yes,missingData,No,missingData
0,RenCap,RCC,,,,Unknown,,,1.6,Yes,No,missingData,,No,No,No,,,,missingData,missingData,Yes,No,missingData,No,missingData
0,Ruden,RDC,,,,Singapore,21.0,,1.6,Yes,No,missingData,,No,No,No,,4000000000.0,0.4,missingData,missingData,Yes,Yes,missingData,No,missingData
0,Silverway,Silverway token / SLV,,,,Hong Kong,29.0,,1.6,Yes,No,missingData,3.7e-05,No,No,No,,100000000.0,0.1,missingData,missingData,Yes,Yes,missingData,No,missingData
0,Taelium,Taels,,,,Seychelles,,,1.6,Yes,No,missingData,,No,No,No,3.0,1000000000.0,,missingData,missingData,Yes,Yes,missingData,No,missingData
0,Talent Token,TALENT,,,,UK,,,1.8,No,No,missingData,0.1,Yes,Yes,No,,,0.7,missingData,missingData,Yes,No,missingData,No,missingData
0,Thorium,THOR,,,,Malta,30.0,,1.6,Yes,No,missingData,1.230832032,Yes,Yes,No,,15000000.0,0.15,missingData,missingData,Yes,Yes,missingData,No,missingData
0,TrueBit,,,,,USA,,,1.7,Yes,No,missingData,,No,No,No,1.0,,,missingData,missingData,Yes,No,missingData,No,missingData
0,UltraYOLO,YOLO,,,,USA,,,1.6,Yes,No,missingData,,No,No,No,,,,missingData,missingData,Yes,Yes,missingData,Yes,missingData
0,Vega,,,,,USA,,,1.7,Yes,No,missingData,,No,No,No,7.0,,,missingData,missingData,Yes,No,missingData,Yes,missingData
0,VoteChain,ELT,,,,China,,,1.6,Yes,No,missingData,,No,No,No,,,,missingData,missingData,Yes,Yes,missingData,No,missingData
0,Witnet — Decentralized Oracle Network,WIT,,,,USA,,,1.6,Yes,No,missingData,0.12,No,Yes,No,,,,missingData,missingData,Yes,No,missingData,Yes,missingData
0,Wyzerr,,,,,Unknown,,,1.6,Yes,No,missingData,,No,No,No,8.0,,,missingData,missingData,Yes,No,missingData,No,missingData
0,ZuCoinChain,ZCC,,,,Malta,50.0,6.0,1.6,Yes,No,missingData,0.1,No,Yes,Yes,,19500000.0,0.3,missingData,missingData,Yes,Yes,missingData,Yes,missingData
0,AQUA RIGHTS,AQUA,,,,USA,,,1.5,Yes,No,missingData,,No,No,No,,7000000.0,0.7,missingData,missingData,Yes,Yes,missingData,No,missingData
0,Arbitrage Crypto Trader,ARCT,,,,Unknown,54.0,,1.5,Yes,No,missingData,0.00389,No,No,No,,,0.7,missingData,missingData,Yes,Yes,missingData,No,missingData
0,CryptoSouk,SOUK,,,,Saint Vincent and the Grenadines,31.0,31.0,2.7,Yes,No,missingData,0.5,No,Yes,No,,,0.5,missingData,missingData,Yes,Yes,missingData,Yes,missingData
0,Cannacor,CANO,,,,Lesotho,106.0,95.0,1.3,Yes,No,missingData,0.12,No,Yes,Yes,,409500000.0,0.78,missingData,missingData,Yes,Yes,missingData,No,missingData
0,Coindaily,Daily,,,,Singapore,28.0,,2.5,Yes,No,missingData,,Yes,Yes,Yes,13.0,20000000000.0,0.38,missingData,missingData,Yes,Yes,missingData,No,missingData
0,Crypto Seed,,,,,USA,,,1.5,Yes,No,missingData,,No,No,No,,,,missingData,missingData,Yes,No,missingData,No,missingData
0,Findafixr,FXR,,,,USA,,,1.5,Yes,No,missingData,,Yes,Yes,No,,,,missingData,missingData,Yes,Yes,missingData,No,missingData
0,OilDexCoin,OEX,,,,UK,,,1.5,Yes,No,missingData,1.0,Yes,No,No,,,,missingData,missingData,Yes,Yes,missingData,No,missingData
0,PepperDB,PDT,,,,Unknown,,,1.5,Yes,No,missingData,,No,No,No,,200000000.0,,missingData,missingData,Yes,Yes,missingData,No,missingData
0,PharmaParallelTrade,,,,,Belgium,,,1.4,Yes,No,missingData,,No,No,No,10.0,,,missingData,missingData,Yes,No,missingData,No,missingData
0,Prizm,PZM,,,,Russia,31.0,,1.6,Yes,No,missingData,0.15,No,No,No,,,,missingData,missingData,Yes,Yes,missingData,Yes,missingData
0,TOR-Q-ALL,TRQ,,,,USA,,,1.5,Yes,No,missingData,,No,No,Yes,,168000000.0,0.7,missingData,missingData,Yes,Yes,missingData,No,missingData
0,Verdict,VRD,,,,USA,,,1.5,Yes,No,missingData,0.4621,No,No,No,,,,missingData,missingData,Yes,Yes,missingData,No,missingData
0,AgreCoin (ACN),ACN,,,,USA,,,1.2,Yes,No,missingData,5.0,Yes,No,No,,,,missingData,missingData,Yes,Yes,missingData,No,missingData
0,BRAT,BRAT,,,,Russia,,,1.4,Yes,No,missingData,0.000218,No,No,No,,,,missingData,missingData,Yes,Yes,missingData,No,missingData
0,BTCWALL,BTCW,,,,Unknown,,,1.3,Yes,No,missingData,,No,No,No,,81000000.0,0.9,missingData,missingData,Yes,Yes,missingData,No,missingData
0,CoInsure Blockchain,CIB,,,,UK,,,1.3,Yes,No,missingData,1.0,No,No,No,,21000000.0,,missingData,missingData,Yes,Yes,missingData,No,missingData
0,Cryptonod,CNOD,,,,Ukraine,82.0,21.0,1.1,No,No,missingData,0.2929,No,No,No,,20000000.0,0.5,missingData,missingData,Yes,Yes,missingData,No,missingData
0,Doctor Oss,DOC,,,,Unknown,,,1.2,Yes,No,missingData,,No,No,No,,,,missingData,missingData,Yes,Yes,missingData,No,missingData
0,Justmake,,,,,USA,,,1.1,Yes,No,missingData,,No,No,No,,,,missingData,missingData,Yes,No,missingData,Yes,missingData
0,Marconi,,,,,Unknown,,,1.8,Yes,No,missingData,,No,No,No,16.0,,,missingData,missingData,Yes,No,missingData,No,missingData
0,RAAcoin,RAA,,,,Belgium,,,1.3,Yes,No,missingData,,No,No,No,,450000000.0,,missingData,missingData,Yes,Yes,missingData,No,missingData
0,ValidCoin,VAC,,,,UK,20.0,,1.3,Yes,No,missingData,0.25,No,No,No,,8000000.0,,missingData,missingData,Yes,Yes,missingData,No,missingData
0,VNX Exchange,VNX,,,,Luxembourg,90.0,,1.3,No,No,missingData,,Yes,Yes,No,6.0,,,missingData,missingData,Yes,No,missingData,No,missingData
0,WCX,WCXT,,,,Switzerland,,,1.2,Yes,No,missingData,1.0,No,No,No,,,0.87,missingData,missingData,Yes,Yes,missingData,No,missingData
0,Algorand,,,,,USA,0.0,,2.2,Yes,No,missingData,2.4,No,No,No,,,,missingData,missingData,Yes,No,missingData,No,missingData
0,Interest Coin,,,,,Netherlands,,,1.2,Yes,No,missingData,,No,No,No,,50000000.0,,missingData,missingData,Yes,No,missingData,No,missingData
0,Libra,LIBRA,,,,Unknown,,,1.2,No,No,missingData,,No,No,No,,,,missingData,missingData,Yes,No,missingData,No,missingData
0,Lynx Network,LNT,,,,Unknown,,,1.2,Yes,No,missingData,,No,No,No,,,0.97,missingData,missingData,Yes,No,missingData,No,missingData
0,MAP,,,,,USA,,,1.2,Yes,No,missingData,,No,No,No,10.0,,,missingData,missingData,Yes,No,missingData,No,missingData
0,Scicoins,SCI,,,,USA,,10.0,1.2,Yes,No,missingData,0.875,No,No,No,16.0,,0.5,missingData,missingData,Yes,No,missingData,No,missingData
0,VEON,VEON,,,,Unknown,,,1.2,Yes,No,missingData,,No,No,No,,10000000.0,,missingData,missingData,Yes,Yes,missingData,Yes,missingData
0,Astral9,XA9,,,,USA,,,1.1,No,No,missingData,0.0536,No,No,Yes,,125000000.0,0.5,missingData,missingData,Yes,No,missingData,No,missingData
0,Gratuity,TIP,,,,UK,,,1.1,No,No,missingData,0.01,No,No,No,,6000000000.0,,missingData,missingData,Yes,Yes,missingData,No,missingData
0,NetCents,NC,,,,Canada,,,1.1,Yes,No,missingData,,No,No,No,,,,missingData,missingData,Yes,No,missingData,No,missingData
0,Pre-Charge,PcPi,,,,USA,,,1.1,Yes,No,missingData,0.01,Yes,No,No,3.0,,,missingData,missingData,Yes,No,missingData,No,missingData
0,XAOS,XAOS,,,,UK,,,1.1,Yes,No,missingData,0.1,No,No,Yes,,10000000.0,,missingData,missingData,Yes,Yes,missingData,No,missingData
0,XPA,XPA,,,,Unknown,23.0,,1.1,Yes,No,missingData,0.01,No,No,No,,,,missingData,missingData,Yes,Yes,missingData,No,missingData
0,zangll,ZNGL,,,,Estonia,,,1.1,Yes,No,missingData,,No,No,No,,,0.7,missingData,missingData,Yes,No,missingData,No,missingData
0,BlockMedx,MDX,,,,Netherlands,14.0,,1.0,No,No,missingData,0.032,Yes,Yes,No,14.0,101000000.0,0.505,missingData,missingData,Yes,Yes,missingData,No,missingData
0,CodeTract,,,,,Singapore,,,1.0,Yes,No,missingData,,No,No,No,,,,missingData,missingData,Yes,No,missingData,Yes,missingData
0,Fluon,,,,,Switzerland,,,1.1,Yes,No,missingData,,No,No,No,2.0,,,missingData,missingData,Yes,No,missingData,No,missingData
0,Hivemind,,,,,Unknown,,,1.1,No,No,missingData,,No,No,No,,,,missingData,missingData,Yes,No,missingData,Yes,missingData
0,Selfpay,SxP,,,,Singapore,31.0,,1.1,Yes,No,missingData,1.01493,Yes,Yes,No,,7500000.0,0.75,missingData,missingData,No,Yes,missingData,No,missingData
0,Uber Food,UBER,,,,Russia,,,1.1,Yes,No,missingData,,No,No,No,,,,missingData,missingData,No,No,missingData,No,missingData
0,CFRS,CFRS,,,,Serbia,,,1.0,Yes,No,missingData,,No,No,No,,,,missingData,missingData,Yes,No,missingData,No,missingData
0,DAWQ,DAWQ,,,,Netherlands,,,1.1,Yes,No,missingData,1.5,No,No,No,,910000.0,0.91,missingData,missingData,Yes,No,missingData,No,missingData
0,Dharma,,,,,USA,,,0.9,Yes,No,missingData,,No,No,No,,,,missingData,missingData,Yes,No,missingData,Yes,missingData
0,FAYTHE.IO,TTP,,,,UK,,,1.0,Yes,No,missingData,1.0368,No,No,No,,10000000.0,1.0,missingData,missingData,Yes,No,missingData,No,missingData
0,Fortunetoken,,,,,UK,,,1.0,Yes,No,missingData,,No,No,No,,,,missingData,missingData,Yes,No,missingData,No,missingData
0,Space Impulse,SPI,,,,Estonia,65.0,,0.9,Yes,No,missingData,0.0571,Yes,Yes,No,,123000000.0,0.5,missingData,missingData,No,Yes,missingData,No,missingData
0,TourCoin,Tourcoin,,,,UK,,,1.0,Yes,No,missingData,1.0,No,No,No,,,,missingData,missingData,Yes,No,missingData,No,missingData
0,Addocoin,ADDO,,,,Unknown,,,0.9,Yes,No,missingData,,No,No,No,,,,missingData,missingData,Yes,No,missingData,No,missingData
0,Vio,VIO,,,,Mauritius,9.0,11.0,1.0,Yes,No,missingData,0.0649,No,Yes,Yes,,24000000.0,,missingData,missingData,No,Yes,missingData,No,missingData
0,Calibra,,,,,Unknown,,,1.0,No,No,missingData,,No,No,No,,,,missingData,missingData,Yes,No,missingData,No,missingData
0,Talentchain,,,,,Malta,,,1.8,No,No,missingData,,No,No,Yes,,180000000.0,0.6,missingData,missingData,Yes,Yes,missingData,No,missingData
0,Trecento Blockchain Capital,,,,,Switzerland,29.0,29.0,3.6,No,No,missingData,1.13167,Yes,Yes,Yes,,,0.75,missingData,missingData,No,Yes,missingData,No,missingData
0,Vectorspace,,,,,Malta,46.0,,0.7,No,No,missingData,0.09,No,No,No,,25000000.0,0.5,missingData,missingData,Yes,Yes,missingData,No,missingData
0,Aeropoisk,,,,,Russia,,,0.9,Yes,No,missingData,,No,No,No,,,,missingData,missingData,Yes,No,missingData,No,missingData
0,bitNatura,,,,,Hong Kong,,,0.9,Yes,No,missingData,,No,No,No,,,,missingData,missingData,Yes,No,missingData,No,missingData
0,NeoPlace,NPT,,,,Singapore,,,0.6,No,No,missingData,0.1,Yes,Yes,No,,,0.4,missingData,missingData,Yes,Yes,missingData,No,missingData
0,UniBit,UBIT,,,,Unknown,,,1.0,Yes,No,missingData,,No,No,No,,,,missingData,missingData,Yes,No,missingData,No,missingData
0,CryptoHawk,,,,,Switzerland,137.0,58.0,0.6,No,No,missingData,0.0872,No,No,No,,100000000.0,0.66,missingData,missingData,No,Yes,missingData,No,missingData
0,EstateX,STX,,,,Unknown,,,0.8,Yes,No,missingData,,No,No,No,,,,missingData,missingData,Yes,No,missingData,No,missingData
0,TulipToken,TT,,,,Unknown,,,0.8,Yes,No,missingData,,No,No,No,,,,missingData,missingData,No,No,missingData,No,missingData
0,Covalent Coin,VALENT,,,,Russia,,,0.8,No,No,missingData,,No,No,No,,,,missingData,missingData,No,No,missingData,No,missingData
0,Git Money,,,,,Unknown,,,0.9,No,No,missingData,,No,No,No,,,,missingData,missingData,No,No,missingData,No,missingData
0,Charitize.click,,,,,USA,,,0.8,Yes,No,missingData,,No,No,No,,,,missingData,missingData,No,No,missingData,No,missingData
0,DST,,,,,Singapore,126.0,,0.5,No,No,missingData,0.258324005,No,No,Yes,,70000000.0,0.2,missingData,missingData,No,Yes,missingData,No,missingData
0,InkChain,,,,,China,,,0.7,Yes,No,missingData,,No,No,No,,,,missingData,missingData,No,No,missingData,No,missingData
0,QDAO DeFi  “Decentralized Finance” by Platinum Engineering,QDAO Governance token v1.0/QDAO,,,,Estonia,0.0,,3.9,Yes,No,missingData,30.0,No,No,No,28.0,509999.0,0.49,missingData,missingData,Yes,No,missingData,Yes,missingData
0,RE CITY HOUSE,RECH,,,,Greece,56.0,,3.4,No,No,missingData,0.017,Yes,No,No,10.0,18600000.0,0.62,missingData,missingData,No,Yes,missingData,No,missingData
0,Coralex,CLX,,,,USA,30.0,,2.3,Yes,No,missingData,0.0604,No,No,No,4.0,70000000.0,0.7,missingData,missingData,Yes,Yes,missingData,No,missingData
0,DeepCloud,DEEP,,,,Singapore,,,4.3,Yes,No,missingData,0.25,Yes,Yes,Yes,16.0,80000000.0,0.4,missingData,missingData,Yes,Yes,missingData,Yes,missingData
0,Prediqt,PQT,,,,Singapore,13.0,,4.4,Yes,No,missingData,0.0001,Yes,No,No,7.0,50000000000.0,0.25,missingData,missingData,Yes,Yes,missingData,Yes,missingData
0,TIG,TIG,,,,USA,42.0,,2.6,Yes,No,missingData,0.018,No,Yes,No,2.0,15000000.0,0.3,missingData,missingData,No,Yes,missingData,No,missingData
0,Azuma Games,AZUM,,,,Unknown,92.0,,2.6,Yes,No,missingData,0.8,No,No,No,,350000000.0,0.7,missingData,missingData,Yes,No,missingData,No,missingData
0,Payment Porte,PORTE,,,,Panama,5.0,5.0,3.4,No,No,missingData,0.05,No,Yes,No,,297500000.0,,missingData,missingData,Yes,Yes,missingData,No,missingData
0,Emogi,LOL,,,,Unknown,0.0,,2.1,Yes,No,missingData,0.0019,No,No,No,4.0,1470000000.0,0.07,missingData,missingData,Yes,No,missingData,No,missingData
0,Hiway,WAY,,,,Netherlands,166.0,13.0,4.0,Yes,No,missingData,0.1587,Yes,Yes,Yes,12.0,5000000.0,0.62,missingData,missingData,Yes,Yes,missingData,Yes,missingData
0,Chromia,CHR token,,,,Unknown,0.0,,2.6,No,No,missingData,,No,No,No,,,,missingData,missingData,No,No,missingData,No,missingData
0,Allive,ALV,,,,USA,,,2.0,Yes,No,missingData,0.006,No,No,No,,,,missingData,missingData,Yes,Yes,missingData,No,missingData
0,XCOYNZ,XCZ,,,,UK,53.0,,3.7,Yes,No,missingData,0.05,No,Yes,Yes,15.0,750000000.0,0.6,missingData,missingData,Yes,Yes,missingData,Yes,missingData
0,Thundercore,TT,,,,USA,,,3.1,Yes,No,missingData,,No,No,No,1.0,,,missingData,missingData,Yes,No,missingData,No,missingData
0,Ocean Protocol,OCN,,,,Singapore,3.0,,3.2,Yes,No,missingData,0.12,No,No,No,55.0,,,missingData,missingData,Yes,Yes,missingData,Yes,missingData
0,Blockcloud,BLOC,,,,Unknown,0.0,,2.3,Yes,No,missingData,0.005,No,No,No,12.0,,0.05,missingData,missingData,Yes,Yes,missingData,No,missingData
0,Leap,LEAP,,,,Cayman Islands,59.0,30.0,,No,No,missingData,0.28266214,No,No,No,4.0,400000000.0,0.6,missingData,missingData,No,Yes,missingData,No,missingData
0,KeepPet,PET,,,,Russia,15.0,,,No,No,missingData,1.5,No,No,No,1.0,700000.0,,missingData,missingData,No,Yes,missingData,No,missingData
0,1ai,1AI,,,,Indonesia,61.0,,,No,No,missingData,0.0008,No,No,No,,14000000000.0,0.7,missingData,missingData,No,Yes,missingData,No,missingData
0,BCA Solutions,BCAS,,,,Vietnam,3.0,,,No,No,missingData,0.1,No,No,Yes,,40000000.0,0.38,missingData,missingData,No,Yes,missingData,No,missingData
0,Aggregion,AGG,,,,UK,30.0,15.0,,No,No,missingData,0.0804,No,No,No,21.0,,,missingData,missingData,No,Yes,missingData,No,missingData
0,OpenPoll,POL,,,,USA,45.0,43.0,,No,No,missingData,0.13,No,No,No,11.0,85000000.0,,missingData,missingData,No,Yes,missingData,No,missingData
0,1WorldBlockchain,WBD,,,,Seychelles,62.0,,,No,No,missingData,0.5,No,No,No,3.0,176000000.0,,missingData,missingData,No,Yes,missingData,No,missingData
0,KODAK One,KODAKCOIN,,,,Unknown,,,,No,No,missingData,,No,No,No,,,,missingData,missingData,No,No,missingData,No,missingData
0,PlutusX,PLTX,,,,USA,87.0,125.0,,No,No,missingData,0.15,Yes,Yes,No,11.0,400000000.0,0.7,missingData,missingData,No,Yes,missingData,No,missingData
0,GG World Lottery,GGC,,,,British Virgin Islands,90.0,151.0,,No,No,missingData,1.0,No,Yes,No,11.0,375000000.0,0.75,missingData,missingData,No,Yes,missingData,No,missingData
0,Mt Pelerin,MPS,,,,Switzerland,46.0,,,No,No,missingData,5.0,Yes,Yes,No,18.0,500000.0,,missingData,missingData,No,No,missingData,No,missingData
0,ShipNEXT,SHPC,,,,USA,138.0,,,No,No,missingData,0.12,Yes,Yes,No,5.0,600000000.0,0.6,missingData,missingData,No,Yes,missingData,No,missingData
0,Seed of World,SOW,,,,Argentina,76.0,,,No,No,missingData,5.0,No,Yes,No,3.0,18250000.0,,missingData,missingData,No,Yes,missingData,No,missingData
0,Salemcash,SCH,,,,Kenya,88.0,,,No,No,missingData,25.0,No,No,No,1.0,,,missingData,missingData,No,No,missingData,No,missingData
0,Diamond Open Market,DOM,,,,Czech Republic,30.0,,,No,No,missingData,0.00415,No,Yes,No,5.0,600000000.0,0.1,missingData,missingData,No,Yes,missingData,No,missingData
0,Vaultitude,IP,,,,Gibraltar,31.0,,,No,No,missingData,0.99658947,No,No,No,13.0,8500000.0,,missingData,missingData,No,Yes,missingData,No,missingData
0,Woolf,WOOLF,,,,Gibraltar,41.0,34.0,,No,No,missingData,0.1,Yes,Yes,No,13.0,800000000.0,0.2,missingData,missingData,No,Yes,missingData,No,missingData
0,Habibicoin,HBB,,,,United Arab Emirates,48.0,,,No,No,missingData,0.05,No,Yes,No,,,0.65,missingData,missingData,No,Yes,missingData,No,missingData
0,Lightning Cash,LNCH,,,,Bahamas,340.0,,,No,No,missingData,,No,No,No,8.0,14000000000000.0,0.5,missingData,missingData,No,Yes,missingData,No,missingData
0,Eqwity,EQY,,,,UK,59.0,6.0,,No,No,missingData,0.01,Yes,Yes,Yes,8.0,3000000000000.0,0.5,missingData,missingData,No,Yes,missingData,No,missingData
0,MobileCoin,MBCC,,,,USA,21.0,8.0,,No,No,missingData,0.230806295,No,No,No,,,0.58,missingData,missingData,No,Yes,missingData,No,missingData
0,Nanospectral,NASP,,,,Bulgaria,88.0,,,No,No,missingData,1.8855375,No,No,No,7.0,1500000.0,0.15,missingData,missingData,No,Yes,missingData,No,missingData
0,Cyber Capital Invest,CCI,,,,Estonia,28.0,14.0,,No,No,missingData,0.2,Yes,Yes,Yes,17.0,175000000.0,0.68,missingData,missingData,No,Yes,missingData,No,missingData
0,Oxygen Trade,OXG,,,,Gibraltar,31.0,,,No,No,missingData,,No,Yes,No,3.0,,,missingData,missingData,No,Yes,missingData,No,missingData
0,Public Health Chain,PHC,,,,USA,0.0,,,No,No,missingData,0.02,No,No,No,,2500000.0,0.0125,missingData,missingData,No,Yes,missingData,No,missingData
0,The UXM,UXM,,,,Hong Kong,171.0,,,No,No,missingData,0.258,No,No,No,9.0,350000000.0,0.35,missingData,missingData,No,Yes,missingData,No,missingData
0,Gramaton,GRAN,,,,Unknown,57.0,7.0,,No,No,missingData,0.3675,No,No,Yes,3.0,212500000.0,0.85,missingData,missingData,No,Yes,missingData,No,missingData
0,Gramaton Token,GRAN,,,,Belarus,57.0,7.0,,No,No,missingData,0.35,No,No,Yes,1.0,212500000.0,0.85,missingData,missingData,No,Yes,missingData,No,missingData
0,Forest Coin,FOREST,,,,Thailand,613.0,,,No,No,missingData,1.0,No,No,No,9.0,24000000.0,0.8,missingData,missingData,No,Yes,missingData,No,missingData
0,FSM Token,FSM,,,,Unknown,41.0,,,No,No,missingData,,No,No,Yes,,,,missingData,missingData,No,No,missingData,No,missingData
0,Ara,ARA,,,,Unknown,32.0,,,No,No,missingData,0.002,No,Yes,No,25.0,125000000.0,0.5,missingData,missingData,No,Yes,missingData,No,missingData
0,healthbank,HBE,,,,Switzerland,92.0,163.0,,No,No,missingData,0.0145,No,No,No,13.0,2200000000.0,0.55,missingData,missingData,No,Yes,missingData,No,missingData
0,Secret Trees,STE,,,,Latvia,31.0,31.0,,No,No,missingData,1.0,No,Yes,No,5.0,,,missingData,missingData,No,Yes,missingData,No,missingData
0,The HACK Fund,HACK,,,,Cayman Islands,31.0,30.0,,No,No,missingData,1.0,No,Yes,Yes,8.0,,0.78,missingData,missingData,No,Yes,missingData,No,missingData
0,Sports Ledger,SPSL,,,,UK,56.0,56.0,,No,No,missingData,0.0466,No,Yes,Yes,12.0,250000000.0,0.6,missingData,missingData,No,Yes,missingData,No,missingData
0,TOURISTOKEN,TOU,,,,Egypt,14.0,,,No,No,missingData,0.0214,No,No,No,1.0,225555555.0,0.29,missingData,missingData,No,Yes,missingData,No,missingData
0,Mozo,MOZO,,,,Singapore,65.0,75.0,,No,No,missingData,0.12,No,No,Yes,25.0,125000000.0,0.25,missingData,missingData,No,Yes,missingData,No,missingData
0,Krypti.io,KRY,,,,Unknown,203.0,,,No,No,missingData,0.01,Yes,Yes,No,4.0,40000000000.0,0.4,missingData,missingData,No,Yes,missingData,No,missingData
0,UNCHAINET,UNET,,,,Australia,126.0,,,No,No,missingData,0.23,No,No,No,3.0,134000000.0,0.67,missingData,missingData,No,Yes,missingData,No,missingData
0,VIDDO,VDT,,,,Malta,34.0,37.0,,No,No,missingData,0.5,No,No,No,30.0,39000000.0,,missingData,missingData,No,Yes,missingData,No,missingData
0,WeCharge Network,WCHT,,,,Unknown,30.0,,,No,No,missingData,0.004,No,No,No,,51000000.0,0.15,missingData,missingData,No,Yes,missingData,No,missingData
0,Usereum,USR,,,,Philippines,60.0,15.0,,No,No,missingData,,Yes,No,No,4.0,10500000.0,0.5,missingData,missingData,No,Yes,missingData,No,missingData
0,Bidesk,BDK,,,,British Virgin Islands,1.0,,,No,No,missingData,0.08,No,Yes,Yes,,3000000.0,0.03,missingData,missingData,No,Yes,missingData,No,missingData
0,RevizorCoin,RVR,,,,Ukraine,32.0,,,No,No,missingData,0.2,No,No,Yes,,240000000.0,0.3,missingData,missingData,No,Yes,missingData,No,missingData
0,TubiEx,TBN,,,,Estonia,181.0,,,No,No,missingData,0.0923,Yes,Yes,Yes,,10260000.0,0.27,missingData,missingData,No,Yes,missingData,No,missingData
0,OkGlobal Coin Switch,okgs,,,,USA,92.0,,,No,No,missingData,,No,No,No,,50000000000.0,1.0,missingData,missingData,No,Yes,missingData,No,missingData
0,RUS SURF,suRF,,,,Russia,19.0,10.0,,No,No,missingData,1.87244,No,No,No,,15300000.0,0.9,missingData,missingData,No,Yes,missingData,No,missingData
0,Pimapay,PMA,,,,Gibraltar,11.0,,,No,No,missingData,0.0158,No,Yes,Yes,12.0,,0.2,missingData,missingData,No,Yes,missingData,No,missingData
0,NnBU,NNBU,,,,Cyprus,30.0,,,No,No,missingData,0.39533984,No,No,No,5.0,52500000.0,,missingData,missingData,No,Yes,missingData,No,missingData
0,Medibit,MDB,,,,UK,224.0,42.0,,No,No,missingData,0.25,No,No,No,2.0,60000000.0,0.6,missingData,missingData,No,Yes,missingData,No,missingData
0,Banca,BANCA,,,,Singapore,0.0,,,No,No,missingData,0.002,No,No,No,,500000000.0,0.025,missingData,missingData,No,Yes,missingData,No,missingData
0,AsicVault,AVF,,,,Singapore,27.0,37.0,,No,No,missingData,0.6841896,Yes,Yes,No,14.0,96250000.0,0.66,missingData,missingData,No,Yes,missingData,No,missingData
0,Ethereum Vert,ETV,,,,Unknown,31.0,167.0,,No,No,missingData,0.05,No,No,No,,2500000000.0,0.5,missingData,missingData,No,No,missingData,No,missingData
0,ThinkCoin,TCO,,,,Australia,14.0,76.0,,No,No,missingData,0.3,No,No,No,28.0,300000000.0,0.6,missingData,missingData,No,Yes,missingData,No,missingData
0,ALCEDO Platform,ALCE,,,,Germany,6.0,,,No,No,missingData,0.4,No,Yes,Yes,2.0,40000000.0,0.4,missingData,missingData,No,Yes,missingData,No,missingData
0,Mapple Green,MGR,,,,Unknown,87.0,14.0,,No,No,missingData,0.06,No,No,No,,110000000.0,,missingData,missingData,No,Yes,missingData,No,missingData
0,ODIN Token,ODIN,,,,Switzerland,53.0,,,No,No,missingData,0.2,No,Yes,No,,130000000.0,0.65,missingData,missingData,No,Yes,missingData,No,missingData
0,CoinPayo,Payo,,,,Singapore,40.0,,,No,No,missingData,0.0123,No,No,No,7.0,1000000000.0,,missingData,missingData,No,Yes,missingData,No,missingData
0,WeiCrowd,WEIS,,,,Singapore,170.0,9.0,,No,No,missingData,0.1,Yes,Yes,Yes,7.0,195000000.0,0.65,missingData,missingData,No,Yes,missingData,No,missingData
0,BlockSafe,BSAFE,,,,USA,61.0,181.0,,No,No,missingData,0.5,No,Yes,No,,76800000.0,0.64,missingData,missingData,No,Yes,missingData,No,missingData
0,HyperDAO,HDAO,,,,Unknown,0.0,,,No,No,missingData,0.01,Yes,Yes,No,2.0,200000000.0,0.04,missingData,missingData,No,Yes,missingData,No,missingData
0,GISC LoanCoin Network,GIS,,,,Cayman Islands,28.0,,,No,No,missingData,0.0422,No,No,No,7.0,450000000.0,0.45,missingData,missingData,No,Yes,missingData,No,missingData
0,Investy,IVC,,,,Russia,29.0,,,No,No,missingData,,No,No,No,13.0,142000000.0,0.75,missingData,missingData,No,Yes,missingData,No,missingData
0,Gainfy,GAIN,,,,USA,53.0,,,No,No,missingData,0.5,Yes,Yes,No,5.0,200000000.0,0.4,missingData,missingData,No,Yes,missingData,No,missingData
0,SimPlexChain,SXC,,,,Unknown,2.0,,,No,No,missingData,0.0012,No,No,No,,20000000.0,,missingData,missingData,No,No,missingData,No,missingData
0,Therris,THRX,,,,Unknown,29.0,30.0,,No,No,missingData,0.04,No,No,No,,,,missingData,missingData,No,Yes,missingData,No,missingData
0,ZenithCard,ZENT,,,,Germany,10.0,7.0,,No,No,missingData,0.70815802,No,No,No,3.0,500000000.0,,missingData,missingData,No,Yes,missingData,No,missingData
0,Thesaurum,TSM,,,,Ghana,53.0,,,No,No,missingData,0.06,No,Yes,No,12.0,60000000.0,0.6,missingData,missingData,No,Yes,missingData,No,missingData
0,Gaimin,GMRX,,,,Switzerland,3.0,,,No,No,missingData,0.06,No,Yes,No,9.0,1000000000.0,0.2,missingData,missingData,No,Yes,missingData,No,missingData
0,HCX PAY,HCXP,,,,Belize,35.0,,,No,No,missingData,0.12,No,No,No,13.0,500000000.0,0.25,missingData,missingData,No,Yes,missingData,No,missingData
0,Gigzi,GZB,,,,UK,,,,No,No,missingData,0.308239995,No,Yes,No,11.0,100000000.0,0.1,missingData,missingData,No,Yes,missingData,No,missingData
0,Utemis,UTS,,,,Andorra,21.0,7.0,,No,No,missingData,0.00611,No,No,No,10.0,1000000000.0,,missingData,missingData,No,Yes,missingData,No,missingData
0,BitDraw,BTDW,,,,Sri Lanka,98.0,,,No,No,missingData,0.194,No,No,No,4.0,25000000.0,0.71,missingData,missingData,No,Yes,missingData,No,missingData
0,Qfora,Quroz,,,,Singapore,6.0,20.0,,No,No,missingData,0.0294,No,No,No,,,0.4,missingData,missingData,No,Yes,missingData,No,missingData
0,Afeli,AEI,,,,Armenia,31.0,31.0,,No,No,missingData,0.901705994,No,No,No,,6000000.0,,missingData,missingData,No,Yes,missingData,No,missingData
0,Ultrashares,CWS,,,,USA,20.0,48.0,,No,No,missingData,0.148287497,No,No,No,,10000000.0,,missingData,missingData,No,Yes,missingData,No,missingData
0,Respawn Cyber Club,CYBE,,,,Russia,8.0,34.0,,No,No,missingData,1.0,No,No,No,,3000000.0,0.6,missingData,missingData,No,Yes,missingData,No,missingData
0,SurfEx,SURF,,,,Unknown,47.0,,,No,No,missingData,0.2,No,Yes,No,2.0,50000000.0,0.2,missingData,missingData,No,Yes,missingData,No,missingData
0,TYDO,TYD,,,,Ukraine,28.0,11.0,,No,No,missingData,0.0383,Yes,Yes,Yes,14.0,140000000.0,0.7,missingData,missingData,No,Yes,missingData,No,missingData
0,Luckchemy,LUK,,,,UK,59.0,21.0,,No,No,missingData,0.0518,No,No,No,19.0,700000000.0,,missingData,missingData,No,No,missingData,No,missingData
0,Algae Farm,BIOG,,,,Canada,28.0,,,No,No,missingData,1.0,No,Yes,No,7.0,40960000.0,0.79,missingData,missingData,No,Yes,missingData,No,missingData
0,Liqio Exchange,LQO,,,,Estonia,62.0,,,No,No,missingData,0.026,No,Yes,Yes,3.0,70000000.0,0.7,missingData,missingData,No,Yes,missingData,No,missingData
0,Pockero Network,PCKO,,,,France,0.0,,,No,No,missingData,0.0642,No,Yes,No,11.0,81000000.0,0.18,missingData,missingData,No,Yes,missingData,No,missingData
0,Crypto Village Accelerator,CVA,,,,Unknown,0.0,,,No,No,missingData,0.5,No,No,No,2.0,5000000.0,,missingData,missingData,No,Yes,missingData,No,missingData
0,Auto Block,ATC,,,,UK,40.0,56.0,,No,No,missingData,0.25,Yes,Yes,Yes,16.0,240000000.0,0.6,missingData,missingData,No,Yes,missingData,No,missingData
0,Qkip,QKIP,,,,Australia,27.0,41.0,,No,No,missingData,0.025,No,No,No,8.0,325000000.0,0.5,missingData,missingData,No,Yes,missingData,No,missingData
0,Ziar,ZIAR,,,,UK,21.0,29.0,,No,No,missingData,7.0,No,No,No,1.0,12600000000.0,0.6,missingData,missingData,No,Yes,missingData,No,missingData
0,E3 Token,E3T,,,,Unknown,5.0,,,No,No,missingData,0.03,No,Yes,No,6.0,1800000000.0,0.6,missingData,missingData,No,Yes,missingData,No,missingData
0,Propersix,PRO6,,,,Malta,71.0,,,No,No,missingData,0.01,No,Yes,Yes,,20000000000.0,0.67,missingData,missingData,No,Yes,missingData,No,missingData
0,Swarm Fund,SWARM,,,,USA,7.0,,,No,No,missingData,3.1,No,Yes,Yes,13.0,33000000.0,0.33,missingData,missingData,No,Yes,missingData,No,missingData
0,Jinbi Token,JNB,,,,UK,35.0,,,No,No,missingData,7.04,No,Yes,Yes,7.0,8750000.0,0.7,missingData,missingData,No,Yes,missingData,No,missingData
0,OVCODE,OVC,,,,Switzerland,60.0,3.0,,No,No,missingData,3.0,No,No,No,,,,missingData,missingData,No,Yes,missingData,No,missingData
0,JustHive,JHT,,,,USA,163.0,,,No,No,missingData,125.0,No,No,No,16.0,300000000.0,,missingData,missingData,No,Yes,missingData,No,missingData
0,TreepToken,TREEP,,,,Unknown,7.0,,,No,No,missingData,0.7,No,Yes,No,1.0,18750000.0,0.04,missingData,missingData,No,Yes,missingData,No,missingData
0,Internet of Coins,HYBRID,,,,Netherlands,92.0,,,No,No,missingData,0.5,No,No,Yes,9.0,5000000.0,,missingData,missingData,No,Yes,missingData,No,missingData
0,UniCrypt,UNTY,,,,Switzerland,120.0,,,No,No,missingData,1.0,Yes,Yes,No,1.0,20900000.0,0.85,missingData,missingData,No,Yes,missingData,No,missingData
0,808TA,808TA,,,,Unknown,7.0,,,No,No,missingData,1e-06,No,No,No,,1000000000000.0,0.125,missingData,missingData,No,Yes,missingData,No,missingData
0,Amsterex,AME,,,,Netherlands,30.0,,,No,No,missingData,1.605453613,No,No,No,,69000.0,0.18,missingData,missingData,No,No,missingData,No,missingData
0,BFFI GROUP INC,BFFI,,,,USA,72.0,30.0,,No,No,missingData,3.0,No,No,No,1.0,60000000.0,0.3,missingData,missingData,No,No,missingData,No,missingData
0,Blockpit,TAX,,,,Austria,31.0,,,No,No,missingData,0.1146,No,No,No,17.0,,,missingData,missingData,No,Yes,missingData,No,missingData
0,Hash Rush,RUSH,,,,Latvia,30.0,8.0,,No,No,missingData,0.4,Yes,No,Yes,10.0,10000000.0,0.1429,missingData,missingData,No,Yes,missingData,No,missingData
0,Arena Match,AMG,,,,USA,10.0,,,No,No,missingData,0.1,No,Yes,No,5.0,75000000.0,0.5,missingData,missingData,No,Yes,missingData,No,missingData
0,Vanywhere,VANY,,,,USA,21.0,21.0,,No,No,missingData,0.05,Yes,Yes,Yes,13.0,400000000.0,0.5,missingData,missingData,No,Yes,missingData,No,missingData
0,NDN Link,NDN,,,,Ukraine,0.0,,,No,No,missingData,0.006,No,No,No,,366500000.0,0.0733,missingData,missingData,No,Yes,missingData,No,missingData
0,THEBIKECOIN,THBK,,,,Hong Kong,345.0,,,No,No,missingData,0.02,No,Yes,No,,2360792040.0,0.8,missingData,missingData,No,Yes,missingData,No,missingData
0,Smilo,Smilo,,,,Netherlands,20.0,202.0,,No,No,missingData,0.25,No,No,No,21.0,84960000.0,0.4248,missingData,missingData,No,Yes,missingData,No,missingData
0,MintHealth,MHST,,,,USA,142.0,,,No,No,missingData,1.0,No,Yes,No,5.0,63000000.0,0.7,missingData,missingData,No,Yes,missingData,No,missingData
0,VouchCoin,VHC,,,,Philippines,30.0,,,No,No,missingData,4.88,No,No,No,,75000000.0,0.75,missingData,missingData,No,Yes,missingData,No,missingData
0,Deflexchange,DEF,,,,Unknown,21.0,,,No,No,missingData,0.0832,No,No,No,1.0,54600000.0,0.6,missingData,missingData,No,Yes,missingData,No,missingData
0,Whizcoin,WZC,,,,Singapore,123.0,,,No,No,missingData,0.5,No,No,No,,5000000.0,0.25,missingData,missingData,No,Yes,missingData,No,missingData
0,Centareum,CTM,,,,Singapore,,0.0,,No,No,missingData,0.042,No,No,No,19.0,260000000.0,0.52,missingData,missingData,No,Yes,missingData,No,missingData
0,Hubrex,HUBR,,,,Estonia,43.0,,,No,No,missingData,0.243710321,No,No,No,,,,missingData,missingData,No,Yes,missingData,No,missingData
0,ARMTOKEN,TARM,,,,Armenia,11.0,5.0,,No,No,missingData,0.025,No,No,No,4.0,130000000.0,0.44,missingData,missingData,No,Yes,missingData,No,missingData
0,Pyrrhos Gold,PGOLD,,,,Malta,12.0,,,No,No,missingData,0.0425,No,Yes,Yes,4.0,200000000.0,,missingData,missingData,No,Yes,missingData,No,missingData
0,AB-CHAIN,RTB,,,,Russia,40.0,14.0,,No,No,missingData,0.35,No,No,No,22.0,70000000.0,0.7,missingData,missingData,No,Yes,missingData,No,missingData
0,UFAN8,UFAN8,,,,Unknown,89.0,,,No,No,missingData,1.0,No,No,Yes,3.0,,,missingData,missingData,No,Yes,missingData,No,missingData
0,MillionDollarDAPP,MDAPP,,,,Germany,,6.0,,No,No,missingData,100.0,No,No,No,1.0,9900.0,0.99,missingData,missingData,No,Yes,missingData,No,missingData
0,GIDCoin,GIDe,,,,Switzerland,74.0,44.0,,No,No,missingData,20.0,No,No,No,12.0,24500000.0,0.49,missingData,missingData,No,Yes,missingData,No,missingData
0,BlockState,BLK,,,,Switzerland,7.0,,,No,No,missingData,224.593,Yes,Yes,No,13.0,10000.0,0.09,missingData,missingData,No,No,missingData,No,missingData
0,ViValid,ViV,,,,Estonia,166.0,57.0,,No,No,missingData,266.95,No,No,No,14.0,140000000.0,0.7,missingData,missingData,No,Yes,missingData,No,missingData
0,WaykiChain,WICC,,,,Hong Kong,0.0,,,No,No,missingData,0.2615,Yes,Yes,No,8.0,147000000.0,0.7,missingData,missingData,No,Yes,missingData,No,missingData
0,Paygine,PGC,,,,USA,60.0,31.0,,No,No,missingData,1.0,No,No,No,9.0,41508000.0,0.273,missingData,missingData,No,Yes,missingData,No,missingData
0,The LoveChain,LOV,,,,Australia,8.0,,,No,No,missingData,0.1,No,Yes,No,,285000000.0,0.53,missingData,missingData,No,Yes,missingData,No,missingData
0,Crypterio STMXCoin,STMX,,,,Australia,102.0,,,No,No,missingData,0.1,No,No,No,6.0,5000000000.0,0.5,missingData,missingData,No,Yes,missingData,No,missingData
0,EOZ,EOZ,,,,Unknown,29.0,,,No,No,missingData,1.35,No,No,No,,12000000.0,0.5,missingData,missingData,No,Yes,missingData,No,missingData
0,Neufund,NEU,,,,Liechtenstein,30.0,,,No,No,missingData,0.35,No,Yes,Yes,6.0,53020957.0,0.03,missingData,missingData,No,Yes,missingData,No,missingData
0,NexDAX,NT,,,,Unknown,9.0,31.0,,No,No,missingData,0.05,No,No,No,,150000000.0,0.6,missingData,missingData,No,No,missingData,No,missingData
0,WaykiChain (WGRT/WUSD),WGRT,,,,Hong Kong,0.0,,,No,No,missingData,0.003,No,Yes,No,2.0,333333333.0,,missingData,missingData,No,Yes,missingData,No,missingData
0,Tasuki,TSK,,,,Cayman Islands,43.0,,,No,No,missingData,0.55,No,Yes,No,,6150000.0,0.0164,missingData,missingData,No,Yes,missingData,No,missingData
0,Particl,PART,,,,Unknown,27.0,,,No,No,missingData,,No,No,No,9.0,,,missingData,missingData,No,Yes,missingData,No,missingData
0,Solarypto,SPO,,,,Unknown,11.0,,,No,No,missingData,0.00242,No,No,No,,500000000.0,0.5,missingData,missingData,No,Yes,missingData,No,missingData
0,MIKS Coin,MIKS,,,,Philippines,2.0,,,No,No,missingData,0.12,No,No,No,,1500000000.0,0.3,missingData,missingData,No,Yes,missingData,No,missingData
0,The Kudos Project,KUDOS,,,,USA,30.0,,,No,No,missingData,,No,No,No,7.0,,0.4,missingData,missingData,No,Yes,missingData,No,missingData
0,Singapore Dollar Coin,SDC,,,,Singapore,92.0,31.0,,No,No,missingData,0.5,No,No,Yes,,75000000.0,0.75,missingData,missingData,No,Yes,missingData,No,missingData
0,WaterToken,WATER,,,,USA,35.0,14.0,,No,No,missingData,0.25,No,No,No,,40000000.0,0.762,missingData,missingData,No,Yes,missingData,No,missingData
0,Liber T token,LBRT,,,,Canada,147.0,42.0,,No,No,missingData,3.0,No,No,No,,70000000.0,0.648,missingData,missingData,No,Yes,missingData,No,missingData
0,Isonex Capital,IX15,,,,Cayman Islands,44.0,,,No,No,missingData,1.1,Yes,Yes,No,13.0,15000000.0,0.9278,missingData,missingData,No,Yes,missingData,No,missingData
0,Milcoin,MIL,,,,Bahamas,45.0,,,No,No,missingData,250.0,No,Yes,No,35.0,,,missingData,missingData,No,Yes,missingData,No,missingData
0,Konkrete,KKT,,,,Australia,31.0,,,No,No,missingData,0.72,No,Yes,Yes,22.0,13000000.0,0.13,missingData,missingData,No,Yes,missingData,No,missingData
0,Vivo Capital,VCT,,,,USA,76.0,14.0,,No,No,missingData,0.0042,No,No,No,26.0,,,missingData,missingData,No,Yes,missingData,No,missingData
0,AEToken,AEC,,,,Malta,90.0,90.0,,No,No,missingData,,No,No,No,8.0,60000000.0,0.5,missingData,missingData,No,Yes,missingData,No,missingData
0,CREDEROOM,CDRT,,,,Unknown,30.0,,,No,No,missingData,1.181405,No,No,Yes,,50000000.0,,missingData,missingData,No,Yes,missingData,No,missingData
0,Ankr Network,ANKR,,,,Unknown,30.0,,,No,No,missingData,0.0066,Yes,Yes,No,3.0,,,missingData,missingData,No,Yes,missingData,No,missingData
0,AxionV,AXION,,,,Singapore,14.0,,,No,No,missingData,0.246522003,No,Yes,No,,,,missingData,missingData,No,Yes,missingData,No,missingData
0,VoltGo,VGO,,,,Estonia,13.0,26.0,,No,No,missingData,0.45,No,No,No,3.0,100000000.0,0.4,missingData,missingData,No,Yes,missingData,No,missingData
0,RingX,RINGX,,,,South Korea,0.0,,,No,No,missingData,0.08,No,Yes,No,2.0,150000000.0,0.3,missingData,missingData,No,Yes,missingData,No,missingData
0,Stellerro,STRO,,,,Israel,61.0,13.0,,No,No,missingData,0.97011784,Yes,Yes,Yes,18.0,6800000.0,0.85,missingData,missingData,No,Yes,missingData,No,missingData
0,Paparazzi,PAZZI,,,,South Korea,0.0,,,No,No,missingData,0.024,No,No,No,,12500000.0,0.006,missingData,missingData,No,Yes,missingData,No,missingData
0,DataBloc,STONE,,,,USA,31.0,103.0,,No,No,missingData,0.5,Yes,Yes,Yes,13.0,200000000.0,,missingData,missingData,No,No,missingData,No,missingData
0,AX1,AX1,,,,UK,56.0,,,No,No,missingData,1.2,No,No,Yes,5.0,22222222.0,0.9,missingData,missingData,No,Yes,missingData,No,missingData
0,EpigenCare,EPIC,,,,USA,106.0,,,No,No,missingData,0.4,No,Yes,Yes,8.0,50000000.0,0.833,missingData,missingData,No,Yes,missingData,No,missingData
0,Crowd-Up,CDU,,,,UK,,,,No,No,missingData,,No,No,No,,275000000.0,0.55,missingData,missingData,No,Yes,missingData,No,missingData
0,BFPlus,BFPT,,,,British Virgin Islands,45.0,24.0,,No,No,missingData,0.1,No,No,No,,60000000.0,0.6,missingData,missingData,No,Yes,missingData,No,missingData
0,PERLA,PERLA,,,,Egypt,7.0,,,No,No,missingData,0.5,No,No,No,,,0.6,missingData,missingData,No,Yes,missingData,No,missingData
0,European Crypto Bank,ECB,,,,UK,149.0,,,No,No,missingData,0.7877268,No,No,No,16.0,345414463.0,,missingData,missingData,No,Yes,missingData,No,missingData
0,KsVirtual,KSE,,,,Hong Kong,31.0,,,No,No,missingData,0.130091526,No,No,No,20.0,455000000.0,0.35,missingData,missingData,No,Yes,missingData,No,missingData
0,Crypto Market Cloud,CMC,,,,UK,21.0,21.0,,No,No,missingData,0.223980931,Yes,No,Yes,13.0,70000000.0,0.58,missingData,missingData,No,Yes,missingData,No,missingData
0,Rubiix,RBX,,,,Gibraltar,21.0,,,No,No,missingData,0.38,No,No,No,20.0,58684211.0,0.55,missingData,missingData,No,Yes,missingData,No,missingData
0,Loanex,LOA,,,,Hong Kong,30.0,,,No,No,missingData,1.0,No,No,No,20.0,4500000.0,0.45,missingData,missingData,No,Yes,missingData,No,missingData
0,Travacart,TRVT,,,,India,29.0,,,No,No,missingData,0.05,No,Yes,No,,90000000.0,0.36,missingData,missingData,No,Yes,missingData,No,missingData
0,Cryptune,CPTS,,,,USA,88.0,,,No,No,missingData,0.006,No,Yes,No,7.0,5200000000.0,0.52,missingData,missingData,No,Yes,missingData,No,missingData
0,SociumTrade,SOCM,,,,Estonia,105.0,105.0,,No,No,missingData,0.1133,No,No,No,37.0,250000000.0,0.81,missingData,missingData,No,Yes,missingData,No,missingData
0,UNLSHD,KIBBL,,,,Estonia,191.0,,,No,No,missingData,0.0187,No,No,No,3.0,1000000000.0,,missingData,missingData,No,Yes,missingData,No,missingData
0,Feon,FBC,,,,Russia,46.0,,,No,No,missingData,0.09,No,No,No,,198000000.0,0.66,missingData,missingData,No,No,missingData,No,missingData
0,BlueOcean,BOV,,,,Switzerland,442.0,,,No,No,missingData,1.0,Yes,Yes,No,10.0,42254000.0,,missingData,missingData,No,Yes,missingData,No,missingData
0,Bonafi,BONA,,,,USA,69.0,20.0,,No,No,missingData,0.1,No,Yes,No,11.0,250000000.0,0.25,missingData,missingData,No,Yes,missingData,No,missingData
0,Farasha,FLB,,,,France,32.0,,,No,No,missingData,0.00336,No,No,No,4.0,200000000.0,,missingData,missingData,No,Yes,missingData,No,missingData
0,Inpactor,CSRm,,,,Seychelles,21.0,183.0,,No,No,missingData,0.0917,No,No,No,56.0,96000000.0,,missingData,missingData,No,Yes,missingData,No,missingData
0,Innou,INNOU,,,,Austria,,41.0,,No,No,missingData,0.0664,No,Yes,No,19.0,81250000.0,,missingData,missingData,No,Yes,missingData,No,missingData
0,MANINGI Mines,MANGI,,,,South Africa,107.0,,,No,No,missingData,0.12,No,No,No,,,0.8,missingData,missingData,No,Yes,missingData,No,missingData
0,CannAvenue,CANA,,,,Canada,46.0,,,No,No,missingData,0.0312,No,Yes,No,9.0,3900000000.0,0.75,missingData,missingData,No,Yes,missingData,No,missingData
0,"Hey, Be Well",HEY,,,,Switzerland,15.0,,,No,No,missingData,0.1,Yes,Yes,No,17.0,350000000.0,0.5,missingData,missingData,No,Yes,missingData,No,missingData
0,Tolar HashNET,TOL,,,,Slovenia,5.0,,,No,No,missingData,0.0323,No,No,No,8.0,350000000.0,0.35,missingData,missingData,No,Yes,missingData,No,missingData
0,Blockvest,BLV,,,,USA,46.0,45.0,,No,No,missingData,1.0,No,No,No,24.0,32500000.0,,missingData,missingData,No,Yes,missingData,No,missingData
0,iExchange,IEX,,,,Ukraine,32.0,9.0,,No,No,missingData,0.01,No,Yes,Yes,,750000000.0,0.5,missingData,missingData,No,Yes,missingData,No,missingData
0,MyDexPay,XMD,,,,Malta,199.0,,,No,No,missingData,0.1,No,No,No,,,,missingData,missingData,No,Yes,missingData,No,missingData
0,Instant Assets Tokens,IA,,,,Singapore,61.0,,,No,No,missingData,0.01,Yes,Yes,No,4.0,2000000000.0,0.4,missingData,missingData,No,Yes,missingData,No,missingData
0,BCG,BCG,,,,Singapore,34.0,,,No,No,missingData,0.00886,No,No,Yes,,800000000.0,0.4,missingData,missingData,No,Yes,missingData,No,missingData
0,eden.best,eden,,,,Germany,76.0,14.0,,No,No,missingData,0.00808,Yes,Yes,No,,337500000.0,0.75,missingData,missingData,No,Yes,missingData,No,missingData
0,Quanta Networks,QN,,,,Canada,91.0,,,No,No,missingData,0.7,No,No,No,14.0,1340000000.0,0.67,missingData,missingData,No,Yes,missingData,No,missingData
0,AI PowerBrain.Shop,AIPBS,,,,Seychelles,119.0,,,No,No,missingData,0.161574173,No,Yes,No,9.0,180000000.0,0.7,missingData,missingData,No,Yes,missingData,No,missingData
0,Raison,RSN,,,,Liechtenstein,46.0,14.0,,No,No,missingData,11.586,No,No,No,19.0,3520000.0,0.88,missingData,missingData,No,Yes,missingData,No,missingData
0,Sprint Token,SPRT,,,,Unknown,61.0,,,No,No,missingData,0.0125,No,No,No,,,,missingData,missingData,No,Yes,missingData,No,missingData
0,TapJets,TJA,,,,USA,92.0,,,No,No,missingData,,No,Yes,No,9.0,6000000.0,0.3,missingData,missingData,No,No,missingData,No,missingData
0,Renovato,VATO,,,,Estonia,46.0,18.0,,No,No,missingData,0.08,No,No,No,5.0,216000000.0,0.2,missingData,missingData,No,Yes,missingData,No,missingData
0,Nova Browser,NOVA,,,,Switzerland,90.0,,,No,No,missingData,20.0,No,No,No,,,,missingData,missingData,No,Yes,missingData,No,missingData
0,Octobase,OEP,,,,South Africa,184.0,,,No,No,missingData,,No,No,No,,,,missingData,missingData,No,No,missingData,No,missingData
0,BITTIX,BTX,,,,USA,31.0,4.0,,No,No,missingData,0.025,No,No,No,,,,missingData,missingData,No,No,missingData,No,missingData
0,Citizen Health,MEDIT,,,,USA,220.0,,,No,No,missingData,,No,No,No,10.0,,,missingData,missingData,No,Yes,missingData,No,missingData
0,Neuromorphic,NMP,,,,Germany,106.0,,,No,No,missingData,0.8,No,No,No,4.0,2000000.0,0.2,missingData,missingData,No,Yes,missingData,No,missingData
0,Reward Vision,RWD,,,,France,59.0,,,No,No,missingData,0.0113,No,No,No,9.0,3000000000.0,0.51,missingData,missingData,No,Yes,missingData,No,missingData
0,Miner One,MIO,,,,United Arab Emirates,88.0,,,No,No,missingData,1.0,No,No,No,13.0,287000000.0,0.82,missingData,missingData,No,Yes,missingData,No,missingData
0,EyGex,EyGex,,,,UK,31.0,13.0,,No,No,missingData,,No,No,No,,11000000.0,,missingData,missingData,No,No,missingData,No,missingData
0,Quantum Generation,QUBIT,,,,British Virgin Islands,76.0,,,No,No,missingData,0.25,Yes,No,Yes,8.0,500000000.0,0.5,missingData,missingData,No,Yes,missingData,No,missingData
0,MediaRich.io,DYNCOIN,,,,Cayman Islands,74.0,,,No,No,missingData,,Yes,Yes,No,7.0,3600000000.0,0.72,missingData,missingData,No,Yes,missingData,No,missingData
0,NETZ,NETZ,,,,USA,181.0,,,No,No,missingData,1.45,No,No,No,13.0,400000000.0,,missingData,missingData,No,Yes,missingData,No,missingData
0,Road,ROAD,,,,Singapore,0.0,,,No,No,missingData,0.0143,No,Yes,No,,140000000.0,0.07,missingData,missingData,No,Yes,missingData,No,missingData
0,Orinoco,CTFO,,,,Venezuela,21.0,,,No,No,missingData,0.557864014,No,Yes,No,,860000.0,0.86,missingData,missingData,No,Yes,missingData,No,missingData
0,s3entigrapH,Graph,,,,UK,30.0,,,No,No,missingData,,No,No,No,,150000.0,,missingData,missingData,No,No,missingData,No,missingData
0,EasyDex,EASYDEX.PB,,,,Unknown,31.0,,,No,No,missingData,0.027,No,Yes,No,,2100000.0,0.2,missingData,missingData,No,Yes,missingData,No,missingData
0,AAX Token,AAB,,,,Hong Kong,47.0,,,No,No,missingData,1.0,No,Yes,Yes,8.0,10000000.0,0.2,missingData,missingData,No,Yes,missingData,No,missingData
0,Banana Papa,BPC,,,,Colombia,44.0,,,No,No,missingData,0.39799841,No,No,No,,11335000.0,,missingData,missingData,No,Yes,missingData,No,missingData
0,COIC,COIC,,,,Singapore,8.0,,,No,No,missingData,0.014,No,Yes,No,,1920000000.0,0.16,missingData,missingData,No,Yes,missingData,No,missingData
0,BDAY Token,BDAY,,,,Serbia,364.0,,,No,No,missingData,0.00025,No,No,No,2.0,2650000000.0,0.53,missingData,missingData,No,Yes,missingData,No,missingData
0,Learntoken,Lear,,,,Nigeria,92.0,,,No,No,missingData,0.02,No,No,No,1.0,1000000000.0,0.1667,missingData,missingData,No,Yes,missingData,No,missingData
0,Tigris Protocol,CLAY,,,,Unknown,2.0,,,No,No,missingData,0.5,No,Yes,No,,200000000.0,,missingData,missingData,No,Yes,missingData,No,missingData
0,NZToken,NZT,,,,Estonia,14.0,14.0,,No,No,missingData,0.2,No,No,No,7.0,25000000.0,0.5,missingData,missingData,No,Yes,missingData,No,missingData
0,Seed of Love Token,SEOL,,,,Unknown,150.0,,,No,No,missingData,0.005,No,No,No,3.0,1159375000.0,0.625,missingData,missingData,No,Yes,missingData,No,missingData
0,The Ultranet,ULTR,,,,Unknown,35.0,,,No,No,missingData,0.68450376,No,Yes,No,,750000.0,0.043,missingData,missingData,No,Yes,missingData,No,missingData
0,CTEC,CTEC,,,,Unknown,31.0,,,No,No,missingData,0.042,No,Yes,No,,127771382.0,0.06,missingData,missingData,No,Yes,missingData,No,missingData
0,Farst Network,FRCT,,,,Unknown,6.0,,,No,No,missingData,1.5,No,Yes,No,,7000000.0,0.23,missingData,missingData,No,Yes,missingData,No,missingData
0,MyBtcfX (4xBIT),4xBIT,,,,USA,44.0,,,No,No,missingData,0.5,No,Yes,No,5.0,15000000.0,0.66,missingData,missingData,No,Yes,missingData,No,missingData
0,Dent,DENT,,,,China,14.0,,,No,No,missingData,0.0004,No,No,No,,70000000000.0,0.7,missingData,missingData,No,Yes,missingData,No,missingData
0,21 Million,21MCoins,,,,UK,16.0,,,No,No,missingData,,No,No,No,,,,missingData,missingData,No,Yes,missingData,No,missingData
0,PIX Coin,PIXC,,,,UK,102.0,,,No,No,missingData,0.3944625,No,No,No,13.0,75000000.0,0.75,missingData,missingData,No,Yes,missingData,No,missingData
0,Dexive Exchange,DXV,,,,Unknown,14.0,,,No,No,missingData,0.01,No,Yes,No,4.0,334000000.0,0.55,missingData,missingData,No,Yes,missingData,No,missingData
0,Buglab,BGL,,,,Gibraltar,31.0,35.0,,No,No,missingData,0.15,Yes,Yes,Yes,9.0,170000000.0,0.4,missingData,missingData,No,Yes,missingData,No,missingData
0,Moonlighting,MOON,,,,USA,111.0,,,No,No,missingData,,Yes,Yes,No,10.0,,,missingData,missingData,No,No,missingData,No,missingData
0,Poseidon Network,QQQ,,,,Taiwan,6.0,6.0,,No,No,missingData,0.002,No,No,No,7.0,,,missingData,missingData,No,Yes,missingData,No,missingData
0,Atlantis Blue,ABTD,,,,Dominican Republic,40.0,24.0,,No,No,missingData,0.6,Yes,Yes,No,11.0,300000000.0,0.75,missingData,missingData,No,Yes,missingData,No,missingData
0,ChronoBase,BASE,,,,Belize,56.0,44.0,,No,No,missingData,0.1,No,No,No,8.0,,,missingData,missingData,No,Yes,missingData,No,missingData
0,Beats Token,BTS,,,,Unknown,15.0,,,No,No,missingData,0.091,No,Yes,No,,15000000.0,0.038,missingData,missingData,No,Yes,missingData,No,missingData
0,Orvium,ORV,,,,Estonia,21.0,13.0,,No,No,missingData,0.1,Yes,Yes,Yes,22.0,227000000.0,0.6,missingData,missingData,No,Yes,missingData,No,missingData
0,Bitbond,BB1,,,,Germany,60.0,,,No,No,missingData,1.230663,No,Yes,Yes,23.0,100000000.0,,missingData,missingData,No,Yes,missingData,No,missingData
0,SignKeys,KEYS,,,,Unknown,77.0,30.0,,No,No,missingData,0.1,No,Yes,No,10.0,1000000000.0,0.5,missingData,missingData,No,Yes,missingData,No,missingData
0,Birdlance,BLNC,,,,Unknown,42.0,,,No,No,missingData,0.002,No,No,No,1.0,330000000.0,,missingData,missingData,No,Yes,missingData,No,missingData
0,Morfin,Morfin,,,,Luxembourg,21.0,9.0,,No,No,missingData,,Yes,Yes,No,11.0,,,missingData,missingData,No,Yes,missingData,No,missingData
0,World Travel Blockchain,WTB,,,,Unknown,63.0,,,No,No,missingData,0.2,No,No,Yes,,2730000000.0,0.7,missingData,missingData,No,Yes,missingData,No,missingData
0,Bittellux,BTX,,,,Estonia,,,,No,No,missingData,0.02,No,No,No,7.0,166666667.0,0.264,missingData,missingData,No,Yes,missingData,No,missingData
0,Microfinance Cash,MFC,,,,Unknown,2.0,,,No,No,missingData,0.1,No,No,No,,8400000.0,0.4,missingData,missingData,No,Yes,missingData,No,missingData
0,Xsearch,XSE,,,,Norway,30.0,31.0,,No,No,missingData,0.526479004,No,No,Yes,4.0,24500000.0,0.83,missingData,missingData,No,Yes,missingData,No,missingData
0,BOScoin,BOS,,,,South Korea,39.0,,,No,No,missingData,0.0444,No,Yes,Yes,1.0,5000000000.0,,missingData,missingData,No,Yes,missingData,No,missingData
0,Freight Trust,EDI,,,,USA,5.0,,,No,No,missingData,0.02,No,Yes,No,2.0,,,missingData,missingData,No,Yes,missingData,No,missingData
0,Mychatcoin,MIT,,,,Unknown,30.0,,,No,No,missingData,,No,No,No,,3500000.0,0.5,missingData,missingData,No,Yes,missingData,No,missingData
0,Kijash,Kijash,,,,UK,29.0,,,No,No,missingData,0.264,No,No,No,12.0,60000000.0,0.6,missingData,missingData,No,Yes,missingData,No,missingData
0,Vireo,VIREO,,,,Singapore,28.0,,,No,No,missingData,0.37,No,No,No,4.0,16450.0,0.7,missingData,missingData,No,Yes,missingData,No,missingData
0,PokerSports,XPST,,,,USA,28.0,14.0,,No,No,missingData,0.0687,No,Yes,Yes,6.0,,,missingData,missingData,No,Yes,missingData,No,missingData
0,PacketMining,PAKT,,,,Cayman Islands,94.0,,,No,No,missingData,0.0454,No,No,No,,50000000.0,,missingData,missingData,No,Yes,missingData,No,missingData
0,carblox,CRX,,,,Germany,30.0,30.0,,No,No,missingData,0.313954986,No,No,No,7.0,68000000.0,,missingData,missingData,No,Yes,missingData,No,missingData
0,HeptaFranc,HPTF,,,,France,113.0,,,No,No,missingData,0.13270668,No,No,No,4.0,50000000.0,0.3,missingData,missingData,No,Yes,missingData,No,missingData
0,Science Blockchain,SCI,,,,USA,44.0,27.0,,No,No,missingData,1.0,Yes,Yes,No,2.0,,,missingData,missingData,No,Yes,missingData,No,missingData
0,tZERO,TZRO,,,,USA,59.0,42.0,,No,No,missingData,10.0,No,No,No,5.0,,,missingData,missingData,No,Yes,missingData,No,missingData
0,GN Compass,GNCT,,,,Canada,21.0,,,No,No,missingData,0.3,Yes,Yes,No,9.0,100000000.0,0.1,missingData,missingData,No,Yes,missingData,No,missingData
0,Papereum,PPRM,,,,Unknown,21.0,17.0,,No,No,missingData,3.9904,No,No,No,3.0,100000.0,1.0,missingData,missingData,No,Yes,missingData,No,missingData
0,Wuxian,WWIN,,,,Belize,63.0,,,No,No,missingData,,No,No,No,1.0,400000000.0,0.02,missingData,missingData,No,Yes,missingData,No,missingData
0,Sound Blockchain Protocol,SBP,,,,South Korea,10.0,,,No,No,missingData,0.005,No,Yes,No,,300000000.0,0.03,missingData,missingData,No,Yes,missingData,No,missingData
0,Fiducia Network,FDO,,,,Unknown,169.0,,,No,No,missingData,0.01,No,Yes,No,,300000000.0,0.3,missingData,missingData,No,Yes,missingData,No,missingData
0,Dreamr,DRMR,,,,USA,32.0,,,No,No,missingData,0.25,No,Yes,No,14.0,7000000.0,,missingData,missingData,No,Yes,missingData,No,missingData
0,ALLEX,ALX,,,,Philippines,30.0,28.0,,No,No,missingData,0.1,No,Yes,No,,300000000.0,0.3,missingData,missingData,No,Yes,missingData,No,missingData
0,Multigames,MLT,,,,Argentina,51.0,,,No,No,missingData,11.1769,No,No,No,4.0,6000000.0,0.6,missingData,missingData,No,Yes,missingData,No,missingData
0,GetTheBit,777,,,,USA,91.0,,,No,No,missingData,0.01,No,No,No,4.0,33000000.0,0.0425,missingData,missingData,No,Yes,missingData,No,missingData
0,DESICO,DESI,,,,Lithuania,79.0,,,No,No,missingData,1.143851,Yes,Yes,No,22.0,30011717.0,0.778,missingData,missingData,No,Yes,missingData,No,missingData
0,SmartContainers,SMARC,,,,Switzerland,23.0,,,No,No,missingData,432.0,Yes,Yes,No,3.0,120000000.0,0.8,missingData,missingData,No,Yes,missingData,No,missingData
0,MintFlint,MTF,,,,British Virgin Islands,34.0,,,No,No,missingData,0.00492,No,No,No,,1500000000.0,,missingData,missingData,No,Yes,missingData,No,missingData
0,Letsbet,XBET,,,,Bulgaria,55.0,,,No,No,missingData,0.0737,No,No,No,8.0,77000000.0,0.77,missingData,missingData,No,Yes,missingData,No,missingData
0,HYGH,HYGH,,,,Switzerland,183.0,151.0,,No,No,missingData,0.05,No,Yes,No,20.0,600000000.0,0.6,missingData,missingData,No,Yes,missingData,No,missingData
0,Smart Containers,SMARC,,,,Switzerland,731.0,15.0,,No,No,missingData,432.0,No,No,Yes,5.0,120000000.0,0.8,missingData,missingData,No,Yes,missingData,No,missingData
0,DEAPcoin,DEP,,,,Singapore,1.0,,,No,No,missingData,0.0025,No,No,No,,400000000.0,0.013,missingData,missingData,No,Yes,missingData,No,missingData
0,Bee Cashback,BCH,,,,UK,28.0,84.0,,No,No,missingData,1.0,No,No,No,,27500000.0,0.55,missingData,missingData,No,Yes,missingData,No,missingData
0,Token Security Scheme,TSS,,,,Singapore,30.0,,,No,No,missingData,374.0,No,No,No,,500000000.0,,missingData,missingData,No,Yes,missingData,No,missingData
0,RxSmartCoffee,RXSC,,,,USA,31.0,,,No,No,missingData,0.66,No,No,No,2.0,80000000.0,0.266,missingData,missingData,No,Yes,missingData,No,missingData
0,Faba Invest,FABA,,,,UK,389.0,96.0,,No,No,missingData,1.3,No,Yes,Yes,8.0,80000000.0,0.5,missingData,missingData,No,Yes,missingData,No,missingData
0,GLBrain,GLB,,,,United Arab Emirates,18.0,40.0,,No,No,missingData,0.10266612,Yes,No,No,10.0,120000000.0,0.4,missingData,missingData,No,Yes,missingData,No,missingData
0,Quish Coin,QTV,,,,Unknown,24.0,,,No,No,missingData,1.0,No,Yes,No,,40000.0,,missingData,missingData,No,Yes,missingData,No,missingData
0,Veros,VRS,,,,Estonia,8.0,,,No,No,missingData,0.11,No,Yes,Yes,1.0,1000000.0,0.01,missingData,missingData,No,Yes,missingData,No,missingData
0,Real Land,RLD,,,,Thailand,62.0,,,No,No,missingData,0.01,No,No,No,2.0,56000000.0,0.8,missingData,missingData,No,Yes,missingData,No,missingData
0,LXDX,LXDX,,,,Malta,64.0,,,No,No,missingData,1.139757,Yes,Yes,No,6.0,,,missingData,missingData,No,Yes,missingData,No,missingData
0,Nursecoin,NRS,,,,Belize,44.0,,,No,No,missingData,0.0209,No,No,No,3.0,275000000.0,0.55,missingData,missingData,No,Yes,missingData,No,missingData
0,Digital Degree,DD,,,,UK,35.0,14.0,,No,No,missingData,0.09,No,No,No,,,,missingData,missingData,No,Yes,missingData,No,missingData
0,Biwo Exchange,BWB,,,,Unknown,31.0,,,No,No,missingData,0.00409,No,No,Yes,2.0,780000000.0,0.6,missingData,missingData,No,No,missingData,No,missingData
0,UpSkills,USK,,,,Unknown,92.0,,,No,No,missingData,,No,No,No,1.0,10000000.0,0.25,missingData,missingData,No,Yes,missingData,No,missingData
0,Ebliex,EBX,,,,Unknown,56.0,30.0,,No,No,missingData,0.143546646,No,No,Yes,,70000000.0,0.7,missingData,missingData,No,Yes,missingData,No,missingData
0,PayTezo,PTEZO,,,,Singapore,265.0,,,No,No,missingData,0.0153,No,No,No,20.0,,,missingData,missingData,No,Yes,missingData,No,missingData
0,Philtroneum,PHTT,,,,Philippines,27.0,30.0,,No,No,missingData,0.0189,No,No,No,,1500000000.0,0.75,missingData,missingData,No,Yes,missingData,No,missingData
0,Traderly,TRY,,,,South Africa,365.0,,,No,No,missingData,0.1,Yes,Yes,No,11.0,10000000.0,,missingData,missingData,No,Yes,missingData,No,missingData
0,INS,INS,,,,Russia,21.0,,,No,No,missingData,2.33,No,No,No,14.0,30000000.0,0.6,missingData,missingData,No,Yes,missingData,No,missingData
0,DaxBase,DXBT,,,,UK,97.0,,,No,No,missingData,10.0,No,No,No,10.0,4650000.0,0.93,missingData,missingData,No,Yes,missingData,No,missingData
0,ProxiShares,PRX,,,,Switzerland,16.0,25.0,,No,No,missingData,0.02,No,No,No,,45000000.0,0.4,missingData,missingData,No,Yes,missingData,No,missingData
0,Bronix ICO,Bronix,,,,Australia,30.0,,,No,No,missingData,0.35,No,No,No,,175000000.0,0.8,missingData,missingData,No,Yes,missingData,No,missingData
0,Cruzeo,CRZT,,,,UK,26.0,,,No,No,missingData,0.2,No,Yes,No,11.0,,,missingData,missingData,No,Yes,missingData,No,missingData
0,Troy Trade,TROY,,,,Hong Kong,1.0,,,No,No,missingData,0.05,No,Yes,No,4.0,800000000.0,0.2,missingData,missingData,No,Yes,missingData,No,missingData
0,Troy Network,TROY,,,,China,1.0,,,No,No,missingData,,No,Yes,No,2.0,,,missingData,missingData,No,Yes,missingData,No,missingData
0,Lendxcoin,XCOIN,,,,Unknown,28.0,9.0,,No,No,missingData,0.95,No,No,No,,70000000.0,0.58,missingData,missingData,No,Yes,missingData,No,missingData
0,YearnClassic.Finance,YFIC,,,,UK,,12.0,,No,No,missingData,4.961836292,No,No,No,,400000.0,0.4,missingData,missingData,No,No,missingData,No,missingData
0,Creditor Data Platform,CDPT,,,,USA,123.0,30.0,,No,No,missingData,0.0097,No,No,No,6.0,1700000000.0,0.5,missingData,missingData,No,Yes,missingData,No,missingData
0,WONO,WONO,,,,Malta,28.0,27.0,,No,No,missingData,0.5,Yes,Yes,Yes,20.0,47500000.0,0.6,missingData,missingData,No,Yes,missingData,No,missingData
0,GNY IO,GNY,,,,Jersey,68.0,,,No,No,missingData,0.1,No,Yes,No,4.0,200000000.0,0.5,missingData,missingData,No,No,missingData,No,missingData
0,Dominium,DOM,,,,Netherlands,119.0,16.0,,No,No,missingData,0.29,No,No,No,12.0,1000000000.0,0.7,missingData,missingData,No,Yes,missingData,No,missingData
0,VinDAX,VD,,,,Vietnam,6.0,,,No,No,missingData,0.1,No,No,No,11.0,75000000.0,0.6,missingData,missingData,No,No,missingData,No,missingData
0,DRIVE Markets,DRV,,,,Malta,0.0,,,No,No,missingData,0.14,No,No,No,8.0,70000000.0,0.14,missingData,missingData,No,Yes,missingData,No,missingData
0,WazirX,WRX,,,,India,1.0,,,No,No,missingData,0.02,No,Yes,No,3.0,150000000.0,0.15,missingData,missingData,No,Yes,missingData,No,missingData
0,Numerai,NMR,,,,USA,88.0,,,No,No,missingData,,No,No,Yes,1.0,,,missingData,missingData,No,Yes,missingData,No,missingData
0,Kaizen Coin,KZN,,,,Unknown,,,,No,No,missingData,,No,No,No,,,,missingData,missingData,No,No,missingData,No,missingData
0,CurveBlock,CBUK,,,,UK,485.0,61.0,,No,No,missingData,0.25,Yes,Yes,No,5.0,250000000.0,0.5,missingData,missingData,No,Yes,missingData,No,missingData
0,Netcurrencyindex,NCI,,,,Unknown,10.0,,,No,No,missingData,0.085,No,No,No,,28000000.0,0.28,missingData,missingData,No,Yes,missingData,No,missingData
0,You42,U42,,,,USA,60.0,69.0,,No,No,missingData,0.5,No,Yes,No,6.0,315000000.0,0.6,missingData,missingData,No,Yes,missingData,No,missingData
0,Hashthereum,HETH,,,,USA,33.0,,,No,No,missingData,0.15,No,No,No,2.0,3000000.0,0.3,missingData,missingData,No,Yes,missingData,No,missingData
0,Leasehold,LSH,,,,South Africa,59.0,,,No,No,missingData,0.67,No,No,Yes,5.0,83000000.0,0.83,missingData,missingData,No,Yes,missingData,No,missingData
0,Weave,WVR,,,,Malta,120.0,58.0,,No,No,missingData,0.1,No,Yes,No,14.0,480000000.0,0.5,missingData,missingData,No,No,missingData,No,missingData
0,Nano Mining Token,NANO,,,,UK,91.0,,,No,No,missingData,1.32,Yes,No,No,,,,missingData,missingData,No,Yes,missingData,No,missingData
0,Republic Protocol,REN,,,,Unknown,15.0,,,No,No,missingData,0.0532,No,No,No,,,,missingData,missingData,No,No,missingData,No,missingData
0,Fanaticos Cash,FCH,,,,Brazil,119.0,,,No,No,missingData,0.0885,No,No,No,,16800000.0,0.8,missingData,missingData,No,Yes,missingData,No,missingData
0,ONI Token,ONI,,,,Cyprus,61.0,90.0,,No,No,missingData,0.75592865,No,No,Yes,,,,missingData,missingData,No,Yes,missingData,No,missingData
0,Blockchain Of Things,BOTS,,,,Singapore,,,,No,No,missingData,0.0013,No,No,No,5.0,,,missingData,missingData,No,Yes,missingData,No,missingData
0,Kwatcoin,KTC,,,,Nigeria,14.0,,,No,No,missingData,1.5,No,No,No,,100000000.0,0.1,missingData,missingData,No,Yes,missingData,No,missingData
0,East2,EDOS,,,,Hong Kong,61.0,45.0,,No,No,missingData,0.00237,No,No,No,,,0.6,missingData,missingData,No,Yes,missingData,No,missingData
0,ZenSports,SPORT,,,,USA,330.0,29.0,,No,No,missingData,0.006,No,Yes,No,8.0,3000000000.0,0.6,missingData,missingData,No,Yes,missingData,No,missingData
0,Cybercoinium,CBR,,,,USA,135.0,46.0,,No,No,missingData,0.0264,No,No,No,7.0,117000000.0,,missingData,missingData,No,Yes,missingData,No,missingData
0,TECO,TECO,,,,Russia,182.0,,,No,No,missingData,0.28,No,Yes,No,,75000000.0,0.75,missingData,missingData,No,Yes,missingData,No,missingData
0,Render Token,RNDR,,,,Unknown,30.0,,,No,No,missingData,,No,No,No,4.0,,,missingData,missingData,No,Yes,missingData,No,missingData
0,MINEDOZER,MDZ,,,,Unknown,16.0,,,No,No,missingData,,No,No,No,,400000000.0,1.0,missingData,missingData,No,Yes,missingData,No,missingData
0,Reposco,RPSC,,,,Philippines,60.0,,,No,No,missingData,0.05,No,No,No,,900000000.0,,missingData,missingData,No,Yes,missingData,No,missingData
0,Black Insurance,BLCK,,,,Estonia,29.0,30.0,,No,No,missingData,0.2,No,No,No,7.0,25000000.0,0.32,missingData,missingData,No,Yes,missingData,No,missingData
0,Project Aiur,AIUR,,,,Norway,60.0,71.0,,No,No,missingData,1.98871994,No,No,Yes,6.0,,0.6,missingData,missingData,No,Yes,missingData,No,missingData
0,Oret,ORET,,,,Paraguay,91.0,,,No,No,missingData,0.5,No,No,No,8.0,12000000.0,0.96,missingData,missingData,No,Yes,missingData,No,missingData
0,Rocket ICO,ROCK,,,,Belarus,106.0,41.0,,No,No,missingData,0.972313333,No,No,No,25.0,17000000.0,,missingData,missingData,No,Yes,missingData,No,missingData
0,Venus Coin,VNC,,,,Estonia,91.0,91.0,,No,No,missingData,1.0,No,Yes,No,,,,missingData,missingData,No,Yes,missingData,No,missingData
0,Envoy,NVOY,,,,Estonia,75.0,,,No,No,missingData,0.150534585,Yes,Yes,Yes,22.0,150000000.0,0.6,missingData,missingData,No,Yes,missingData,No,missingData
0,Topl,ARBT,,,,Netherlands,30.0,,,No,No,missingData,0.15,Yes,Yes,No,18.0,72000000.0,0.36,missingData,missingData,No,Yes,missingData,No,missingData
0,BR11 Token,BR11,,,,Cayman Islands,30.0,29.0,,No,No,missingData,1.0,Yes,Yes,No,11.0,,,missingData,missingData,No,Yes,missingData,No,missingData
0,Payment Solutions International,PSI,,,,South Africa,31.0,60.0,,No,No,missingData,1.0,Yes,Yes,No,5.0,25000000.0,,missingData,missingData,No,Yes,missingData,No,missingData
0,Lightning Network,XBO,,,,USA,364.0,121.0,,No,No,missingData,0.00067,No,No,No,4.0,,,missingData,missingData,No,Yes,missingData,No,missingData
0,Amplify,AMPX,,,,British Virgin Islands,45.0,,,No,No,missingData,0.15,No,No,No,,740000000.0,0.6166,missingData,missingData,No,Yes,missingData,No,missingData
0,Venus,VNS,,,,Seychelles,91.0,,,No,No,missingData,2.0,No,Yes,No,1.0,2722865353.0,0.83,missingData,missingData,No,Yes,missingData,No,missingData
0,Cardano,ADA,,,,Switzerland,92.0,,,No,No,missingData,0.0024,No,No,No,2.0,30000000000000.0,0.576,missingData,missingData,No,Yes,missingData,No,missingData
0,DACMI,DACMI,,,,Cameroon,121.0,,,No,No,missingData,1.14,No,Yes,No,10.0,50000000.0,0.2,missingData,missingData,No,Yes,missingData,No,missingData
0,Loyela,L-STAR,,,,Singapore,29.0,16.0,,No,No,missingData,0.01,No,Yes,No,9.0,900000000.0,0.3,missingData,missingData,No,Yes,missingData,No,missingData
0,Delicia,DFT,,,,Estonia,60.0,31.0,,No,No,missingData,0.0059,No,No,No,,3300000000.0,0.33,missingData,missingData,No,Yes,missingData,No,missingData
0,Spectrum Protocol,SP8,,,,Singapore,29.0,,,No,No,missingData,0.01,No,No,No,4.0,,,missingData,missingData,No,Yes,missingData,No,missingData
0,Block Estates,BLEST,,,,UK,90.0,,,No,No,missingData,1.0,No,Yes,Yes,12.0,60000000.0,0.55,missingData,missingData,No,Yes,missingData,No,missingData
0,Soferox,SFX,,,,USA,60.0,,,No,No,missingData,0.387740997,No,No,No,,,,missingData,missingData,No,Yes,missingData,No,missingData
0,Gemstra,GEMS,,,,Cayman Islands,13.0,76.0,,No,No,missingData,0.0218,Yes,Yes,Yes,17.0,800000000.0,0.4,missingData,missingData,No,Yes,missingData,No,missingData
0,Moovin,MOOV,,,,Canada,31.0,,,No,No,missingData,0.00841,Yes,Yes,No,5.0,2800000000.0,0.65,missingData,missingData,No,Yes,missingData,No,missingData
0,YINC,YINC,,,,USA,53.0,,,No,No,missingData,0.08,Yes,Yes,Yes,28.0,500000000.0,0.5,missingData,missingData,No,Yes,missingData,No,missingData
0,IQ Receipt,IQ,,,,British Virgin Islands,91.0,,,No,No,missingData,0.25,No,Yes,Yes,,1000000.0,,missingData,missingData,No,Yes,missingData,No,missingData
0,Scopuly SKY,SKY,,,,Russia,243.0,31.0,,No,No,missingData,0.002,No,No,No,16.0,5000000000.0,0.5,missingData,missingData,No,Yes,missingData,No,missingData
0,Monetizr,MTZ,,,,USA,24.0,30.0,,No,No,missingData,1.0,No,Yes,Yes,8.0,,,missingData,missingData,No,Yes,missingData,No,missingData
0,SupplyBloc,SUPX,,,,USA,31.0,4.0,,No,No,missingData,0.3,No,No,No,19.0,750000000.0,0.6,missingData,missingData,No,Yes,missingData,No,missingData
0,Zenodys,ZZ,,,,Netherlands,29.0,30.0,,No,No,missingData,0.01,Yes,Yes,No,16.0,3100000000.0,0.62,missingData,missingData,No,Yes,missingData,No,missingData
0,Mama Mutua,M2M,,,,Italy,151.0,61.0,,No,No,missingData,,No,No,No,2.0,,,missingData,missingData,No,Yes,missingData,No,missingData
0,Healthereum,HEALTH,,,,USA,,,,No,No,missingData,,No,No,No,6.0,200000000.0,0.2,missingData,missingData,No,Yes,missingData,No,missingData
0,Amulet,AMU,,,,Antigua and Barbuda,183.0,149.0,,No,No,missingData,0.5,No,No,No,4.0,137500000.0,0.55,missingData,missingData,No,Yes,missingData,No,missingData
0,Celes Chain,CCHN,,,,Singapore,122.0,,,No,No,missingData,0.1,Yes,Yes,No,4.0,420000000.0,,missingData,missingData,No,Yes,missingData,No,missingData
0,RightsLedger,RT,,,,USA,61.0,,,No,No,missingData,,No,No,No,,,,missingData,missingData,No,Yes,missingData,No,missingData
0,SnapBots,SNAP,,,,Australia,30.0,,,No,No,missingData,0.01,No,No,No,14.0,,0.5,missingData,missingData,No,Yes,missingData,No,missingData
0,Fvndit,FVND,,,,USA,121.0,30.0,,No,No,missingData,1.0,No,Yes,No,9.0,,,missingData,missingData,No,Yes,missingData,No,missingData
0,AI Bank,AIB,,,,Switzerland,92.0,44.0,,No,No,missingData,0.05,No,No,No,2.0,600000000.0,0.7,missingData,missingData,No,Yes,missingData,No,missingData
0,CINDX,CINXO,,,,Estonia,60.0,,,No,No,missingData,0.5,No,No,No,23.0,4811748.0,0.1832,missingData,missingData,No,Yes,missingData,No,missingData
0,Bucket,BKT,,,,USA,213.0,30.0,,No,No,missingData,0.1,No,Yes,No,10.0,420000000.0,0.28,missingData,missingData,No,Yes,missingData,No,missingData
0,Umka,UMK,,,,Seychelles,183.0,30.0,,No,No,missingData,0.1,No,No,Yes,19.0,99000000.0,0.55,missingData,missingData,No,Yes,missingData,No,missingData
0,MOA,MOA,,,,Unknown,60.0,,,No,No,missingData,0.0281,No,No,No,,,,missingData,missingData,No,Yes,missingData,No,missingData
0,MaxiPRO,MPR,,,,Unknown,19.0,,,No,No,missingData,0.0029,No,No,No,,500000000.0,0.5,missingData,missingData,No,Yes,missingData,No,missingData
0,Velper,VLP,,,,Russia,,,,No,No,missingData,1.450107575,No,No,No,6.0,500000000.0,0.5,missingData,missingData,No,Yes,missingData,No,missingData
0,VelcomEx,VEL,,,,Singapore,20.0,,,No,No,missingData,0.2,No,Yes,No,1.0,150000000.0,0.5,missingData,missingData,No,Yes,missingData,No,missingData
0,Chronicle,CXL,,,,Unknown,30.0,,,No,No,missingData,0.02,No,No,No,,,0.55,missingData,missingData,No,Yes,missingData,No,missingData
0,SOLISMEA,SLM,,,,Unknown,30.0,6.0,,No,No,missingData,0.01,No,No,No,,990000000.0,1.0,missingData,missingData,No,Yes,missingData,No,missingData
0,Streemie,STRM,,,,Australia,60.0,28.0,,No,No,missingData,0.9,Yes,Yes,No,4.0,50000000.0,,missingData,missingData,No,Yes,missingData,No,missingData
0,KRUMBLER,KRUM,,,,Slovakia,55.0,14.0,,No,No,missingData,0.02,Yes,No,No,10.0,14000000000.0,0.6667,missingData,missingData,No,Yes,missingData,No,missingData
0,Atlantis Blue Digital,ABDT,,,,Dominican Republic,61.0,,,No,No,missingData,0.3,No,No,No,,300000000.0,0.75,missingData,missingData,No,Yes,missingData,No,missingData
0,Universal Energy Coin,UEC,,,,Cayman Islands,60.0,,,No,No,missingData,0.1,No,No,No,4.0,800000000.0,0.8,missingData,missingData,No,Yes,missingData,No,missingData
0,WIIX Success Project,WIIX,,,,Canada,29.0,58.0,,No,No,missingData,0.11,No,No,No,4.0,1000000000.0,0.476,missingData,missingData,No,Yes,missingData,No,missingData
0,WindMine,WMD,,,,Liechtenstein,153.0,,,No,No,missingData,1122.385,Yes,Yes,No,,,,missingData,missingData,No,Yes,missingData,No,missingData
0,Walnut Ventures,WXN,,,,Netherlands,29.0,20.0,,No,No,missingData,3.79606995,Yes,No,No,,300000.0,1.0,missingData,missingData,No,Yes,missingData,No,missingData
0,Corl,CRL,,,,Canada,29.0,120.0,,No,No,missingData,0.1,Yes,Yes,No,9.0,39000000.0,0.39,missingData,missingData,No,Yes,missingData,No,missingData
0,WeatherBlock,WXB,,,,Unknown,29.0,27.0,,No,No,missingData,,No,No,No,2.0,250000000.0,0.25,missingData,missingData,No,Yes,missingData,No,missingData
0,Vuzzbee,VBEE,,,,Unknown,30.0,,,No,No,missingData,0.05,No,No,No,3.0,700000000.0,0.7,missingData,missingData,No,Yes,missingData,No,missingData
0,TrustToken,TUSD,,,,USA,29.0,,,No,No,missingData,1.0,Yes,Yes,No,4.0,,,missingData,missingData,No,Yes,missingData,No,missingData
0,Genesis,GES,,,,Estonia,90.0,,,No,No,missingData,1.230285,No,Yes,Yes,4.0,800000000.0,0.8,missingData,missingData,No,Yes,missingData,No,missingData
0,ioox,IOXX,,,,Italy,60.0,18.0,,No,No,missingData,0.05,No,No,No,2.0,6000000000.0,0.6,missingData,missingData,No,Yes,missingData,No,missingData
0,Eggs Crypto Invest,EGCI,,,,Unknown,30.0,59.0,,No,No,missingData,0.05,No,No,Yes,,580000000.0,0.58,missingData,missingData,No,Yes,missingData,No,missingData
0,GoLoud,XGLD,,,,Unknown,29.0,60.0,,No,No,missingData,0.0547,No,No,Yes,,,0.95,missingData,missingData,No,Yes,missingData,No,missingData
0,DenchCoin,DENCH,,,,UK,30.0,,,No,No,missingData,0.01,No,No,No,,5000000.0,0.05,missingData,missingData,No,No,missingData,No,missingData
0,BerryX,BRX,,,,Russia,90.0,,,No,No,missingData,0.02,No,No,No,,800000000.0,0.8,missingData,missingData,No,Yes,missingData,No,missingData
0,edeXa,edeXa,,,,Liechtenstein,91.0,58.0,,No,No,missingData,0.40944456,No,Yes,No,15.0,,,missingData,missingData,No,Yes,missingData,No,missingData
0,BlogCoin,BLGC,,,,Indonesia,44.0,27.0,,No,No,missingData,5e-05,No,No,No,4.0,,,missingData,missingData,No,Yes,missingData,No,missingData
0,Bolton Coin,BFCL,,,,United Arab Emirates,45.0,,,No,No,missingData,1.0,Yes,Yes,No,9.0,277166666.0,,missingData,missingData,No,Yes,missingData,No,missingData
0,Sonata.ai,SONT,,,,UK,60.0,143.0,,No,No,missingData,0.1,Yes,Yes,Yes,11.0,250000000.0,0.5,missingData,missingData,No,Yes,missingData,No,missingData
0,Evareium,EVM,,,,Cayman Islands,60.0,27.0,,No,No,missingData,1.0,No,Yes,Yes,16.0,100000000.0,,missingData,missingData,No,Yes,missingData,No,missingData
0,OpenFinance Network,OFN,,,,USA,61.0,,,No,No,missingData,,No,Yes,No,6.0,125000000.0,0.4,missingData,missingData,No,Yes,missingData,No,missingData
0,MySafeHouse,MSH,,,,Malaysia,30.0,14.0,,No,No,missingData,1.0,No,No,Yes,9.0,,0.5,missingData,missingData,No,Yes,missingData,No,missingData
0,Lumberscout,TALLY,,,,Unknown,750.0,10.0,,No,No,missingData,0.0436,No,No,No,,273000000.0,0.21,missingData,missingData,No,Yes,missingData,No,missingData
0,TwinToken,XTW,,,,South Africa,91.0,,,No,No,missingData,0.0973,No,No,No,6.0,16300000.0,,missingData,missingData,No,Yes,missingData,No,missingData
0,Mobu,MOBU,,,,South Africa,88.0,,,No,No,missingData,0.15,No,Yes,Yes,21.0,120000000.0,0.8,missingData,missingData,No,Yes,missingData,No,missingData
0,Causee,CAUSEE,,,,USA,58.0,30.0,,No,No,missingData,1.0,No,Yes,No,2.0,32000000.0,0.8,missingData,missingData,No,Yes,missingData,No,missingData
0,Betnomi,BNI,,,,USA,27.0,6.0,,No,No,missingData,0.018,No,No,Yes,4.0,27500000.0,0.55,missingData,missingData,No,Yes,missingData,No,missingData
0,InvestorIM,IIM,,,,Philippines,27.0,,,No,No,missingData,0.01,No,No,No,3.0,650000000.0,0.65,missingData,missingData,No,Yes,missingData,No,missingData
0,Gigajoule,GIGJ,,,,Malta,120.0,60.0,,No,No,missingData,1.0,No,Yes,No,5.0,16000000.0,0.8,missingData,missingData,No,Yes,missingData,No,missingData
0,BuschCoin,BUC,,,,Spain,30.0,30.0,,No,No,missingData,0.42,No,No,No,1.0,9000000000.0,0.9,missingData,missingData,No,Yes,missingData,No,missingData
0,Excenbit,QEXB,,,,Portugal,30.0,,,No,No,missingData,5.0,Yes,No,No,,4999.0,0.4999,missingData,missingData,No,Yes,missingData,No,missingData
0,getFIFO,FFUEL,,,,UK,45.0,44.0,,No,No,missingData,0.1531,No,No,No,9.0,75000000.0,0.5,missingData,missingData,No,Yes,missingData,No,missingData
0,BRAVO Pay,BVO,,,,USA,30.0,,,No,No,missingData,0.1,No,No,No,14.0,500000000.0,0.5,missingData,missingData,No,Yes,missingData,No,missingData
0,Safex,SFX,,,,Unknown,30.0,,,No,No,missingData,0.0425,No,No,No,3.0,2147483647.0,0.99,missingData,missingData,No,Yes,missingData,No,missingData
0,Papyrus,PPR,,,,Singapore,,163.0,,No,No,missingData,0.055,Yes,Yes,No,25.0,450000000.0,0.45,missingData,missingData,No,Yes,missingData,No,missingData
0,UDIAR,IAR,,,,Russia,,,,No,No,missingData,,No,No,No,1.0,4000000.0,0.87,missingData,missingData,No,Yes,missingData,No,missingData
0,EatMeCoin,EAT,,,,Latvia,,,,No,No,missingData,,No,Yes,No,7.0,700000.0,0.7,missingData,missingData,No,Yes,missingData,No,missingData
0,CloudFish,CFH,,,,USA,,26.0,,No,No,missingData,0.04725,No,Yes,Yes,8.0,320000000.0,,missingData,missingData,No,Yes,missingData,No,missingData
0,Travvil,TVV,,,,UK,,,,No,No,missingData,1000.0,Yes,Yes,No,11.0,13500000000.0,0.3,missingData,missingData,No,Yes,missingData,No,missingData
0,D'Coin,D'Coin,,,,Singapore,,,,No,No,missingData,,No,No,No,,2000000.0,0.5,missingData,missingData,No,Yes,missingData,No,missingData
0,CryptoPolice,OFCR,,,,Estonia,,13.0,,No,No,missingData,0.06,Yes,Yes,Yes,19.0,510000000.0,0.51,missingData,missingData,No,Yes,missingData,No,missingData
0,Planport,PORT,,,,UK,,,,No,No,missingData,0.2,Yes,Yes,No,10.0,270000000.0,0.54,missingData,missingData,No,Yes,missingData,No,missingData
0,AltCashier,ALTCX,,,,Singapore,,30.0,,No,No,missingData,0.19,No,No,Yes,8.0,12410000.0,0.73,missingData,missingData,No,Yes,missingData,No,missingData
0,Ethereum,ETH,,,,Unknown,31.0,,,No,No,missingData,311.0,No,No,No,,,,missingData,missingData,No,No,missingData,No,missingData
0,Helios Neural Network,HNN,,,,Australia,,30.0,,No,No,missingData,0.35,Yes,Yes,Yes,7.0,250000000.0,0.5,missingData,missingData,No,Yes,missingData,No,missingData
0,Documo,DCMO,,,,Unknown,,,,No,No,missingData,0.2,No,No,No,,7200000.0,0.12,missingData,missingData,No,Yes,missingData,No,missingData
0,JetSet,JETS,,,,USA,,,,No,No,missingData,0.05,Yes,Yes,No,8.0,165000000.0,0.6,missingData,missingData,No,Yes,missingData,No,missingData
0,Optherium,OPEX,,,,Switzerland,,,,No,No,missingData,0.75,Yes,Yes,Yes,19.0,2000000000000.0,0.47,missingData,missingData,No,Yes,missingData,No,missingData
0,CWP,CWT-P,,,,Czech Republic,,,,No,No,missingData,0.2,No,No,No,14.0,500000000.0,0.5,missingData,missingData,No,Yes,missingData,No,missingData
0,MLTOKEN,MLT,,,,Singapore,,,,No,No,missingData,,No,No,Yes,,,,missingData,missingData,No,Yes,missingData,No,missingData
0,Wisp,WSPR,,,,Malaysia,,,,No,No,missingData,1.0,No,No,No,,42000000.0,,missingData,missingData,No,Yes,missingData,No,missingData
0,eGold Mining,EGM,,,,USA,,180.0,,No,No,missingData,1.0,No,Yes,Yes,6.0,25000000.0,0.8,missingData,missingData,No,Yes,missingData,No,missingData
0,Insure Network,INR,,,,South Korea,,29.0,,No,No,missingData,0.1,Yes,Yes,No,12.0,499000000.0,0.499,missingData,missingData,No,Yes,missingData,No,missingData
0,SharkTrade,ICO Shark Coin,,,,Unknown,,,,No,No,missingData,1.6,No,No,No,,,,missingData,missingData,No,Yes,missingData,No,missingData
0,Dronair,DAIR,,,,Spain,,,,No,No,missingData,5.5e-05,Yes,Yes,No,,56000000000.0,0.4,missingData,missingData,No,Yes,missingData,No,missingData
0,diamDEXX,DIAM,,,,Cyprus,,,,No,No,missingData,1.0,Yes,No,No,2.0,150560294.0,,missingData,missingData,No,Yes,missingData,No,missingData
0,Pinect,YP,,,,Australia,,,,No,No,missingData,0.02,Yes,No,No,14.0,2750000000.0,0.55,missingData,missingData,No,Yes,missingData,No,missingData
0,Crypto Birds Platform,XCB,,,,Spain,,35.0,,No,No,missingData,0.037,No,Yes,No,14.0,383515000.0,0.6973,missingData,missingData,No,Yes,missingData,No,missingData
0,Liberty,LBRTY,,,,South Korea,,80.0,,No,No,missingData,10.0,No,No,No,6.0,,0.82,missingData,missingData,No,Yes,missingData,No,missingData
0,Eqwity Studio,SDO,,,,UK,,,,No,No,missingData,,No,Yes,No,12.0,,,missingData,missingData,No,No,missingData,No,missingData
0,Accommodation Coin,ACCO,,,,New Zealand,,73.0,,No,No,missingData,0.18,No,No,No,,150000000.0,0.75,missingData,missingData,No,Yes,missingData,No,missingData
0,KAASO,KAASO,,,,Bulgaria,14.0,,,No,No,missingData,0.0887,No,Yes,No,2.0,600000.0,0.5,missingData,missingData,No,Yes,missingData,No,missingData
0,Chaindap,CDTN,,,,Nigeria,,,,No,No,missingData,,No,No,No,3.0,,,missingData,missingData,No,Yes,missingData,No,missingData
0,Tachyon Protocol,IPX,,,,British Virgin Islands,,,,No,No,missingData,,No,No,Yes,3.0,,,missingData,missingData,No,Yes,missingData,No,missingData
0,IAP Network,IAP,,,,Unknown,,,,No,No,missingData,,No,No,No,24.0,,,missingData,missingData,No,Yes,missingData,No,missingData
0,RiveX,RVX,,,,Unknown,1.0,,,No,No,missingData,0.035,No,No,No,9.0,,,missingData,missingData,No,Yes,missingData,No,missingData
0,FinNexus,FNC,,,,Hong Kong,7.0,,,No,No,missingData,0.1,No,No,No,,150000000.0,0.3,missingData,missingData,No,Yes,missingData,No,missingData
0,LAW,LAW,,,,Russia,,63.0,,No,No,missingData,,No,Yes,No,,3000000000.0,,missingData,missingData,No,Yes,missingData,No,missingData
0,IOI Game,IOI,,,,Curacao,,,,No,No,missingData,,No,No,No,,3500000.0,0.35,missingData,missingData,No,Yes,missingData,No,missingData
0,MiL.K,MiLK,,,,South Korea,,,,No,No,missingData,125.0,No,No,No,,,,missingData,missingData,No,Yes,missingData,No,missingData
0,KOURA,KOU,,,,Canada,,91.0,,No,No,missingData,1.0,No,No,Yes,,100000000.0,0.75,missingData,missingData,No,Yes,missingData,No,missingData
0,Dephlagy,DEPH,,,,Poland,,,,No,No,missingData,0.025,No,No,No,,700000000.0,0.35,missingData,missingData,No,Yes,missingData,No,missingData
0,AuditStarter,AUDIT,,,,Hong Kong,,151.0,,No,No,missingData,27.692,No,No,No,1.0,15000000.0,0.15,missingData,missingData,No,Yes,missingData,No,missingData
0,KIRIK Protocol,KRK,,,,Singapore,,2.0,,No,No,missingData,0.05,Yes,Yes,Yes,15.0,700000000.0,,missingData,missingData,No,Yes,missingData,No,missingData
0,BlockStarter,ZBS,,,,Unknown,,,,No,No,missingData,0.08,No,No,No,1.0,10000000.0,0.1,missingData,missingData,No,Yes,missingData,No,missingData
0,Rainbow XRB,XRB,,,,Singapore,,,,No,No,missingData,0.5,No,No,Yes,,2400000.0,0.4,missingData,missingData,No,Yes,missingData,No,missingData
0,TradeX token,TXH,,,,UK,,,,No,No,missingData,0.028,No,No,No,3.0,325000000.0,0.65,missingData,missingData,No,Yes,missingData,No,missingData
0,CoinMarketFeed,CMF,,,,Singapore,,,,No,No,missingData,0.075,No,No,No,4.0,50000000.0,0.05,missingData,missingData,No,Yes,missingData,No,missingData
0,ScientificCoin,SNcoin,,,,USA,,,,No,No,missingData,0.1,No,Yes,Yes,3.0,30000000.0,0.3,missingData,missingData,No,Yes,missingData,No,missingData
0,SikobaPay,SKO,,,,UK,,30.0,,No,No,missingData,0.55,Yes,No,No,11.0,40000000.0,0.4,missingData,missingData,No,Yes,missingData,No,missingData
0,A1 Coin,A1,,,,Unknown,,,,No,No,missingData,,No,Yes,No,,155400000.0,0.7,missingData,missingData,No,Yes,missingData,No,missingData
0,Nice 1,N1,,,,Estonia,,,,No,No,missingData,6e-05,Yes,Yes,No,5.0,20000000000.0,0.4,missingData,missingData,No,Yes,missingData,No,missingData
0,Ozcar,OCR,,,,Singapore,,30.0,,No,No,missingData,0.35,No,Yes,Yes,12.0,650000000.0,0.52,missingData,missingData,No,Yes,missingData,No,missingData
0,Votem,VAST,,,,USA,,30.0,,No,No,missingData,0.5,No,Yes,Yes,11.0,147000000.0,0.49,missingData,missingData,No,Yes,missingData,No,missingData
0,LifeCare Plus,LC+,,,,South Korea,,0.0,,No,No,missingData,0.863313,No,Yes,No,,200000.0,0.01,missingData,missingData,No,Yes,missingData,No,missingData
0,Lico XLIC,XLIC,,,,Tunisia,,,,No,No,missingData,0.05,No,No,No,,100000000.0,,missingData,missingData,No,Yes,missingData,No,missingData
0,Aurus,AWG,,,,UK,,,,No,No,missingData,67.0,No,Yes,No,9.0,,,missingData,missingData,No,Yes,missingData,No,missingData
0,Tozex,TOZ,,,,France,,,,No,No,missingData,1.0,No,No,No,2.0,,0.61,missingData,missingData,No,Yes,missingData,No,missingData
0,YodaX,YOD,,,,Russia,,30.0,,No,No,missingData,0.5,No,No,No,,12000000.0,0.6,missingData,missingData,No,Yes,missingData,No,missingData
0,GermanCoin,GCX,,,,Germany,,,,No,No,missingData,,No,No,No,,70000000000.0,0.7,missingData,missingData,No,Yes,missingData,No,missingData
0,UTime Token,UTMT,,,,Singapore,,,,No,No,missingData,0.1,Yes,Yes,No,6.0,100000000.0,0.1,missingData,missingData,No,Yes,missingData,No,missingData
0,Zenith Foundation,ZTH,,,,Unknown,,,,No,No,missingData,0.014838,No,No,No,1.0,65000000.0,0.65,missingData,missingData,No,Yes,missingData,No,missingData
0,Realista,RET,,,,Australia,,,,No,No,missingData,0.03,No,No,No,10.0,605000000.0,0.62,missingData,missingData,No,Yes,missingData,No,missingData
0,Monero,XMR,,,,Unknown,,,,No,No,missingData,0.25,No,No,No,,,,missingData,missingData,No,Yes,missingData,No,missingData
0,Nebula Exchange,NESC,,,,France,,,,No,No,missingData,0.4,No,No,Yes,10.0,5700000.0,0.57,missingData,missingData,No,Yes,missingData,No,missingData
0,Leonardo Render,LEOS,,,,Cayman Islands,,,,No,No,missingData,,No,No,No,14.0,,0.35,missingData,missingData,No,Yes,missingData,No,missingData
0,PropPush Token Sale,PSH,,,,Singapore,,,,No,No,missingData,,No,No,No,11.0,500000000.0,0.5,missingData,missingData,No,Yes,missingData,No,missingData
0,Aximetria,AXM,,,,Switzerland,,,,No,No,missingData,,No,No,No,,,,missingData,missingData,No,No,missingData,No,missingData
0,eBonus Token,EBN,,,,Unknown,,,,No,No,missingData,0.0365,No,No,No,12.0,412500000.0,0.55,missingData,missingData,No,Yes,missingData,No,missingData
0,Polybird,PLB,,,,USA,,,,No,No,missingData,,No,No,No,11.0,,,missingData,missingData,No,Yes,missingData,No,missingData
0,1SG,1SG,,,,Singapore,364.0,,,No,No,missingData,0.73,No,No,No,,200000000.0,0.1,missingData,missingData,No,Yes,missingData,No,missingData
0,ICOmax,ICOMAX,,,,Canada,,,,No,No,missingData,,No,No,No,58.0,,,missingData,missingData,No,Yes,missingData,No,missingData
0,BandZ,BNZ,,,,Estonia,,,,No,No,missingData,0.075,No,No,No,9.0,150000000.0,0.15,missingData,missingData,No,Yes,missingData,No,missingData
0,Sovren Exchange,SVRN,,,,UK,,,,No,No,missingData,,No,No,No,15.0,275000000.0,0.55,missingData,missingData,No,No,missingData,No,missingData
0,Payperblock,PayB,,,,Finland,,28.0,,No,No,missingData,0.005,No,No,No,15.0,4000000000.0,0.4,missingData,missingData,No,Yes,missingData,No,missingData
0,Colibra,COLIBRA,,,,Malta,,,,No,No,missingData,0.12,No,No,No,18.0,2250000000.0,0.45,missingData,missingData,No,Yes,missingData,No,missingData
0,chiliZ,CHZ,,,,Malta,8.0,,,No,No,missingData,,No,No,No,33.0,3066666666.0,0.345,missingData,missingData,No,Yes,missingData,No,missingData
0,Dating With Benefits,BENEFIT,,,,Estonia,,21.0,,No,No,missingData,0.0495,No,No,No,,360000000.0,0.6,missingData,missingData,No,No,missingData,No,missingData
0,IMMO,IMMO,,,,Czech Republic,,,,No,No,missingData,,No,No,No,,300000000.0,1.0,missingData,missingData,No,No,missingData,No,missingData
0,Bankorus,BKT,,,,China,,,,No,No,missingData,,No,No,No,,,,missingData,missingData,No,No,missingData,No,missingData
0,AQwire,QEY,,,,Philippines,,,,No,No,missingData,0.15,No,No,No,25.0,100000000.0,0.4,missingData,missingData,No,Yes,missingData,No,missingData
0,CoinPennant,CPT,,,,Slovenia,,,,No,No,missingData,0.5,No,No,No,,24300000.0,0.45,missingData,missingData,No,Yes,missingData,No,missingData
0,iZAC,iZAC,,,,Australia,,,,No,No,missingData,,No,No,No,,,,missingData,missingData,No,Yes,missingData,No,missingData
0,Qorio,QRO,,,,Bosnia and Herzegovina,,,,No,No,missingData,,No,No,No,4.0,,,missingData,missingData,No,Yes,missingData,No,missingData
0,MetaGame,MTG,,,,Canada,,41.0,,No,No,missingData,0.083333,No,No,No,5.0,,,missingData,missingData,No,No,missingData,No,missingData
0,Sporting Chance,SPCH,,,,Australia,,30.0,,No,No,missingData,0.055,No,No,No,1.0,200000000.0,,missingData,missingData,No,Yes,missingData,No,missingData
0,Irresident,IRR,,,,Hong Kong,,,,No,No,missingData,3.64,No,No,No,2.0,38000000.0,0.76,missingData,missingData,No,Yes,missingData,No,missingData
0,Ophir,OPR,,,,Netherlands,,,,No,No,missingData,,No,No,Yes,,,,missingData,missingData,No,Yes,missingData,No,missingData
0,Annual Coin,ANNC,,,,Unknown,,,,No,No,missingData,0.004,No,No,No,1.0,54000000.0,0.45,missingData,missingData,No,Yes,missingData,No,missingData
0,Nydronia,NIA,,,,Venezuela,,11.0,,No,No,missingData,0.8,No,No,No,6.0,40000000.0,0.4,missingData,missingData,No,Yes,missingData,No,missingData
0,NANO ECO,NECOS,,,,South Korea,,,,No,No,missingData,5.0,No,No,No,,60000.0,0.2,missingData,missingData,No,Yes,missingData,No,missingData
0,Compound,COMP,,,,USA,365.0,,,No,No,missingData,34.0,No,No,No,8.0,,,missingData,missingData,No,Yes,missingData,No,missingData
0,Mini Ethereum,METH,,,,Norway,,,,No,No,missingData,0.05,No,No,No,,29566575.0,0.27,missingData,missingData,No,Yes,missingData,No,missingData
0,Baby Token,BABY,,,,Hong Kong,,,,No,No,missingData,0.01,No,Yes,No,7.0,,,missingData,missingData,No,No,missingData,No,missingData
0,Felicium,FEL,,,,Netherlands,,90.0,,No,No,missingData,0.224,Yes,Yes,No,2.0,150000000.0,0.3,missingData,missingData,No,Yes,missingData,No,missingData
0,Covir,CVR,,,,Switzerland,,120.0,,No,No,missingData,0.2,No,No,No,8.0,120000000.0,0.3,missingData,missingData,No,Yes,missingData,No,missingData
0,Candela Coin,CLA,,,,Unknown,,,,No,No,missingData,0.00011,No,No,Yes,3.0,95000000.0,0.76,missingData,missingData,No,Yes,missingData,No,missingData
0,WealthSharingSystems (ETHWSS),WSS,,,,Costa Rica,,,,No,No,missingData,0.2,No,No,No,5.0,70000000.0,0.7,missingData,missingData,No,Yes,missingData,No,missingData
0,Bunker Bits,BUBI,,,,Unknown,,21.0,,No,No,missingData,,Yes,No,No,,3000000.0,0.3,missingData,missingData,No,No,missingData,No,missingData
0,Cyphai,CYPH,,,,France,,,,No,No,missingData,,No,No,No,5.0,20000000.0,0.2,missingData,missingData,No,Yes,missingData,No,missingData
0,Global DeFi,GDF,,,,Unknown,,,,No,No,missingData,0.015,No,No,No,1.0,233000000.0,0.233,missingData,missingData,No,Yes,missingData,No,missingData
0,QDAO DeFi,QDAO,,,,Unknown,,,,No,No,missingData,30.0,No,No,No,1.0,,,missingData,missingData,No,No,missingData,No,missingData
0,UniDApp,UDP,,,,Unknown,,6.0,,No,No,missingData,0.09375,No,No,No,,9000000.0,0.3,missingData,missingData,No,Yes,missingData,No,missingData
0,Prinz,PRINZ,,,,Unknown,,,,No,No,missingData,,Yes,No,No,,272222.0,0.35,missingData,missingData,No,No,missingData,No,missingData
0,TRONUSDT,TUSDT,,,,Unknown,,3.0,,No,No,missingData,,No,No,No,,200000000.0,0.7,missingData,missingData,No,Yes,missingData,No,missingData
0,Arrano,ANO,,,,Unknown,,,,No,No,missingData,0.0012,No,No,No,,490000000.0,0.49,missingData,missingData,No,No,missingData,No,missingData
0,JoinGrowth Network,JGN,,,,Mexico,,,,No,No,missingData,,No,No,No,,123000000000.0,,missingData,missingData,No,Yes,missingData,No,missingData
0,Bridge Finance,BFR,,,,Singapore,,,,No,No,missingData,,No,No,No,4.0,10950000.0,0.1095,missingData,missingData,No,Yes,missingData,No,missingData
0,MBI DeFi,MCOIN,,,,Unknown,,,,No,No,missingData,1.0,No,No,No,,5400000.0,0.3,missingData,missingData,No,Yes,missingData,No,missingData
0,Synthetify,SNY,,,,Poland,,,,No,No,missingData,,No,No,No,4.0,,0.75,missingData,missingData,No,Yes,missingData,No,missingData
0,SUPP Network,SUPP,,,,Unknown,,,,No,No,missingData,0.1,No,Yes,Yes,8.0,9000000.0,0.3,missingData,missingData,No,Yes,missingData,No,missingData
0,Thousand Token,THOUSAND,,,,Colombia,,,,No,No,missingData,0.02,No,No,No,1.0,100000000.0,0.1,missingData,missingData,No,Yes,missingData,No,missingData
0,Cryptocurrency Market,CCM,,,,Unknown,,,,No,No,missingData,0.25,No,No,No,3.0,7000000.0,0.7,missingData,missingData,No,Yes,missingData,No,missingData
0,IQ Token,IQ,,,,Unknown,,,,No,No,missingData,,No,No,Yes,,,,missingData,missingData,No,No,missingData,No,missingData
0,Seseral,SSL,,,,Unknown,,61.0,,No,No,missingData,12.0,No,No,No,,,,missingData,missingData,No,Yes,missingData,No,missingData
0,BamBi,BMB,,,,Unknown,,,,No,No,missingData,0.2,No,No,No,,5000000.0,0.05,missingData,missingData,No,Yes,missingData,No,missingData
1,AdHive,ADH,,,,Estonia,14.0,0.0,4.2,Yes,Yes,Utility,0.1369,Yes,Yes,Yes,16.0,,0.6,Yes,Yes,Yes,Yes,Yes,Yes,Yes
1,Aeryus,AER,,,,USA,121.0,,3.9,Yes,Yes,Utility,0.1034,No,Yes,No,12.0,429678500.0,0.1,Yes,Yes,Yes,Yes,Yes,Yes,Yes
1,Akaiito,AIC,,,,Estonia,64.0,13.0,3.5,Yes,Yes,Utility,0.68,No,No,Yes,19.5,22500000.0,0.75,Yes,Yes,Yes,Yes,Yes,Yes,Yes
1,Auditchain,AUDT,,,,Switzerland,181.0,,3.75,Yes,Yes,Utility,0.089,No,Yes,Yes,8.0,2000000.0,0.8,Yes,Yes,Yes,Yes,Yes,Yes,Yes
1,Buzcoin,BUZ,,,,Russia,146.0,29.0,1.8,Yes,Yes,Utility,0.08,No,No,Yes,10.0,1575000000.0,0.75,Yes,Yes,Yes,Yes,Yes,Yes,Yes
1,CoinPlace,CPL,,,,Russia,61.0,,3.45,Yes,Yes,Utility,0.6858,No,No,No,12.5,29750000.0,0.85,Yes,Yes,Yes,Yes,Yes,Yes,Yes
1,Cool Cousin,CUZ,,,,Israel,63.0,,4.0,Yes,Yes,Utility,0.1578,Yes,Yes,Yes,23.0,99000000.0,0.33,Yes,Yes,Yes,Yes,Yes,Yes,Yes
1,Decentralized News Network,DNN,,,,USA,28.0,205.0,3.9,Yes,Yes,Utility,0.0913,Yes,No,Yes,16.5,500000000.0,0.5,No,Yes,Yes,Yes,Yes,Yes,Yes
1,DigitalBits,XDB,,,,Cayman Islands,106.0,,3.6,No,No,Utility,0.0029,Yes,Yes,No,12.5,100000000000.0,0.1,No,No,Yes,Yes,Yes,Yes,Yes
1,Dragonglass,DGS,,,,Estonia,388.0,38.0,3.4,Yes,Yes,Utility,0.0255,No,No,Yes,9.0,1111111111.0,1.0,No,Yes,Yes,Yes,Yes,Yes,Yes
1,Effect.AI,EFX,,,,Netherlands,30.0,,3.55,No,No,Utility,0.07,Yes,Yes,Yes,16.0,260000000.0,0.4,Yes,Yes,Yes,Yes,Yes,Yes,Yes
2,ImmVRse,IMVR,Scam,01/07/2018,Scam. No development.,UK,62.0,9.0,4.35,Yes,Yes,Utility,0.2,Yes,Yes,Yes,20.0,300000000.0,0.3333,No,Yes,Yes,Yes,Yes,Yes,Yes
1,Incodium,INCO,,,,Singapore,41.0,29.0,4.0,Yes,Yes,Utility,0.0093,No,No,No,16.0,3000000000.0,0.3,Yes,Yes,Yes,Yes,Yes,Yes,Yes
1,JOYSO,JOY,,,,Seychelles,21.0,,4.1,Yes,Yes,Utility,0.0578,Yes,No,No,9.5,100000000.0,0.5,No,No,Yes,Yes,Yes,Yes,Yes
1,LYNCHPIN TOKEN,LYN,,,,Estonia,167.0,,3.8,Yes,Yes,Utility,5.0,Yes,No,No,18.0,4000000.0,0.8,Yes,Yes,Yes,Yes,Yes,Yes,Yes
1,Levolution,LEVL,,,,Cayman Islands,14.0,,3.9,Yes,Yes,Utility,0.1914,Yes,Yes,Yes,13.0,225000000.0,0.45,Yes,Yes,Yes,Yes,Yes,Yes,Yes
1,Lucre,LCRT,,,,Saint Kitts and Nevis,58.0,77.0,4.1,Yes,Yes,Utility,1.0,Yes,Yes,Yes,14.0,10000000.0,0.8,Yes,Yes,Yes,Yes,Yes,Yes,Yes
1,OATH Protocol,OATH,,,,USA,0.0,,3.8,Yes,Yes,Utility,0.005,No,Yes,Yes,12.5,3000000000.0,0.3,Yes,Yes,Yes,Yes,Yes,Yes,Yes
1,PGF500,PGF7T,,,,Switzerland,172.0,6.0,3.8,Yes,Yes,Utility,0.1137,No,Yes,No,15.5,227200000.0,0.8,Yes,Yes,Yes,Yes,Yes,Yes,Yes
1,PROT,PROT,,,,South Korea,6.0,7.0,4.15,No,No,Utility,0.9,Yes,Yes,No,11.5,50000.0,0.01,No,No,Yes,Yes,Yes,Yes,Yes
1,RankingBall,RBG,,,,Singapore,20.0,53.0,3.8,Yes,Yes,Utility,0.009,No,Yes,Yes,17.5,2000000000.0,0.2,Yes,Yes,Yes,Yes,Yes,Yes,Yes
1,Sapien,SPN,Deceased,22/08/2018,"Weak Platform, deceased",USA,31.0,15.0,4.4,Yes,Yes,Utility,0.1417,No,No,Yes,11.5,215000000.0,0.45,Yes,Yes,Yes,Yes,Yes,Yes,Yes
1,Spotcoin,SPOT,,,,Georgia,5.0,194.0,3.9,No,No,Utility,0.5,Yes,Yes,No,31.0,66000000.0,0.67,Yes,Yes,Yes,Yes,Yes,Yes,Yes
2,Vexanium,VEX,Scam,21/08/2019,"Imitation project, copy the source from github.",Singapore,11.0,29.0,3.7,No,No,Utility,0.029,No,Yes,Yes,16.5,400000000.0,0.4,No,Yes,Yes,Yes,Yes,Yes,Yes
1,Vidy,VIDY,,,,Singapore,122.0,,3.8,Yes,Yes,Utility,0.005,Yes,Yes,Yes,20.5,5200000000.0,0.52,Yes,Yes,Yes,Yes,Yes,Yes,Yes
1,Viola.AI,VAI,,,,Singapore,44.0,58.0,3.9,Yes,Yes,Utility,0.2,Yes,Yes,No,23.0,,0.37,Yes,Yes,Yes,Yes,Yes,Yes,Yes
1,simplyBrand,SBA,,,,Cayman Islands,3.0,72.0,3.6,Yes,Yes,Utility,0.0239,Yes,Yes,Yes,9.0,160000000.0,0.16,Yes,Yes,Yes,Yes,Yes,Yes,Yes
3,0chain,ZCHN,Scam,07/07/2019,"Raised $39m. Front man quits within 6 months of ICO. Roadmap delayed by 1 year. Still no mainnet, no working product. Trying to raise more fund to scam more. Incompetent CEO.",USA,2.0,2.0,2.95,Yes,Yes,Utility,1.65,Yes,Yes,No,7.0,40000000.0,0.1,Yes,No,Yes,Yes,Yes,Yes,Yes
1,3DES,DES,,,,Russia,,,2.3,Yes,No,missingData,0.286,No,No,No,1.0,25000000.0,0.71,missingData,missingData,Yes,Yes,missingData,No,missingData
3,4NEW,FRNC,Scam,03/01/2019,"UK based Waste to Energy scam run by Varun Datta and Sandeep Goleccha.- everything in whitepaper is a lie; there are no power plants, mining equipments, contracts, partnerships, institutional investors, NOTHINGhttps://beta.companieshouse.gov.uk/company/10994832",UK,70.0,59.0,3.7,Yes,Yes,Utility,1.0,No,Yes,No,14.0,,0.75,No,No,Yes,Yes,Yes,Yes,Yes
1,ABLE,ABLE,,,,Estonia,25.0,13.0,3.0,Yes,Yes,Utility,0.0011,Yes,Yes,Yes,14.0,15000000000.0,0.6,Yes,Yes,Yes,Yes,Yes,Yes,Yes
2,AIRCOIN,ACT,Deceased,07/09/2017,"Apparently there are at least two different things both named aircoin and both trading with the symbol AIR.  coinmarketcap is tracking one and cryptocoinrank is tracking the other.  One is effectively dead and the other apparently alive as of 12 July 2014.  It is not clear which the investigation below describes, nor whether it includes features of both. launched 20 Feb 2014,  Aircoin was launched by 'aircoin'",Ukraine,10.0,,1.8,Yes,Yes,Utility,1.0,No,Yes,No,10.0,,,No,Yes,Yes,Yes,No,No,Yes
1,ALLOY,ALLOY,Deceased,22/08/2018,https://bitcointalk.org/index.php?topic=2176653.580,India,30.0,21.0,3.0,Yes,Yes,Utility,1.276,No,No,No,9.0,50000000.0,,No,Yes,Yes,Yes,Yes,Yes,Yes
2,ARBITRAGING,ARB Token,Scam,19/04/2019,Ponzi scheme,Singapore,85.0,16.0,2.0,Yes,Yes,Utility,0.8,No,No,No,5.5,,,No,No,Yes,Yes,Yes,No,Yes
1,ASTRA,STAR,,,,USA,60.0,117.0,2.8,Yes,Yes,Utility,1.0,No,No,No,7.0,315000000.0,0.15,No,No,Yes,Yes,No,No,Yes
1,ATB coin,ATB,,,,USA,51.0,,2.6,Yes,Yes,Utility,1.0,No,No,No,7.0,,,No,No,Yes,Yes,Yes,No,missingData
1,Abab,AbabCoin,,,,Russia,30.0,18.0,1.8,Yes,Yes,Utility,0.1,No,No,No,6.0,298000000.0,,Yes,Yes,Yes,No,Yes,No,missingData
1,AbjCoin,ABJ,,,,Unknown,59.0,,2.6,Yes,Yes,Utility,0.5,No,No,No,12.0,9000000.0,0.3,No,Yes,Yes,Yes,Yes,Yes,Yes
1,Acumen,AMT,,,,Unknown,31.0,14.0,1.8,Yes,Yes,Utility,,No,No,No,2.0,,0.3,No,No,Yes,Yes,Yes,No,missingData
1,AdMine,MediaCoin,,,,UK,32.0,32.0,3.3,Yes,Yes,Utility,,No,No,No,11.0,65000000.0,0.65,No,No,Yes,Yes,Yes,Yes,Yes
1,Adelphoi,ADL,,,,Czech Republic,30.0,,2.1,No,No,Utility,0.0295,No,No,No,0.0,,,No,No,Yes,Yes,Yes,No,missingData
2,Adrenaline,ARAI,Scam,21/09/2018,"Masternode coin, discord is dead, twitter account deleted, still listed on Cryptobridge",Unknown,0.0,,3.4,Yes,Yes,Utility,0.1,No,No,No,10.0,9000000.0,0.02,Yes,Yes,Yes,Yes,Yes,No,Yes
1,Aether United,AUN,,,,Bulgaria,,,1.6,Yes,No,missingData,,No,No,No,,,,missingData,missingData,Yes,No,missingData,Yes,missingData
1,AfterEther,AET,,,,Belize,,,1.1,Yes,No,missingData,0.1,No,No,No,,,0.95,missingData,missingData,Yes,Yes,missingData,No,missingData
1,Afterschool,AST,,,,United Arab Emirates,30.0,,3.2,Yes,Yes,Utility,0.05,No,No,No,10.5,480000000.0,0.6,Yes,Yes,Yes,Yes,Yes,No,No
1,Agrolifecoin,AGLC,,,,Spain,56.0,,3.4,No,No,Utility,0.0424,No,Yes,No,8.0,250000000.0,,Yes,Yes,Yes,Yes,Yes,No,Yes
1,Ahoolee,AHT,,,,Russia,14.0,,2.8,Yes,Yes,Utility,0.4,No,No,No,5.5,25000000.0,,Yes,Yes,Yes,Yes,Yes,No,missingData
1,Aldoin,ALDO,,,,Unknown,38.0,,,No,No,missingData,1.15,No,No,No,9.0,,,missingData,missingData,No,Yes,missingData,No,missingData
1,Ankorus,ANK,,,,UK,30.0,,2.8,Yes,Yes,Utility,1.75,No,No,No,25.0,50000000.0,0.5,No,Yes,Yes,Yes,Yes,No,Yes
1,Anryze,RYZ,,,,Russia,30.0,,3.2,No,No,Utility,0.02,No,No,No,9.0,331700000.0,0.939,Yes,Yes,Yes,Yes,Yes,No,Yes
1,Apollon,APO,Deceased,17/08/2019,Project was shut down by the CEO who stopped funding the project.,Malta,30.0,28.0,3.1,Yes,Yes,Utility,1.0,No,No,No,3.0,,,No,Yes,Yes,Yes,Yes,Yes,Yes
1,AriseBank,ACO,,,,USA,32.0,31.0,2.7,No,No,Utility,1.4,No,No,No,6.0,833333333.0,,Yes,Yes,Yes,Yes,Yes,Yes,Yes
1,Athena,ATN,,,,Czech Republic,48.0,,3.0,Yes,Yes,Utility,0.535,No,No,No,13.5,192000000.0,0.96,Yes,No,Yes,Yes,Yes,Yes,Yes
1,Atlant,ATL,,,,Singapore,55.0,18.0,3.8,Yes,Yes,Utility,0.5731,No,No,No,8.0,103548812.0,,No,Yes,Yes,Yes,Yes,Yes,No
2,Atronocom,ATRO,Scam,19/05/2019,"Banking Application for Fiat, Crypto and BankCard with Mobile Staking and Security Messenger",United Arab Emirates,,,2.4,No,No,missingData,0.6,No,Yes,No,,,,missingData,missingData,Yes,Yes,missingData,No,missingData
1,Augmate,MATE,,,,USA,180.0,,2.9,Yes,Yes,Utility,0.015,No,Yes,No,16.0,15000000000.0,0.3,No,No,Yes,Yes,Yes,No,Yes
1,Autoria,AUT,,,,USA,21.0,,2.2,Yes,Yes,Utility,0.0129,No,No,No,6.0,,,No,No,Yes,No,Yes,Yes,missingData
1,BEEQB,BEE,,,,Russia,30.0,,3.0,Yes,Yes,Utility,1.0,No,No,No,7.5,50000000.0,0.83,No,Yes,Yes,Yes,Yes,No,Yes
1,BELDEX,BELDEX,Scam,01/01/2019,"Beldex is an scam coin,promoted by GCC hub fake company.Enabling and disabling deposits and withdrawals for their interests,For eg: Check and follow beldex wallets in all exchanges(Bitebtc exchange) .They will make us fall into an trap,Please try to save people's hard-earned money from these scammers promoted in the form of MLM scheme,Which doesn't hold their words as promised!Please help other's from Beldex, Let this stop upto meThank you",Malaysia,106.0,,3.1,No,No,Utility,0.25,No,Yes,No,4.5,187500.0,0.125,Yes,Yes,Yes,Yes,Yes,No,Yes
1,BREM,BRM,,,,Russia,,,2.7,Yes,No,missingData,1.0,No,No,No,5.0,15500000.0,0.7,missingData,missingData,Yes,Yes,missingData,Yes,missingData
1,Bamboo,BAM,,,,Switzerland,121.0,,3.0,Yes,No,missingData,0.15,Yes,Yes,No,13.0,175000000.0,0.585,missingData,missingData,Yes,Yes,missingData,Yes,missingData
2,Bank4You,BFY,Deceased,24/01/2019,fake promises,UK,145.0,,3.1,Yes,Yes,Utility,0.21,No,No,No,13.0,240000000.0,0.8,No,Yes,Yes,Yes,Yes,Yes,Yes
1,Battle Ball,BBC,,,,Russia,45.0,,2.0,Yes,Yes,Utility,,No,No,No,3.0,21000000.0,,Yes,Yes,Yes,Yes,Yes,No,No
1,Battle of Titans,BTT,,,,Unknown,,,3.1,Yes,No,missingData,0.338,No,No,No,3.0,306000000.0,0.85,missingData,missingData,Yes,Yes,missingData,Yes,missingData
1,BeautiQ,BTQ,,,,Isle of Man,60.0,,2.8,No,No,Utility,1.16,No,No,No,7.0,720000.0,,Yes,Yes,Yes,Yes,No,No,Yes
1,BeefCoin,BEEF,,,,Russia,89.0,,2.4,Yes,Yes,Utility,1.0,No,No,No,5.0,2000000.0,0.5,Yes,Yes,Yes,Yes,Yes,No,Yes
1,Bethereum,BETHER,Deceased,02/01/2019,The company changed the token from BTHR to BETHER.Old Contract: 0xa02e3bb9cebc03952601b3724b4940e0845bebcf,Hong Kong,91.0,14.0,3.7,Yes,No,missingData,0.0132,Yes,No,Yes,15.0,600000000.0,0.6,missingData,missingData,Yes,Yes,missingData,Yes,missingData
1,Bico,BICO,,,,France,61.0,,2.2,Yes,Yes,Utility,0.048,No,No,No,7.0,2500000.0,,No,Yes,Yes,Yes,Yes,Yes,No
1,Bionic,BINC,,,,USA,178.0,30.0,2.1,Yes,Yes,Utility,0.1162,No,No,No,0.0,180000000.0,,Yes,Yes,Yes,Yes,Yes,Yes,Yes
1,BitBase,BTB,,,,Germany,,,2.1,Yes,No,missingData,,No,No,No,,100000000.0,,missingData,missingData,Yes,Yes,missingData,Yes,missingData
1,BitCheke,BitCheke (BCK),Scam,03/07/2018,Scam: Read this.https://revientoestafadores.github.io/laestafabitcheke/In Spanish Only.,Chile,,,2.3,No,No,missingData,0.7,No,No,No,,100000000.0,,missingData,missingData,Yes,Yes,missingData,No,missingData
1,Bitindia,BITINDIA,,,,India,,,2.6,Yes,No,missingData,1.0,No,No,No,9.0,134400000.0,0.75,missingData,missingData,Yes,Yes,missingData,No,missingData
1,Bitpaction,Bitpaction Share,Scam,08/08/2018,"Hack or exit scam, either way the exchange is gone and so is the token.",Singapore,27.0,,2.2,Yes,Yes,Utility,0.23,No,No,No,7.0,,,No,No,Yes,Yes,Yes,No,missingData
1,Bitpark Coin,BITPARK,,,,Japan,35.0,21.0,1.3,Yes,Yes,Utility,104.0,No,No,No,3.0,,,No,No,Yes,Yes,Yes,No,No
1,BlockBits,BBX,,,,Romania,52.0,24.0,3.8,Yes,Yes,Utility,0.0947,No,No,No,11.0,,0.6,Yes,Yes,Yes,Yes,Yes,Yes,Yes
2,BlockMesh,MESH,Scam,15/03/2019,"Its dead. Even their own Exchange https://blockstreetx.com/ is not supported anymore for a year now""FEATURED ICO: BLOCKMESH 28 FEBRUARY 2018""",Mauritius,31.0,6.0,3.5,Yes,Yes,Utility,0.043,No,No,No,8.5,220000000.0,0.11,Yes,Yes,Yes,Yes,Yes,Yes,Yes
1,Blockchain Taxi,BCT,,,,Switzerland,31.0,31.0,2.6,Yes,Yes,Utility,0.5199,No,No,No,6.0,500000000.0,0.6,No,Yes,Yes,Yes,Yes,No,Yes
1,Blockpay,Blockpay,,,,Switzerland,23.0,,1.7,No,No,Utility,124.0,No,No,No,1.0,80000.0,,No,No,Yes,No,Yes,No,No
1,BmyBit,BMYC,,,,UK,45.0,111.0,3.1,No,No,Utility,2.4327,No,Yes,Yes,9.0,3600000.0,0.36,Yes,Yes,Yes,Yes,Yes,No,Yes
1,Bugu,BGT,,,,China,30.0,,,No,No,missingData,0.0001,No,No,Yes,1.0,,,missingData,missingData,No,Yes,missingData,No,missingData
1,CAR Token,CAR Token,,,,Cayman Islands,44.0,91.0,2.8,Yes,Yes,Utility,0.0258,Yes,No,No,8.0,680000000.0,0.68,No,Yes,Yes,Yes,No,No,Yes
1,CHEX,CHX,,,,USA,60.0,,2.9,Yes,Yes,Utility,0.02,No,No,No,3.0,1000000000.0,,No,No,Yes,Yes,Yes,No,Yes
1,CHRYSOS,CHR,Scam,31/12/2018,Took the money and ran,Singapore,33.0,,1.8,Yes,Yes,Utility,1.85,No,Yes,No,0.0,,0.7,No,No,Yes,Yes,No,No,Yes
2,CREDITS,CS,Deceased,07/09/2017,Created via coingen.  Observed with market cap 4615 on May 26,Singapore,0.0,,3.7,Yes,Yes,Utility,0.17,No,Yes,No,15.5,,,Yes,Yes,Yes,Yes,Yes,Yes,Yes
1,Casagram,CAC,,,,Germany,30.0,,2.7,Yes,Yes,Utility,7.02,No,No,No,5.0,100000000.0,0.6,Yes,No,Yes,Yes,Yes,No,missingData
1,Cash Poker Pro,CASH,,,,Russia,23.0,4.0,3.1,Yes,Yes,Utility,0.847,No,No,No,10.0,60000000.0,0.6,No,No,Yes,Yes,Yes,Yes,Yes
2,Centra,CTR,Scam,04/07/2019,Centra: artificially inflated@Rustamsmm - telegram,USA,10.0,,1.3,Yes,No,missingData,0.731,No,No,No,3.0,,,missingData,missingData,Yes,No,missingData,No,missingData
1,ChainTrade,CTT,Parody,01/07/2018,"""Later on, as I was transferring funds to MyEtherWallet, I realized that CTT is a completely different ticker from the one mentioned on your whitepaper, and I had invested 4 ETH into something that DOES NOT EVEN HAVE AN ACTIVE WEB PAGE. There's a bid-ask spread of >10%, which means that your link from your website resulted in a potential investor losing out on a lot of money.Now I don't know about you, but 4 ETH means a lot to me. And I lost it because of an error from YOUR end. On your god-damned homepage, no less.Is this the kind of professionalism and attention to detail that I can expect from you guys going forward? If yes, I highly doubt your ability to win in this market.Edit: ETH address to verify what I'm saying: 0xbbC09E0D0613f936f501Fc61565f33727A251318 (check historical transactions, I've since sold the mysterious CTT tokens at a hefty loss.)""",Singapore,,,2.8,Yes,No,missingData,,No,No,No,8.0,200000000.0,,missingData,missingData,Yes,No,missingData,Yes,missingData
1,Charg Coin,CHARG,,,,USA,46.0,,2.5,Yes,Yes,Utility,2.12,No,No,No,15.0,,,No,No,Yes,Yes,Yes,Yes,Yes
1,Clout,CLOUT,Deceased,01/07/2018,"Supposed to be a competitor of Steel, with a focus on paying Clout Coin to people rating ICO's and use that crowd use to weed out the real ICO's from Scams.  Apparently not being developed anymore.",Gibraltar,30.0,25.0,3.0,Yes,Yes,Utility,2.5,No,No,No,16.5,12500000.0,,No,Yes,Yes,Yes,Yes,Yes,Yes
1,CoinBet,LOTC,,,,Hong Kong,31.0,,1.2,Yes,Yes,Utility,0.1481,No,No,No,0.0,,,No,Yes,Yes,Yes,Yes,No,No
1,CoinFi,COF,,,,Hong Kong,10.0,24.0,2.8,Yes,Yes,Utility,0.15,No,No,No,16.0,150000000.0,0.5,No,Yes,Yes,Yes,Yes,Yes,Yes
1,CoinStarter,STC Token,,,,British Virgin Islands,28.0,14.0,3.1,Yes,Yes,Utility,0.2093,No,No,No,9.0,695800000.0,0.71,Yes,Yes,Yes,Yes,Yes,Yes,Yes
1,Collegecoin,COLL,Parody,07/09/2017,Created via coingen,USA,,,2.3,No,No,missingData,,No,No,No,24.0,,0.5,missingData,missingData,Yes,Yes,missingData,No,missingData
1,Compcoin,CMP,,,,USA,17.0,,2.0,Yes,Yes,Utility,15.0,No,No,No,4.0,3000000.0,,No,Yes,Yes,Yes,Yes,No,missingData
1,Connect,CNN,,,,Unknown,35.0,38.0,1.8,Yes,Yes,Utility,0.37,No,No,No,0.0,,0.4,No,Yes,Yes,Yes,No,Yes,missingData
1,CoooCoin,COOO,,,,Hong Kong,123.0,,3.0,Yes,Yes,Utility,0.0257,No,No,No,10.5,,,Yes,Yes,Yes,Yes,Yes,No,Yes
1,CopiCo,XCPO,,,,India,20.0,,1.1,No,No,missingData,0.065,No,No,No,,98000000.0,0.5,missingData,missingData,Yes,Yes,missingData,Yes,missingData
2,Corex,COREX,Scam,18/04/2018,They scam it and exited,Singapore,8.0,,2.4,Yes,No,missingData,0.65,No,No,No,,16000000.0,,missingData,missingData,Yes,Yes,missingData,No,missingData
1,Cove Identity,SHELLS,,,,UK,,,3.2,Yes,No,missingData,0.1,No,No,No,7.0,510000000.0,0.41,missingData,missingData,Yes,Yes,missingData,Yes,missingData
1,Crowdstart Capital,XSC,,,,Germany,,,1.0,Yes,No,missingData,,No,No,No,3.0,3125000.0,,missingData,missingData,Yes,No,missingData,No,missingData
1,Cryder,CRYDER,,,,Latvia,31.0,,2.3,Yes,Yes,Utility,0.3094,No,No,Yes,5.0,400000000.0,,No,No,Yes,Yes,Yes,No,Yes
1,CryptoCurve,CURV,,,,UK,31.0,182.0,3.6,No,No,Utility,0.2,Yes,Yes,No,14.0,207500000.0,0.5,No,Yes,Yes,Yes,Yes,Yes,Yes
1,CryptoForecast,CFT,,,,Italy,30.0,,2.1,No,No,Utility,,No,No,No,4.0,,,Yes,No,Yes,Yes,Yes,No,Yes
2,Cypher,<U+200B>CYR<U+200B>,,,,UK,3.0,4.0,1.7,Yes,Yes,Utility,,No,No,No,4.0,14000000.0,0.1,No,No,Yes,Yes,Yes,Yes,missingData
1,DELTA,DELTA,Deceased,21/09/2017,Failed ICO,Hong Kong,122.0,153.0,2.2,Yes,Yes,Utility,1.4767,Yes,No,Yes,5.0,3294000000.0,0.7671,No,Yes,Yes,Yes,Yes,No,Yes
1,DEXON,D<U+200B>XN,,,,Taiwan,1.0,,2.3,No,No,Utility,0.15,No,No,No,14.0,,,No,Yes,Yes,Yes,Yes,Yes,Yes
1,DMarket,DMarket,,,,Ukraine,90.0,171.0,3.8,Yes,Yes,Utility,0.5,No,No,No,11.0,,,No,No,Yes,Yes,Yes,Yes,No
1,Datafund,DEX token,,,,Slovenia,,,2.0,Yes,No,missingData,0.0019,No,No,No,24.0,,0.4,missingData,missingData,Yes,Yes,missingData,No,missingData
1,DentalFix,DFBT,,,,Russia,31.0,,2.6,No,No,Utility,0.3678,No,No,No,4.0,100000000.0,,No,Yes,Yes,Yes,Yes,No,missingData
1,Dentix,DNTX,,,,USA,30.0,57.0,2.8,Yes,Yes,Utility,0.6802,Yes,Yes,No,5.0,300000000.0,0.7,Yes,Yes,Yes,Yes,Yes,Yes,Yes
1,Dether,ÐTH,Deceased,01/02/2019,"- ICO closed one year ago, 13.4m EUR funded (100%)",France,2.0,,3.75,Yes,Yes,Utility,0.202,No,No,No,11.0,66000000.0,0.66,Yes,Yes,Yes,Yes,Yes,Yes,Yes
1,DropDeck,DDD,,,,Singapore,30.0,,3.3,Yes,Yes,Utility,0.0812,No,No,No,21.5,,0.5,Yes,Yes,Yes,Yes,Yes,Yes,Yes
2,Droplex,DROP Token,Scam,13/01/2018,"Shortly after the ico ended and tokens were issued, their website has gone down (droplex.org) and social medias went quiet.",Unknown,14.0,28.0,1.6,No,No,Utility,0.3955,No,No,No,2.0,30000000.0,,No,Yes,Yes,No,Yes,Yes,missingData
1,E4ROW,E4ROW,,,,Israel,21.0,,1.1,Yes,Yes,Utility,,No,No,No,1.0,,,Yes,Yes,Yes,Yes,Yes,Yes,No
2,EGold,EGD,,,,UK,61.0,32.0,2.0,Yes,Yes,Utility,0.09,No,No,No,7.0,57000000.0,0.57,Yes,Yes,Yes,Yes,Yes,Yes,Yes
1,Eclipse,ECP,,,,Ireland,,,2.7,Yes,No,missingData,0.2181,No,No,No,10.0,750000000.0,0.75,missingData,missingData,Yes,Yes,missingData,No,missingData
1,EcoBit,ECOB,,,,Malaysia,67.0,,2.0,No,No,Utility,0.03,No,No,No,0.0,,,No,No,Yes,Yes,Yes,No,missingData
1,Elitecoin,<U+0415>TM,,,,Seychelles,41.0,,2.7,No,No,Utility,0.45,No,No,No,0.0,9000000.0,0.18,Yes,Yes,Yes,Yes,Yes,Yes,Yes
2,Elixir,LIX,Deceased,18/07/2019,Lending token that  operateed on the Ethereum platform.,Australia,,,2.3,Yes,No,missingData,,No,No,No,6.0,68800000.0,0.688,missingData,missingData,Yes,Yes,missingData,Yes,missingData
1,Embermine,EMB,,,,USA,28.0,,2.3,Yes,Yes,Utility,0.04,No,No,No,4.0,,,No,No,Yes,Yes,Yes,No,Yes
1,EncryptoTel,ETT,,,,Russia,37.0,,1.7,No,No,Utility,0.0386,No,No,No,3.0,,,No,No,Yes,Yes,Yes,No,Yes
1,Ethereum Movie Venture,EMV,,,,Switzerland,29.0,,1.5,Yes,Yes,Utility,0.5,No,No,No,1.0,6666666.0,,No,No,Yes,No,Yes,No,No
1,EveryCoin,EYC,,,,Thailand,61.0,56.0,2.9,Yes,Yes,Utility,0.0014,Yes,Yes,No,27.0,35520000000.0,0.4,Yes,Yes,Yes,Yes,Yes,Yes,Yes
1,Exchange Union,XUC,,,,China,24.0,,1.95,Yes,Yes,Utility,2.0996,No,No,No,20.0,3000000000.0,,Yes,Yes,Yes,No,Yes,No,missingData
1,FSBT API Token,FSBT,,,,Latvia,152.0,,2.8,Yes,Yes,Utility,3.3,No,No,No,0.0,11063830.0,,Yes,Yes,Yes,No,Yes,No,Yes
1,FaceCoin,FC,,,,Unknown,0.0,,1.4,Yes,No,missingData,0.42781601,No,No,No,,,,missingData,missingData,Yes,Yes,missingData,No,missingData
1,Flash,FLC,,,,Czech Republic,,,2.0,Yes,No,missingData,,No,No,No,,320000000.0,0.65,missingData,missingData,Yes,Yes,missingData,Yes,missingData
1,Flying Money,FML,,,,Hong Kong,31.0,57.0,2.2,Yes,Yes,Utility,1.0,No,Yes,No,0.0,65000000.0,0.56,Yes,Yes,Yes,Yes,Yes,Yes,Yes
1,Forge,FMX,Scam,04/06/2018,,UK,,61.0,2.6,Yes,No,missingData,0.5,No,No,No,5.0,65000000.0,0.65,missingData,missingData,Yes,Yes,missingData,Yes,missingData
1,FuckToken,FUCK,,,,Unknown,0.0,,1.1,Yes,Yes,Utility,0.0041,No,No,No,0.0,70856775.0,,No,No,Yes,No,Yes,No,No
1,GENEXI,GEN Token,,,,Singapore,101.0,30.0,4.3,Yes,Yes,Utility,0.01,No,Yes,No,22.5,8400000000.0,0.7,Yes,Yes,Yes,Yes,Yes,No,Yes
1,Geens,GEE,,,,Lithuania,30.0,,2.9,Yes,Yes,Utility,0.37,No,No,No,0.0,67000000.0,0.67,Yes,Yes,Yes,Yes,Yes,Yes,Yes
1,Giftcoin,GIFT,Deceased,07/09/2017,,UK,30.0,,3.8,Yes,Yes,Utility,0.1,No,No,No,10.0,20000000.0,,Yes,Yes,Yes,Yes,Yes,Yes,Yes
2,GoChain,GOC,Scam,01/08/2018,"Gochain claims to be 100x faster than Ethereum, greener, and more decentralised. However, the node network of this coin is almost entirely run by the founders themselves as can be seen on the following network monitor: https://stats.gochain.io - The founders recently announced that an ICO called Etherprise would be launched on the Gochain network, yet, it was discovered that this ICO was conducted by almost the exact same team. The CEO Jason Dekker makes bold claims such as drawing in Billions worth of ICOs, and weeks ago announced that Gochain will partner with a top 10 market cap company. When asked about this by the community he repeatedly tries to avoid the question by just stating that he is working on a number of partnerships. When told that the community understand non disclosure agreements and purely want to know if this partnership is still on the table, he just avoids the question once again. Last but not least, Telegram members who ask deeper questions around who earns what by running nodes on the network get banned. This is a project with no transparency. This is a group of people who tries to woo innocent people with “swag”, i.e free t-shirts in order to cover up what really goes on below the surface.",Saint Kitts and Nevis,1.0,6.0,4.15,Yes,Yes,Payment,0.0453,Yes,Yes,No,13.0,500000000.0,0.5,Yes,Yes,Yes,Yes,Yes,Yes,Yes
1,Goldea,GEA,,,,Serbia,186.0,,2.9,Yes,Yes,Utility,21.0,No,No,No,18.0,2310000.0,0.77,Yes,Yes,Yes,Yes,Yes,Yes,Yes
1,Granite,GLC,,,,Russia,28.0,57.0,2.9,Yes,No,missingData,2.591975098,Yes,No,No,7.0,10000000.0,0.4,missingData,missingData,Yes,Yes,missingData,Yes,missingData
1,Greencoin,GNC,,,,USA,146.0,29.0,3.3,Yes,Yes,Utility,0.1914,Yes,Yes,Yes,8.0,30000000.0,0.6,Yes,Yes,Yes,Yes,Yes,Yes,Yes
1,GroceryX,FOOD,,,,Unknown,,,1.2,Yes,No,missingData,,No,No,No,,,,missingData,missingData,Yes,Yes,missingData,No,missingData
1,HDAC,DAC,,,,Switzerland,25.0,,2.9,Yes,Yes,Utility,0.341,No,No,No,24.0,,,No,No,Yes,Yes,Yes,Yes,Yes
1,HDCoin,HDC,,,,New Zealand,61.0,,2.8,Yes,Yes,Utility,0.02,No,Yes,No,13.5,1000000000.0,1.0,No,Yes,Yes,Yes,Yes,Yes,missingData
1,HOLD,HOLD,,,,Malta,27.0,,2.5,Yes,Yes,Utility,0.023,Yes,Yes,No,22.5,1040000000.0,0.8,Yes,Yes,Yes,Yes,Yes,No,Yes
1,HPAY Coin,HADE,,,,USA,30.0,,3.0,Yes,Yes,Utility,34.82,No,No,No,9.5,50000000.0,0.5,No,No,Yes,Yes,Yes,Yes,Yes
1,Handelion,HION,,,,Latvia,106.0,12.0,2.8,Yes,Yes,Utility,1.1892,No,No,No,0.0,29750000.0,,Yes,Yes,Yes,Yes,Yes,Yes,Yes
1,Hearthy,HER,,,,Gibraltar,20.0,31.0,2.7,Yes,Yes,Utility,0.85,No,No,No,8.0,109923077.0,,No,Yes,Yes,Yes,Yes,Yes,Yes
1,Herby,HBY,,,,Netherlands,14.0,,2.7,Yes,No,missingData,0.472,No,No,No,3.0,,,missingData,missingData,Yes,Yes,missingData,No,missingData
1,Hoard,HRD,Scam,20/06/2019,Wallet application.  Masternodes and future plans for deeper features...but it ended up being an exit scam.,Denmark,,,4.3,Yes,No,missingData,0.04,No,Yes,No,9.0,280000000.0,0.28,missingData,missingData,Yes,Yes,missingData,Yes,missingData
1,HorseCoin,HRC,Deceased,07/09/2017,Observed trading with market cap $76 on 16 Jun 2014 at cryptocoinrank.,Belgium,125.0,5.0,1.3,Yes,Yes,Utility,0.042,No,No,No,5.5,20000000.0,0.8,Yes,Yes,Yes,Yes,Yes,Yes,Yes
2,HotCoin,HCN,Deceased,07/09/2017,not so hot anymore....,Seychelles,59.0,14.0,,No,No,missingData,0.02,No,No,No,,2000000000.0,0.5,missingData,missingData,No,Yes,missingData,No,missingData
1,Human Discovery Platform,HD,,,,Russia,15.0,,2.5,Yes,Yes,Utility,375.0,No,No,No,9.5,,,Yes,Yes,Yes,Yes,Yes,No,Yes
2,Hush,USH,Deceased,26/01/2019,"dead primined scamcoin, just another useless zcash clone. It pumped hard but now it's down 99.9%",Luxembourg,39.0,74.0,2.3,Yes,Yes,Utility,0.79,No,No,No,10.5,42000000.0,0.7,No,Yes,Yes,Yes,Yes,No,Yes
1,Hydrominer,H30,Deceased,23/10/2018,The Austrian cryptoming company Hydrominer announced Sunday evening in a mailing to its customers that until further notice payments of coins and tokens will be stopped. The reason given for this is that the business model of the company around CEO Nadine Damblon is currently being examined by the FMA as to whether it falls under the rules of an Alternative Investment Fund (AIFM).https://fintelegram.com/hydrominer-next-cryptominer-to-stop-payouts,Austria,75.0,28.0,,No,No,missingData,0.07,Yes,No,No,5.0,100000000.0,,missingData,missingData,Yes,Yes,missingData,No,missingData
1,IC3 Cubes,IC3,,,,Canada,,,1.2,Yes,No,missingData,0.0017,No,No,No,,,,missingData,missingData,Yes,Yes,missingData,No,missingData
1,ILCOIN,ILCOIN,,,,Unknown,92.0,,2.1,Yes,Yes,Utility,0.0722,No,No,No,0.0,,,Yes,Yes,Yes,Yes,Yes,Yes,Yes
1,IdealCoin,IDL,,,,Mexico,229.0,,3.5,Yes,Yes,Utility,1.0,No,Yes,No,10.0,112003460.0,0.5891,Yes,Yes,Yes,Yes,Yes,Yes,Yes
1,Indigen,IDGX,,,,Philippines,149.0,30.0,,No,No,missingData,0.02,No,No,No,9.0,40000000.0,0.4,missingData,missingData,No,Yes,missingData,Yes,missingData
1,Involve,IToken,Scam,22/07/2019,ScAM cOIN,Estonia,94.0,31.0,3.0,Yes,Yes,Utility,0.0048,No,Yes,Yes,8.0,3500000000.0,0.38,Yes,Yes,Yes,Yes,Yes,No,Yes
1,KEYRPTO,KYT,,,,Estonia,61.0,7.0,3.8,Yes,Yes,Utility,0.01,Yes,Yes,No,11.5,510000000.0,0.51,Yes,Yes,Yes,Yes,Yes,Yes,Yes
1,Kappi Network,KAPPI,,,,UK,7.0,,3.1,Yes,Yes,Utility,0.0038,No,No,No,6.0,2000000000.0,0.2,No,No,Yes,Yes,Yes,Yes,Yes
1,KexCoin,KEX,,,,UK,30.0,,2.6,No,No,Utility,14.2465,No,No,No,5.0,8500000.0,0.85,No,No,Yes,Yes,Yes,No,Yes
2,Lamoneda,LMDA,Scam,26/07/2019,"LaMoneda was a coin listed  in the following address: https://lamoneda.co/ and listed in LATOKEN with big advertising before desease, basially was a scam",Netherlands,48.0,21.0,2.9,Yes,Yes,Utility,0.0195,No,Yes,No,9.0,362500000.0,0.72,Yes,Yes,Yes,Yes,Yes,Yes,Yes
1,Latium,LATX,,,,USA,30.0,12.0,3.0,Yes,Yes,Utility,0.368,No,No,No,18.0,10000000.0,0.6,No,Yes,Yes,Yes,Yes,No,Yes
1,Legacy,LEG,,,,France,,,2.2,Yes,No,missingData,,No,No,No,9.0,60000000.0,0.6,missingData,missingData,Yes,Yes,missingData,No,missingData
1,Libereum,LIBER,Scam,15/03/2019,"Claimed to have bought Spanish football club Elche CF. Club released an official statement denying this, and Libereum stopped posting updates. Accounts are dead, everything is dead, unless they need money - then they put out some quick posts trying to get people to hand over money.",Netherlands,90.0,,,No,No,missingData,3.0,No,Yes,No,5.0,50000000.0,0.5,missingData,missingData,Yes,Yes,missingData,No,missingData
1,Librium,EQL,,,,USA,,,2.9,Yes,No,missingData,0.0588,No,No,No,6.0,400000000.0,0.4,missingData,missingData,Yes,Yes,missingData,No,missingData
1,Linda Healthcare,LNDA,,,,USA,,,2.0,Yes,No,missingData,,No,No,No,,102900000.0,0.49,missingData,missingData,Yes,Yes,missingData,Yes,missingData
2,Litecoin Cash,LTCH,Scam,29/10/2018,a fake litecoin fork on a completely different team that will never have any real value and is constantly dropping in price since day 1,UK,90.0,32.0,2.7,Yes,Yes,Utility,1.6,Yes,Yes,No,3.0,55000000.0,,Yes,Yes,Yes,Yes,Yes,Yes,Yes
1,Lotus,LTO,Scam,03/07/2018,It's a scam,USA,14.0,20.0,2.0,Yes,Yes,Utility,0.1762,No,No,No,0.0,13500000.0,0.15,No,Yes,Yes,Yes,Yes,Yes,Yes
1,LoyalCoin,LYL,,,,Philippines,61.0,,3.2,No,No,Utility,0.0115,No,No,No,16.5,4750000000.0,0.95,Yes,Yes,Yes,Yes,Yes,No,No
1,Lykke,LKK,,,,UK,28.0,,3.0,No,No,missingData,0.0514,No,No,No,,30000000.0,,missingData,missingData,Yes,Yes,missingData,No,missingData
2,MAVRO,MVR,Scam,25/10/2018,"This coin belongs to founder of biggest russian scam ""MMM"".",Netherlands,31.0,31.0,2.3,Yes,Yes,Utility,0.1121,No,No,Yes,0.0,625000000.0,0.75,Yes,Yes,Yes,Yes,Yes,Yes,Yes
1,MD Tokens,MDTK,Scam,03/01/2019,This ICO was done out of Singapore by the same team that runs the MyDoc startup.https://www.tis.bizfile.gov.sg/ngbtisinternet/faces/oracle/webcenter/portalapp/pages/TransactionMain.jspx?selectedETransId=dirSearch&_afrLoop=22959436645105181#%40%3FselectedETransId%3DdirSearch%26_afrLoop%3D22959436645105181%26_adf.ctrl-state%3D162qfz4iw2_40,Hong Kong,31.0,36.0,3.0,Yes,Yes,Utility,0.3988,Yes,No,No,10.0,150000000.0,0.3,Yes,Yes,Yes,Yes,Yes,Yes,Yes
1,MOLD,MOLD,,,,Singapore,,,2.3,No,No,missingData,,No,No,Yes,,2000000000.0,0.8,missingData,missingData,Yes,Yes,missingData,Yes,missingData
2,MapCoin,MAP,,,,UK,20.0,21.0,3.2,Yes,No,missingData,0.1,Yes,Yes,Yes,15.0,380000000.0,0.38,missingData,missingData,Yes,Yes,missingData,Yes,missingData
1,Media Sifter,SFT,,,,Denmark,,,2.1,Yes,No,missingData,,No,No,No,14.0,,0.5,missingData,missingData,Yes,Yes,missingData,No,missingData
1,Mercury Protocol,GMT,,,,USA,31.0,,1.9,Yes,Yes,Utility,0.043,No,No,No,17.0,,,No,Yes,Yes,Yes,Yes,No,Yes
1,Metabase Network,META,Deceased,08/07/2019,Welcome to Blockchain 3.0,Hong Kong,149.0,63.0,4.2,No,No,Utility,0.02,Yes,Yes,Yes,16.0,2400000000.0,0.3,Yes,Yes,Yes,Yes,Yes,Yes,Yes
1,Metta,METTA,,,,Unknown,31.0,29.0,3.0,Yes,Yes,Utility,0.082,No,No,No,3.5,59685400.0,0.7,Yes,No,Yes,Yes,Yes,No,Yes
1,Midas,MAS,,,,Singapore,21.0,25.0,3.0,Yes,Yes,Utility,0.0458,Yes,Yes,No,16.0,250000000.0,0.5,Yes,Yes,Yes,Yes,Yes,Yes,Yes
1,Minex,MNC,,,,Ukraine,29.0,,2.6,Yes,Yes,Utility,6.1759,No,No,No,9.0,,,No,No,Yes,Yes,Yes,Yes,missingData
1,Modulum,MDL,,,,France,21.0,,3.0,Yes,Yes,Utility,1.2561,No,No,No,14.0,22815000.0,0.65,Yes,Yes,Yes,Yes,Yes,Yes,Yes
1,Molecule,MLC,Deceased,07/09/2017,,Germany,31.0,21.0,3.0,Yes,Yes,Utility,0.5105,No,No,No,7.5,13513889.0,0.75,Yes,Yes,Yes,Yes,Yes,Yes,Yes
1,Monkey Capital,MNY,,,,Singapore,32.0,,1.2,No,No,Utility,,No,No,No,7.0,1000000000.0,,No,No,Yes,No,Yes,No,No
1,Monster Byte,MBI,,,,Canada,20.0,12.0,3.5,No,No,Utility,0.075,No,No,No,5.0,200000000.0,0.8,Yes,Yes,Yes,Yes,Yes,No,Yes
1,Moon Funding,MF,,,,UK,55.0,,,No,No,missingData,0.05,No,No,No,1.0,33000000.0,0.66,missingData,missingData,No,Yes,missingData,No,missingData
1,MoxyOne,SPEND,,,,Australia,32.0,30.0,3.1,Yes,Yes,Utility,0.5,Yes,Yes,No,0.0,35000000.0,0.7,Yes,Yes,Yes,Yes,Yes,Yes,Yes
1,MyOddz,ODDZ,,,,Panama,28.0,,1.3,Yes,Yes,Utility,0.28,Yes,No,No,6.0,,,No,No,Yes,No,Yes,No,Yes
2,NVO,NVOT,Deceased,03/09/2018,"The project ended, and was refunded. An attempt at building a DEX, where token holders would receive trading fees.",Canada,35.0,,2.3,No,No,Utility,0.519,No,No,No,4.0,15000000.0,,No,No,Yes,Yes,Yes,Yes,No
1,Namacoin,NAM Token,,,,Italy,32.0,45.0,2.3,Yes,Yes,Utility,0.5,Yes,Yes,No,10.0,47850000.0,0.5,Yes,Yes,Yes,Yes,Yes,Yes,Yes
1,Narrative,NRV,,,,USA,37.0,,2.8,Yes,No,missingData,0.62,Yes,Yes,No,7.0,65000000.0,0.65,missingData,missingData,Yes,Yes,missingData,Yes,missingData
1,Nativecoin,NTV,,,,Japan,7.0,59.0,2.8,Yes,No,missingData,0.464034424,No,Yes,Yes,6.0,1000000000.0,,missingData,missingData,Yes,Yes,missingData,Yes,missingData
1,Neluns,NLS,,,,USA,30.0,35.0,3.8,Yes,Yes,Utility,1.0,Yes,Yes,No,5.0,,,Yes,Yes,Yes,Yes,Yes,No,Yes
1,Newbium,NEWBIUM,,,,Unknown,30.0,,1.45,Yes,Yes,Utility,,No,No,No,0.0,40000000.0,,No,Yes,Yes,No,Yes,No,No
1,Nexxo,NEXXO,Scam,27/08/2019,"I participated in this ico and after a few months I still haven't received my tokens and the administrators of this site are not responsive at all. In the group that was formed earlier, everyone points to the currency being a scam. If you need documentation, you can also contact me to send me additional informationhttps://t.me/omdfdv",Singapore,61.0,,3.7,Yes,No,missingData,0.0008,No,Yes,Yes,11.0,60000000000.0,0.6,missingData,missingData,Yes,Yes,missingData,Yes,missingData
1,Node,NODE,,,,Latvia,59.0,31.0,4.3,Yes,Yes,Utility,1.0,No,No,Yes,15.0,9250000.0,0.55,Yes,Yes,Yes,Yes,Yes,Yes,Yes
1,ODEM,ODEM,,,,Switzerland,29.0,21.0,3.3,Yes,Yes,Utility,0.058,No,Yes,No,14.0,,,No,Yes,Yes,Yes,Yes,Yes,Yes
1,Octanox,OTX,,,,Unknown,30.0,,,No,No,missingData,0.074,No,No,No,1.0,,,missingData,missingData,No,Yes,missingData,No,missingData
1,OnPlace,OPL,,,,USA,33.0,9.0,4.4,Yes,Yes,Utility,0.122916303,No,No,No,12.0,210000000.0,,No,No,Yes,Yes,Yes,Yes,Yes
1,OpenZen,ZNT,,,,Russia,31.0,30.0,2.7,Yes,Yes,Utility,0.334,No,No,No,3.0,120000000.0,,Yes,Yes,Yes,Yes,Yes,Yes,Yes
1,OptiToken,$OPTI,,,,Cayman Islands,91.0,,2.8,Yes,Yes,Utility,0.362,Yes,Yes,No,14.0,196000000.0,0.7,Yes,Yes,Yes,Yes,Yes,Yes,Yes
1,Orbs,ORBS,Scam,16/05/2019,"ORBS Network Airdrop for 17$ asking for ""validating"" eth wallet send them 0.09 eth (25$)  in ONE DAY or my airdrop coins will dissapear.",Israel,364.0,,4.0,Yes,No,missingData,0.1,No,Yes,No,46.0,,,missingData,missingData,Yes,Yes,missingData,Yes,missingData
1,Orocrypt,OCG,,,,Switzerland,29.0,,2.9,Yes,Yes,Utility,9.0,No,No,No,8.5,,,Yes,Yes,Yes,Yes,Yes,No,Yes
1,P2P Global Network,P2P,,,,USA,74.0,14.0,4.0,Yes,Yes,Utility,0.05,No,No,No,16.0,40000000.0,0.4,Yes,Yes,Yes,Yes,Yes,Yes,Yes
1,PAL Network,PYPL,,,,Singapore,1.0,,2.5,Yes,No,missingData,0.0408,Yes,Yes,Yes,4.0,,0.5,missingData,missingData,Yes,No,missingData,Yes,missingData
2,PLUSCOIN,PLC,Scam,11/05/2019,Russian Scam Coin,South Korea,14.0,,2.3,Yes,Yes,Utility,1.4923,No,No,No,0.0,,,Yes,Yes,Yes,Yes,Yes,Yes,Yes
1,Pchain,PAI,Scam,05/05/2019,Total scam,China,57.0,,2.6,Yes,No,missingData,0.16705,No,No,No,2.0,735000000.0,0.35,missingData,missingData,Yes,Yes,missingData,Yes,missingData
1,Peerity,PEER,,,,Cambodia,29.0,,2.6,Yes,No,Utility,0.4,No,No,No,8.0,,,No,Yes,Yes,Yes,Yes,Yes,Yes
1,Persona,PRS Token,,,,Unknown,53.0,46.0,2.7,No,No,Utility,0.2,No,No,No,12.5,,,No,No,Yes,Yes,Yes,Yes,Yes
1,Photon,Photon,,,,USA,,,2.0,Yes,No,missingData,,Yes,No,No,5.0,,,missingData,missingData,Yes,No,missingData,Yes,missingData
1,PikcioChain,PKC,,,,Switzerland,14.0,112.0,3.8,No,No,Utility,0.338,No,No,Yes,16.0,36009615.0,0.434,No,Yes,Yes,Yes,Yes,Yes,Yes
2,PlusCoin,PlusCoin,Scam,11/05/2019,Russian Scam Coin,Estonia,112.0,,3.0,Yes,Yes,Utility,14.5,No,No,No,16.5,10100000.0,0.4,No,No,Yes,Yes,Yes,Yes,Yes
1,Pocketinns,PINNS,,,,USA,16.0,,3.7,Yes,Yes,Utility,1.52,No,Yes,No,16.0,30000000.0,0.2,No,Yes,Yes,Yes,Yes,Yes,Yes
1,Project Decorum,PDC,,,,Netherlands,25.0,,1.2,No,No,Utility,,No,No,No,1.0,,,No,No,Yes,No,Yes,No,No
1,Propthereum,PTC,,,,South Africa,30.0,,1.6,Yes,No,missingData,0.49,No,No,No,,,,missingData,missingData,Yes,Yes,missingData,No,missingData
1,Pryze,PRYZ,,,,USA,60.0,,2.3,Yes,Yes,Utility,0.058,No,No,No,7.0,,,No,No,Yes,Yes,Yes,No,Yes
1,QRL,QRL,Scam,31/12/2018,Quantum resistant bullshit. ICO scam. Launched by two dentists.,Unknown,,,2.7,Yes,No,missingData,0.15,No,No,No,,,,missingData,missingData,Yes,Yes,missingData,No,missingData
1,QUANTUM,QUA,Deceased,04/10/2018,Quantum Project merged into DTR (Tokens.net)Announced end date of the conversion before the coin is totally deceased:,Slovenia,30.0,,2.7,Yes,Yes,Utility,0.05,No,No,No,4.5,,,No,No,Yes,Yes,Yes,No,missingData
1,Qchain,XQX,,,,USA,42.0,,2.8,Yes,No,Utility,0.078,No,No,No,13.0,150000000.0,0.6,No,Yes,Yes,Yes,Yes,Yes,Yes
1,RAFL,RFL,,,,UK,21.0,,2.4,Yes,Yes,Utility,0.228,No,No,No,2.5,40000000.0,0.4,Yes,Yes,Yes,Yes,Yes,No,Yes
1,REO,REO,,,,Netherlands,91.0,,2.9,Yes,Yes,Utility,0.0083,No,No,No,8.0,2400000000.0,0.8,Yes,Yes,Yes,Yes,Yes,Yes,Yes
1,REVOIL,RVL,,,,Russia,14.0,30.0,2.8,Yes,No,missingData,10.0,No,No,No,6.0,1012327.0,0.7,missingData,missingData,Yes,Yes,missingData,No,missingData
1,RUSTBITS,RUSTBITS,,,,USA,35.0,,2.0,No,No,Utility,0.0286,No,No,No,2.0,70000000.0,,No,Yes,Yes,Yes,Yes,No,missingData
1,Rchain,RCOH,Scam,01/03/2019,"A scam orchestrated by Greg Meredith, formerly from Synereo. Greg purchased a $20m+ Music App/Codec that he was actually an insider on, spent over a million on a house that he called the ""R-House"", and $5000 on a Cappucino Machine. Full story here https://www.geekwire.com/2019/boom-bust-blockchain-rchain-cooperatives-cryptocurrency-dreams-dissolve-controversy/ .. Millions of Dollars stolen, all the while strung along by Kenny Rowe and Greg Meredith. They paid Vlad Zamfir millions to be apart of the project and to validate the scam. Best part was that there initial tag line was ""Radically Transparent""",USA,12.0,,2.4,Yes,No,missingData,2.4,No,No,No,,,,missingData,missingData,Yes,Yes,missingData,Yes,missingData
1,RealtyCoin,RTC,Scam,12/04/2019,THIS WAS A BIG SCAM,Chile,196.0,,2.0,Yes,Yes,Utility,0.206,No,No,No,5.0,200000000.0,0.444,Yes,Yes,Yes,No,Yes,No,missingData
1,ReceiptCoin,RC Token,,,,USA,89.0,25.0,3.2,Yes,Yes,Utility,0.2,Yes,No,Yes,9.0,250000000.0,0.5,Yes,Yes,Yes,Yes,Yes,Yes,Yes
1,Rhea,RHEA,,,,Bulgaria,28.0,,2.4,Yes,Yes,Utility,0.2423,No,No,No,5.0,42500000.0,0.85,Yes,Yes,Yes,No,Yes,Yes,Yes
1,Rhovit,Rbit,,,,USA,,,2.5,Yes,No,missingData,,No,No,No,11.0,63000000.0,0.35,missingData,missingData,Yes,Yes,missingData,Yes,missingData
2,Rilcoin,RILTOKEN,,,,USA,29.0,,2.6,Yes,Yes,Utility,1.0,No,No,No,20.5,30000000.0,,No,No,Yes,Yes,Yes,Yes,missingData
1,RiseCoin,RSCT,Deceased,07/09/2017,Um.  It didn't. Created via coingen.,Unknown,29.0,122.0,,No,No,missingData,0.422337634,No,No,No,,300000000.0,0.6,missingData,missingData,No,Yes,missingData,No,missingData
1,Robotina,ROX/ROX,,,,Slovenia,40.0,28.0,3.7,Yes,Yes,Utility,0.05,No,Yes,Yes,27.5,570500000.0,0.7,Yes,Yes,Yes,Yes,Yes,Yes,Yes
1,Roburst Network,ROC,,,,Canada,30.0,29.0,3.0,No,No,Utility,0.0933,Yes,Yes,Yes,8.5,315000000.0,0.75,Yes,Yes,Yes,Yes,Yes,Yes,Yes
1,Rockchain,ROK,,,,France,30.0,,3.5,Yes,Yes,Utility,0.47,No,No,No,15.0,80000000.0,0.8,Yes,Yes,Yes,Yes,Yes,Yes,No
1,Rosecoin,ROSE,Deceased,07/09/2017,,Unknown,60.0,,,No,No,missingData,0.4,No,No,No,,1800000.0,0.2,missingData,missingData,No,Yes,missingData,No,missingData
1,Rosenbridge Digital,RDCR,,,,UK,35.0,10.0,2.3,Yes,Yes,Utility,,No,No,No,9.0,44000000.0,0.44,No,No,Yes,Yes,Yes,No,missingData
1,S4FE,S4FE,,,,Liechtenstein,,,3.5,Yes,No,missingData,0.25,No,Yes,No,13.0,300000000.0,0.3,missingData,missingData,Yes,Yes,missingData,Yes,missingData
1,SMSCHAIN,SMSTO,,,,Russia,29.0,30.0,2.9,Yes,Yes,Utility,2.76,No,No,No,12.0,100000000.0,0.7,Yes,Yes,Yes,Yes,Yes,No,Yes
1,ShineCoin,SHINE,,,,Unknown,31.0,31.0,1.8,Yes,Yes,Utility,0.8252,No,No,No,0.0,10000000.0,,No,Yes,Yes,Yes,Yes,Yes,missingData
2,Shopin,SHOPIN,Hack,04/07/2018,Shopin is collected 41 + Millon in presale and someone hacked their tokens .,USA,30.0,62.0,3.3,Yes,Yes,Utility,0.1,Yes,Yes,No,20.0,1000000000.0,0.33,No,No,Yes,Yes,Yes,No,Yes
1,Skycoin,SKY,Deceased,07/09/2017,"This is one of at least 3 different ""skycoin"" that have been launched.  Its announcement thread is at https://bitcointalk.org/index.php?topic=219550.0",China,30.0,,2.4,Yes,No,missingData,,No,No,No,,,,missingData,missingData,Yes,No,missingData,Yes,missingData
1,Skye Properties,SKYE,,,,USA,23.0,13.0,1.4,Yes,Yes,Utility,42.145,No,No,No,0.0,4800000.0,0.8,Yes,Yes,Yes,Yes,Yes,Yes,No
1,Smart Trade Coin,TRADE,Scam,21/02/2019,Arbitrage Coin,Malta,146.0,182.0,3.1,Yes,Yes,Utility,0.045,No,No,No,6.0,5400000000.0,0.75,Yes,Yes,Yes,Yes,Yes,No,Yes
1,SmartBillions,PLAY,,,,Poland,14.0,,2.4,Yes,Yes,Utility,0.3068,No,No,No,0.0,,0.7937,No,No,Yes,Yes,Yes,Yes,Yes
1,Solve.Care,CAN Token,,,,Estonia,31.0,66.0,3.95,Yes,Yes,Utility,0.1,No,Yes,No,13.5,350000000.0,0.35,Yes,Yes,Yes,Yes,Yes,Yes,Yes
1,Sonic,SONIC,,,,UK,,,2.1,Yes,No,missingData,0.7305,Yes,No,No,2.0,3056174.0,1.0,missingData,missingData,Yes,Yes,missingData,No,missingData
3,Sparkster,SPARK,Scam,25/06/2019,1 million transaction per second 😀 amazon and microsoft deal 😀 0.15 Dollar for 1 Sparkster token 😀 and deal with Ian Balina 😀 good buy investors and 36 million dollars.,UK,2.0,,2.7,Yes,Yes,Utility,0.15,No,No,No,22.0,38000000.0,0.67,No,No,Yes,Yes,Yes,Yes,No
1,Spheris,SPRS,,,,Israel,30.0,,2.8,Yes,Yes,Utility,0.001,No,No,No,4.0,1240000000000.0,,Yes,Yes,Yes,Yes,Yes,Yes,Yes
1,Stable,STB,,,,Unknown,28.0,,2.4,Yes,Yes,Utility,34.748,No,No,No,4.5,,,Yes,No,Yes,Yes,Yes,Yes,missingData
1,Starmine,SME,,,,USA,,,1.8,Yes,No,missingData,0.148,No,No,No,3.0,,0.3,missingData,missingData,Yes,Yes,missingData,No,missingData
1,StartMining,STMG,,,,Russia,29.0,,2.3,Yes,Yes,Utility,1.0,No,No,No,4.5,,,No,No,Yes,No,Yes,No,Yes
1,Stonecoin,STO,,,,Switzerland,40.0,,3.0,Yes,Yes,Utility,2.0384,No,Yes,No,6.0,1000000000.0,1.0,No,No,Yes,Yes,Yes,Yes,Yes
1,Stubba,STUB,,,,UK,29.0,71.0,2.2,Yes,Yes,Utility,4.5,No,No,No,8.5,100000000.0,0.5,No,No,Yes,No,Yes,No,Yes
1,Swing,SWG,,,,USA,61.0,,3.9,Yes,No,missingData,0.25,Yes,Yes,No,8.0,616000000.0,0.65,missingData,missingData,Yes,Yes,missingData,Yes,missingData
1,TeamCoin,TMC,,,,Belgium,14.0,21.0,1.8,Yes,Yes,Utility,10.3828,No,No,No,3.0,800000.0,,Yes,Yes,Yes,Yes,Yes,Yes,missingData
1,TechBench,TBCH,,,,Russia,29.0,60.0,2.6,Yes,Yes,Utility,0.737,No,No,No,5.0,5100000000.0,,Yes,Yes,Yes,Yes,Yes,Yes,Yes
1,Teleport,TELE,,,,Russia,30.0,,1.8,No,No,Utility,,No,No,No,12.0,,,No,No,Yes,Yes,No,Yes,missingData
1,Teslafunds,Teslafunds / TSF,,,,Serbia,1.0,1.0,2.3,Yes,Yes,Utility,0.0316,No,No,No,3.0,2000000.0,0.14,No,No,Yes,Yes,Yes,Yes,Yes
1,Tetarise,TTR,,,,Unknown,,,2.9,Yes,No,missingData,,No,No,No,16.0,,0.7,missingData,missingData,Yes,Yes,missingData,No,missingData
1,Tether,TTH,Deceased,29/04/2019,They haven't lost $850 million. It's only 'safeguarded' from them.,Unknown,,,1.5,Yes,No,missingData,,No,No,No,,,,missingData,missingData,Yes,Yes,missingData,No,missingData
1,The Advertising Currency,TAC,,,,USA,59.0,,2.3,No,No,Utility,10.0,No,No,No,3.0,4000000.0,0.8,Yes,Yes,Yes,Yes,Yes,Yes,Yes
1,Thundercoin,TUC,Deceased,07/09/2017,,USA,27.0,,1.6,No,No,Utility,0.3,Yes,No,No,0.0,6000000.0,,No,No,Yes,Yes,Yes,No,Yes
1,TokenStub,STUB,,,,USA,,,2.6,No,No,missingData,0.1,No,No,No,,150000000.0,0.75,missingData,missingData,Yes,Yes,missingData,No,missingData
1,Totum,TMC,,,,Russia,47.0,30.0,2.9,Yes,Yes,Utility,2.258678393,No,No,No,5.0,15000000.0,,No,No,Yes,Yes,Yes,Yes,Yes
1,Trade.io,TIOx,Hack,09/11/2018,"After a 'cold wallet' hack of the exchange, Trade.io made an emergency fork and renamed the coin to 'TIOx'. TIO token was frozen and discarded soon after. The exchange re-started work a week later and everything returned back to normal.",Switzerland,28.0,18.0,3.85,Yes,Yes,Utility,1.63,No,No,No,37.0,275000000.0,0.55,No,No,Yes,Yes,Yes,No,Yes
1,TribeToken,TRIBE,,,,Netherlands,21.0,,1.7,Yes,Yes,Utility,0.0996,No,No,No,3.0,160000000.0,0.8,Yes,Yes,Yes,No,Yes,Yes,No
1,TrueDonate,TDN,,,,Russia,45.0,,2.7,Yes,Yes,Utility,1.33,No,No,No,11.0,200000000.0,0.75,No,No,Yes,Yes,Yes,No,Yes
1,ULTRA,UTA,,,,Estonia,,,3.8,No,No,missingData,0.1,No,No,Yes,1.0,,0.35,missingData,missingData,Yes,No,missingData,Yes,missingData
2,UNICOIN,UCN,Parody,09/09/2019,SAVEUNICOINS is an art project which aims at implementing an independent limited cryptotoken named UNICOINS on the Ethereum Blockchain. The idea is to save a digital unicorn by feeding it with the Tokens. UNICOIN can be exchanged for Ether directly via the UNICOIN smart contract or via the website saveunicoins.com. Help us saving the unicorn!,Unknown,30.0,,1.7,Yes,No,missingData,0.0035,No,No,No,,,,missingData,missingData,Yes,Yes,missingData,Yes,missingData
1,Universa,UTN,Scam,16/03/2019,This project is real disaster. Not working product. They missed all promised dates on availability of tokens after they launched a mainnet. Terrible Telegram admins and community. Dead Volume on exchanges. Real scam. You'd better stay away from Universa,Russia,31.0,,3.0,Yes,Yes,Utility,0.01,No,No,No,14.0,,0.66,No,Yes,Yes,Yes,Yes,Yes,Yes
1,VALUS,VLS,,,,Slovenia,16.0,,3.0,Yes,Yes,Utility,0.1,No,No,No,6.0,,0.51,Yes,Yes,Yes,Yes,Yes,No,No
1,VanillaPlay,VPY,,,,Japan,30.0,,2.2,Yes,Yes,Utility,0.1,No,No,No,0.0,,0.97,Yes,Yes,Yes,Yes,Yes,No,missingData
1,Vault,VAU,,,,Belize,,,1.0,Yes,No,missingData,,No,Yes,Yes,,,,missingData,missingData,Yes,No,missingData,Yes,missingData
1,Vector,VCTR,,,,USA,23.0,7.0,2.7,Yes,Yes,Utility,3.0,No,No,No,12.5,40000000.0,0.8,Yes,Yes,Yes,Yes,Yes,Yes,Yes
1,Vestarin,VST,,,,Belize,30.0,29.0,3.95,Yes,Yes,Utility,0.2079,No,Yes,Yes,16.0,47000000.0,,Yes,Yes,Yes,Yes,Yes,Yes,Yes
1,Vote Coin,VOT,,,,Czech Republic,61.0,,2.35,Yes,Yes,Utility,0.1,No,No,No,4.0,10000000.0,,No,Yes,Yes,Yes,Yes,Yes,missingData
1,VuePay,VUP,,,,UK,30.0,14.0,2.7,Yes,Yes,Utility,0.1839,No,No,No,7.0,400000000.0,0.4,Yes,Yes,Yes,Yes,Yes,Yes,No
1,WHA Project,WHA,,,,Germany,,,2.4,Yes,No,missingData,1.62,No,No,No,2.0,60000000.0,0.6,missingData,missingData,Yes,No,missingData,Yes,missingData
1,WYRIFY,WYR,,,,Denmark,8.0,8.0,2.6,Yes,Yes,Utility,1.0,No,No,No,20.0,200000000.0,,No,No,Yes,Yes,Yes,No,No
1,WankCoin,WKS,,,,Seychelles,92.0,1.0,,No,No,missingData,0.035,No,No,No,1.0,1000000000.0,,missingData,missingData,No,Yes,missingData,No,missingData
1,Xeophin,XERA,,,,Australia,,186.0,2.7,Yes,No,missingData,1.0,Yes,Yes,No,2.0,345450000.0,0.4935,missingData,missingData,Yes,Yes,missingData,No,missingData
1,XferMoney,XFM,,,,Hong Kong,43.0,,2.8,Yes,Yes,Utility,0.0494,Yes,No,No,6.0,87500000.0,0.7,Yes,Yes,Yes,Yes,Yes,No,Yes
1,ZenGold,ZENGOLD,Deceased,06/12/2018,"Zengold started as a successfull ICO on 26 may 2017 and was sold out within 20 minutes raised over 2000 BTC. Zengold is a side project of Eric Gu owner of ViewFin and Metaverse (ETP). Regulations kicked in and they had to pay Chinese investors their ZGC ICO funds back. After this a wave of lies followed to Westerners. Eric and the team kept on promising the project was still on-going. However Westerners had to read from Asian news articles that Jenn Lee previous CEO of Zengold was fired. Now Zengold has a new team led by William Jiang. William multiple times stated in the telegram group that Zengold was not able to get a gold license and they were trying it in other countries. Zengold never got their gold license, the website is not updated since 2017, ZGC quit with communicating towards the Westerners and abandoned the Telegram group. Just once in a few months we hear from Eric GU and the only information he gives is have another few months patience and then leaves and is not approachable anymore for another few months. The Zengold project is considered as failed and used as a fraud to steal ICO funds from Westerners to fund Metaverse (ETP). ZGC was also listed on multiple exchanges such as rightbtc soon fake bot trading occured and it appears that the Zengold team dumped all their ZGC and then bought it back for very cheap. Currently ZGC is only being traded at Bit-z.",China,14.0,,1.8,No,No,Utility,0.03,No,No,No,2.0,100000000.0,,No,No,Yes,Yes,No,No,No
2,Zest,Z,Deceased,23/05/2019,Coin closed due to decline in the market.  Partial refunds given to early adopters from remainder of funds,Estonia,190.0,,2.7,Yes,Yes,Utility,0.01,No,No,Yes,4.5,,0.8,No,No,Yes,Yes,Yes,Yes,Yes
1,empowr,empw,Scam,01/01/2019,Diong scammy things to steal people money,Gibraltar,75.0,14.0,3.4,Yes,Yes,Utility,,Yes,Yes,No,18.0,500000000.0,0.05,No,No,Yes,Yes,Yes,No,Yes
1,iCash,ICC,Scam,11/12/2018,Linked with iCenter the Telegram bot this coin was their creation and diversion as iCenter scammed out as well as a last minute money grab.,USA,90.0,,2.4,Yes,No,missingData,1.0,No,Yes,No,12.0,80000000.0,0.4,missingData,missingData,Yes,Yes,missingData,No,missingData
2,iDice,iDice,Deceased,10/09/2017,"After ICO developer had minimal contact with investors via social media, roll on a few months and he's not been heard from at all for well over a month across all social media channels. Promotion has ceased and the iDice beta website is a bit of a ghost town (it was supposed to be developed into an Android/iPhone app by now). Investors on the official Telegram are reduced to trying to follow the money and speculate as to whether the developer has cashed out and run off, or not.",Unknown,14.0,,1.0,Yes,Yes,Utility,,No,No,No,0.0,,,No,No,Yes,No,Yes,No,No
1,jobeum,JBT,,,,Singapore,,,2.6,Yes,No,missingData,,No,No,Yes,6.0,,0.65,missingData,missingData,Yes,Yes,missingData,No,missingData
1,opakeco,KARMO,,,,Netherlands,7.0,,2.6,Yes,Yes,Utility,0.0116,No,No,No,10.0,,,No,Yes,Yes,Yes,Yes,No,missingData
1,wardZ,WDZ,,,,Canada,37.0,,2.4,Yes,Yes,Utility,0.0009,No,No,No,5.5,40000000000.0,0.6666,Yes,Yes,Yes,Yes,Yes,Yes,missingData
2,0xcert,ZXC,Scam,16/05/2019,"Fraud investors to give money. Build product that do not use tokens. There is no exchange listed, only the promise of the token utility. Without the volume of transactions, the token price fell by 99%.",Slovenia,14.0,2.0,3.8,Yes,Yes,Utility,0.0497,Yes,Yes,Yes,23.5,250000000.0,0.5,Yes,Yes,Yes,Yes,Yes,Yes,Yes
1,1World,1WO,,,,USA,32.0,,3.3,Yes,Yes,Utility,1.2,No,No,No,54.5,,,Yes,No,Yes,Yes,Yes,Yes,Yes
1,1irstcoin,FST,,,,Georgia,20.0,,3.0,Yes,Yes,Utility,2.85,No,Yes,No,3.5,10000000.0,0.1,Yes,Yes,Yes,Yes,Yes,Yes,Yes
1,AIVIA,AIV,,,,UK,20.0,,3.7,Yes,Yes,Utility,0.0188,No,Yes,No,10.0,,,Yes,Yes,Yes,Yes,Yes,Yes,Yes
1,APIS,APIS,,,,Singapore,30.0,0.0,3.3,Yes,Yes,Utility,0.0029,Yes,Yes,No,18.0,5236000000.0,0.55,No,Yes,Yes,Yes,Yes,Yes,Yes
2,AchieveCoin,ACH,Deceased,06/07/2018,"Discord channel and bitcointalk were abandoned. Dev team in gone. No support, no news.",Canada,31.0,,1.1,No,No,Utility,1.0,No,No,No,0.0,210000.0,,No,No,Yes,Yes,No,Yes,Yes
1,Action Coin,ACTN,,,,Canada,16.0,,2.45,No,No,Utility,0.0011,No,No,No,5.0,750000000.0,0.075,No,No,Yes,Yes,Yes,Yes,Yes
1,Agrello,DLT,,,,Estonia,32.0,,2.8,Yes,Yes,Utility,0.56,No,No,No,13.0,,,No,Yes,Yes,Yes,Yes,Yes,missingData
3,Agrolot,AGLT,Scam,30/11/2018,Cancel trade for all exchanges. No twitter \ telegram announcement.,Hong Kong,89.0,9.0,3.0,Yes,Yes,Utility,1.0,No,Yes,No,11.5,34750000.0,0.3475,No,Yes,Yes,Yes,Yes,Yes,Yes
2,AidCoin,AID,Scam,02/07/2018,scamhttps://bitcointalk.org/index.php?topic=2347477.340,Switzerland,16.0,10.0,3.2,Yes,Yes,Utility,0.515,No,No,No,36.5,100000000.0,0.3,Yes,Yes,Yes,Yes,Yes,No,No
1,Aigang,AIX,,,,Singapore,30.0,,3.5,Yes,Yes,Utility,0.31,No,No,No,7.5,,,No,Yes,Yes,Yes,Yes,Yes,Yes
1,AirToken,AIR,,,,USA,30.0,,3.6,Yes,Yes,Utility,0.02,No,No,No,13.5,1050000000.0,,Yes,Yes,Yes,Yes,Yes,Yes,Yes
1,Airdrop United,UTD,,,,Indonesia,59.0,,2.7,No,No,Utility,0.0018,No,No,Yes,5.0,3500000000.0,0.7,Yes,Yes,Yes,Yes,Yes,Yes,missingData
1,Alttex,AltX,,,,UK,90.0,81.0,4.0,Yes,Yes,Utility,0.64,Yes,No,Yes,22.5,24999999.0,0.5,Yes,Yes,Yes,Yes,Yes,Yes,Yes
2,Ammbr,AMMBR,,,,Singapore,73.0,,3.1,Yes,Yes,Utility,0.0383,No,No,No,30.5,,,Yes,No,Yes,Yes,Yes,Yes,Yes
1,Aphelion,APH,,,,Saint Kitts and Nevis,22.0,,2.7,Yes,Yes,Utility,0.2,No,No,No,7.0,,0.45,No,No,Yes,Yes,Yes,Yes,Yes
1,Arbidex,ABX,,,,UK,36.0,14.0,2.8,Yes,Yes,Utility,1.0,No,Yes,No,15.0,17200000.0,0.688,No,Yes,Yes,Yes,Yes,Yes,Yes
1,Arcade City,ARC,,,,USA,,,1.35,Yes,Yes,Utility,,No,No,No,7.0,,,No,No,Yes,Yes,Yes,Yes,No
1,Arcona,ARCONA,,,,Gibraltar,90.0,61.0,4.05,Yes,Yes,Utility,1.0,Yes,Yes,No,16.0,81000000.0,0.6,Yes,Yes,Yes,Yes,Yes,Yes,Yes
2,Assetereum,ASET,Scam,04/07/2018,Asset backed currency,UK,71.0,,2.7,Yes,Yes,Utility,0.3007,Yes,Yes,No,10.0,150000000.0,0.5,Yes,Yes,Yes,Yes,Yes,No,missingData
1,Autonio,NIO,,,,China,30.0,,3.0,Yes,Yes,Utility,0.1,No,No,No,10.0,179200000.0,0.7,No,Yes,Yes,Yes,Yes,Yes,missingData
1,B2BX,B2B,,,,Russia,46.0,16.0,4.1,Yes,Yes,Utility,0.7431,No,No,No,15.0,40000000.0,0.8,No,Yes,Yes,Yes,Yes,Yes,Yes
1,BANKEX,BKX,,,,USA,30.0,,3.55,Yes,Yes,Utility,1.47,No,No,No,12.0,,,Yes,Yes,Yes,Yes,Yes,Yes,Yes
1,BCDiploma,BCDT,,,,France,29.0,28.0,3.6,Yes,Yes,Utility,0.116,No,No,No,12.0,100000000.0,,Yes,Yes,Yes,Yes,Yes,Yes,Yes
1,BITCOINUS,BITS,Scam,26/07/2019,increase supply from 59 to 150 and now 1.6bilion,UK,108.0,,3.0,Yes,Yes,Utility,0.5,No,No,No,11.0,50000000.0,0.77,Yes,Yes,Yes,Yes,Yes,Yes,Yes
1,BLOCKv,VEE,Deceased,19/11/2018,0 communication with community as of 9 months now..,USA,6.0,22.0,3.1,Yes,Yes,Utility,0.42,No,No,No,17.0,,0.35,No,Yes,Yes,Yes,Yes,Yes,Yes
1,BMChain,BMT,,,,Russia,30.0,,1.9,Yes,Yes,Utility,0.04,No,No,No,0.0,7502724186.0,0.75,No,Yes,Yes,Yes,Yes,Yes,No
1,BOUTSPRO,BOUTS,,,,UK,14.0,,3.2,Yes,Yes,Utility,0.0582,Yes,No,Yes,32.0,2000000000.0,0.5,No,Yes,Yes,Yes,Yes,Yes,Yes
1,Bananacoin,BCO,,,,Laos,91.0,,3.1,Yes,Yes,Utility,0.7,No,No,Yes,6.5,14000000.0,,No,No,Yes,Yes,Yes,Yes,Yes
1,Bancacy,BNY,,,,Israel,7.0,7.0,3.25,Yes,Yes,Utility,0.00319,No,No,No,6.0,227700000.0,0.23,No,No,Yes,Yes,Yes,Yes,Yes
2,Bankera,BNK,Scam,27/03/2019,"Scam , volume now  less than 2000 $ per day , raised mililions of dollars in the ICO and sicnce then the price has been tanking , no developers , and no social media news about any real work , outdated white paper .",Lithuania,92.0,22.0,3.3,Yes,No,Utility,0.02,No,No,Yes,7.0,,,No,Yes,Yes,Yes,Yes,Yes,Yes
2,Beat,BEAT,,,,Germany,173.0,,3.2,Yes,Yes,Utility,0.022,No,Yes,Yes,12.0,3500000000.0,0.7,No,Yes,Yes,Yes,Yes,Yes,Yes
2,Befund,BFDT,Scam,29/10/2018,scam,Singapore,31.0,,1.7,Yes,Yes,Utility,0.05,Yes,Yes,No,14.0,500000000.0,0.25,Yes,Yes,Yes,Yes,Yes,No,Yes
1,Benepit,BNP,,,,Philippines,46.0,,2.8,Yes,Yes,Utility,,No,Yes,Yes,13.0,10000000.0,0.3,No,No,Yes,Yes,Yes,Yes,Yes
1,Betrium,BTRM,Scam,03/01/2019,Never delivered product. Team dissapeared.,Russia,75.0,22.0,3.2,Yes,Yes,Utility,0.6,No,No,No,9.5,,,Yes,Yes,Yes,Yes,Yes,No,Yes
1,BetterBetting,BETR,,,,Estonia,47.0,,3.85,Yes,Yes,Utility,0.1,No,No,No,13.0,,0.55,No,Yes,Yes,Yes,Yes,Yes,Yes
3,Billionaire Token,XBL,Scam,04/09/2019,"Glue, who is the developer and Telegram owner, is scamming people via a token swap from ERC-20 to EOS.",Unknown,31.0,,2.15,Yes,Yes,Utility,0.1,No,No,No,0.0,3049999.0,,No,No,Yes,Yes,Yes,Yes,missingData
1,BioCoin,BIO,,,,Russia,109.0,36.0,3.2,Yes,Yes,Utility,0.042,No,No,No,16.0,800000000.0,,No,Yes,Yes,Yes,Yes,Yes,Yes
1,Birake,BIR,,,,Romania,153.0,,3.4,Yes,Yes,Utility,0.1,No,No,Yes,5.0,225000000.0,0.75,Yes,Yes,Yes,Yes,Yes,Yes,Yes
1,BitBoost,BBT,Deceased,31/12/2018,market platform. dead.,Switzerland,25.0,,3.0,Yes,Yes,Utility,0.46,No,No,No,11.0,66000000.0,0.66,No,Yes,Yes,Yes,Yes,No,Yes
1,BitCoen,BEN,Deceased,20/11/2018,"It was a coin made by Russian community. Company was registered in London, England. Development stopped in June-August 2018 and in November this coin was delisted from some exchanges and some exchanges which had this coin are now closed.",UK,28.0,,2.75,Yes,Yes,Utility,1.0,No,No,No,19.5,,,No,No,Yes,Yes,Yes,Yes,Yes
1,BitDice,CSNO,,,,Costa Rica,31.0,,2.0,Yes,Yes,Utility,0.098,No,No,No,0.0,100000000.0,,Yes,Yes,Yes,Yes,Yes,Yes,missingData
1,BitRent,RNTB,,,,UK,120.0,7.0,3.4,Yes,Yes,Utility,0.06,No,No,No,17.0,699500000.0,0.7,Yes,Yes,Yes,Yes,Yes,Yes,Yes
1,BitTorrent,BTT,,,,USA,0.0,,3.9,No,No,Utility,0.0001,No,Yes,No,19.5,89100000000.0,0.0997,Yes,Yes,Yes,Yes,Yes,Yes,Yes
2,Bitair,BTCA,Scam,11/01/2018,"SCAM.  Supposed to revolutionize the way we pay for flights, claimed associacions with various airlines. No updates twitter feed dead, and no response to comunication since ICO",Australia,58.0,,2.0,Yes,Yes,Utility,0.0283,No,No,No,5.0,400000000.0,,No,No,Yes,Yes,Yes,No,Yes
1,BitcoinMax,BMAX,,,,USA,29.0,,2.8,Yes,Yes,Utility,0.0012,No,No,Yes,5.5,250000000.0,0.25,No,Yes,Yes,Yes,Yes,Yes,Yes
1,Bittrader,TRD,,,,Latvia,58.0,23.0,2.7,No,No,Utility,45.824,No,No,No,7.0,3000000.0,,Yes,Yes,Yes,Yes,Yes,Yes,Yes
1,Bittwatt,BWT,,,,Singapore,68.0,,3.0,Yes,Yes,Utility,0.1759,Yes,Yes,No,16.5,254000000.0,0.75,Yes,Yes,Yes,Yes,Yes,Yes,Yes
1,Bitxoxo,XOXO,,,,India,30.0,,3.05,Yes,Yes,Utility,2.0,Yes,No,No,11.0,15000000.0,0.75,Yes,Yes,Yes,Yes,Yes,Yes,Yes
1,Blackmoon,BMC,,,,Cyprus,30.0,,2.7,Yes,Yes,Utility,1.1,No,No,No,9.5,,0.5,No,No,Yes,Yes,Yes,Yes,Yes
3,BlockCAT,CAT,Deceased,08/09/2019,It went bankrupt on quadriga incident,Canada,30.0,,2.3,Yes,Yes,Utility,0.9962,No,No,No,5.5,,,No,No,Yes,Yes,Yes,Yes,missingData
1,Blocklancer,LNC,,,,Austria,31.0,14.0,3.4,Yes,Yes,Utility,0.091,No,No,No,9.0,,,No,Yes,Yes,Yes,Yes,Yes,Yes
1,Blockport,BPT,,,,Netherlands,35.0,,2.8,Yes,Yes,Utility,0.33,No,No,No,15.0,69440000.0,0.714,No,Yes,Yes,Yes,Yes,Yes,Yes
1,Bonpay,BON,,,,UK,28.0,,2.9,Yes,Yes,Utility,0.9,No,No,No,4.0,,0.51,No,Yes,Yes,Yes,Yes,Yes,No
3,Budbo,BUBO,Scam,02/01/2019,None updates in 8 months regarding the project. Even the lame twitter posts has stopped last year.,British Virgin Islands,35.0,63.0,3.7,Yes,Yes,Utility,0.35,No,No,No,23.5,150000000.0,0.75,No,Yes,Yes,Yes,Yes,Yes,Yes
1,Bulleon,BUL,,,,Estonia,364.0,,4.3,Yes,Yes,Utility,0.7726,No,Yes,Yes,12.5,7590000.0,0.952,No,Yes,Yes,Yes,Yes,Yes,Yes
1,Bumo,BU,,,,China,30.0,,2.6,Yes,Yes,Utility,0.0223,No,Yes,No,42.0,1500000000.0,,No,Yes,Yes,Yes,Yes,Yes,Yes
1,BunnyToken,BUNNY,,,,Seychelles,30.0,42.0,2.0,Yes,Yes,Utility,0.0566,No,No,No,26.0,700000000.0,0.7,No,No,Yes,Yes,Yes,Yes,Yes
1,Bytom,BTM,Deceased,13/09/2017,Ceased trading on Binance. Starter trading on others and virtually no bids. Founders are nowhere to be found.,China,30.0,,3.8,Yes,Yes,Payment,0.045,No,No,No,7.0,,,No,No,Yes,Yes,Yes,Yes,No
2,COBINHOOD,COB,Scam,21/05/2019,Scam Exited on May 20th 2019,Taiwan,39.0,,3.0,Yes,Yes,Utility,0.0735,No,No,No,5.0,500000000.0,0.5,No,No,Yes,Yes,Yes,Yes,Yes
1,COSS,COSS,Scam,31/12/2018,Total shit coin doesn't have a chance of surviving,Singapore,29.0,,3.8,Yes,Yes,Utility,0.0565,No,No,No,28.5,200000000.0,,No,Yes,Yes,Yes,Yes,No,Yes
1,CarTaxi,CTX,Scam,29/05/2018,"A russian tow truck company that tells everybody its on the blockchain, but it isn't. Had great marketing during ICO, then stopped. Had great communication during ICO, then stopped. Fake addresses of American and Chinese offices on their website. Corrupted smart contract that details no fixed supply (so they can make more CTX if they want to) and they can also burn (delete) anybody's CTX from any wallet. They stole payments to bounty campaigners. They promised monthly bonuses for investors, that has now also stopped. It still trades on hitbtc with a ridiculously low daily trading volume ( <$3000 )",USA,30.0,20.0,2.6,Yes,Yes,Utility,0.1347,No,No,No,8.5,500000000.0,0.65,No,Yes,Yes,Yes,Yes,Yes,Yes
1,Cardstack,CARD,,,,Switzerland,30.0,,3.65,Yes,Yes,Utility,0.017,Yes,Yes,No,14.0,2400000000.0,,No,No,Yes,Yes,Yes,Yes,Yes
1,Carry,CRE,,,,South Korea,14.0,,2.3,Yes,Yes,Utility,0.003,No,No,No,17.5,4000000000.0,0.4,Yes,Yes,Yes,No,Yes,Yes,Yes
2,Cashaa,CAS,Scam,15/12/2018,Coin is a scam.  Told investors unsold tokens will be distributed among ICO investors but turned out to be complete lie.,UK,30.0,10.0,2.8,Yes,Yes,Utility,0.1,No,No,No,13.5,51000000.0,0.51,No,Yes,Yes,Yes,Yes,Yes,Yes
1,Ccecoin,CCE,Scam,28/06/2019,"DO NOT GIVE THESE SCAM ARTISTS ANY MONEYLoi Sun Kong (John Loi) and Law Hien Kiong (Robert Law) are Malaysia citizens and have been operating this scam since early 2018. Robert Law has been involved in China scams for more than ten years. John Law also has a scam background, but not as extensive as Law.The scam is very simple. They have traveled to Malaysia, Brunei, China, Taiwan etc make a simple presentation, collect money from investors, manually transfer coins at a discount to the market - so investors feel they are getting a good deal. The underlying BIG SELL for the project is based on promises of huge profits after the funds collected will be placed into Durian fruit enterprizes. Not a single cent has been invested in the project that has been sold as an amazing opportunity.Law, who has financed the project, has openly admitted that not a single cent will every be invested in the project. The principals of the project (Law and Loi) feel they are safe from the law as investors freely give them money. They feel they are exempt from prosecution. However, the law may now be closing in on the scammers. There is ZERO intention of the project receiving those funds. There have been a lot of angry and disappointed investors. The money raised has simply gone into the pockets of Law and Loi.This information can be verified by checking with the project owners and asking them to provide evidence of how those funds have been spent.DO NOT GIVE THESE SCAM ARTISTS ANY MONEY",Hong Kong,29.0,30.0,3.4,Yes,Yes,Utility,0.0592,No,Yes,Yes,7.0,100000000.0,0.1,Yes,Yes,Yes,Yes,Yes,No,Yes
1,Centrality,CENNZ,Deceased,16/05/2019,"Centrality is still in in development 2 years after ico with no working product. There is no significant code for their platform on GitHub or other development platforms. According to their website, the only project achieved so far was token generation while all other projects are still ""coming soon"". A majority of this company's activity is media relations and hosting blockchain conferences. Also, a major exchange and partner for Centrality, Cryptopia, has gone into liquidation.",New Zealand,31.0,,2.8,Yes,Yes,Utility,0.17,No,No,No,49.0,840000000.0,0.7,No,Yes,Yes,Yes,Yes,No,Yes
1,ChainZilla,ZILLA,,,,Panama,17.0,21.0,2.6,No,No,Utility,0.45,No,Yes,Yes,12.0,5000000.0,0.45,Yes,Yes,Yes,Yes,Yes,Yes,Yes
1,ChronoBank,TIME,Deceased,02/02/2020,Token is dead,Russia,62.0,,2.7,Yes,Yes,Utility,10.0,No,No,No,1.0,,,No,No,Yes,Yes,Yes,Yes,Yes
1,Cindicator,CND,,,,Russia,30.0,,3.5,Yes,Yes,Utility,0.01,No,No,No,23.0,,1.0,No,Yes,Yes,Yes,Yes,Yes,Yes
1,Clinicoin,CLIN,,,,USA,100.0,,3.3,Yes,Yes,Utility,0.03,No,Yes,No,22.5,3000000000.0,0.524,Yes,Yes,Yes,Yes,Yes,Yes,Yes
2,Cofound.it,CFI,Scam,09/02/2019,A platform that connects blockchain believers to teams that are building serious blockchain businesses.,Slovenia,0.0,2.0,2.7,Yes,Yes,Utility,0.12,No,No,No,3.0,,,No,No,Yes,Yes,Yes,Yes,Yes
1,CoinLion,LION,,,,USA,69.0,,3.2,Yes,Yes,Utility,0.33,No,No,No,27.5,,0.5,Yes,Yes,Yes,Yes,Yes,Yes,Yes
1,CoinOil,COIL,Scam,01/07/2018,"Scam ICO. Falsified the amount of ICO money being taken in during ICO. After ICO Twitter, FB, and other Social Media went dark.",USA,105.0,,2.3,Yes,Yes,Utility,0.2,No,No,No,6.0,1200000000.0,0.6,Yes,Yes,Yes,Yes,Yes,No,missingData
1,CoinPoker,CHP,,,,British Virgin Islands,7.0,5.0,3.2,Yes,Yes,Utility,0.2497,Yes,No,No,14.5,275000000.0,0.75,Yes,Yes,Yes,Yes,Yes,Yes,Yes
1,Coinlancer,CL,,,,United Arab Emirates,32.0,9.0,2.8,Yes,Yes,Utility,0.25,No,No,No,33.5,,0.93,No,No,Yes,Yes,Yes,Yes,Yes
1,Cointed,CTD,Deceased,11/10/2018,Was a scam by an austrian company,China,100.0,30.0,2.8,Yes,Yes,Utility,0.85,No,No,No,11.0,650000000.0,1.0,No,No,Yes,Yes,Yes,Yes,Yes
1,Cointorox,OROX,,,,Estonia,59.0,,2.7,Yes,Yes,Utility,0.523,No,No,No,4.5,7000000.0,0.7,No,Yes,Yes,Yes,Yes,Yes,Yes
1,Colu Local Network,CLN,,,,Israel,4.0,,3.9,Yes,Yes,Utility,0.095,Yes,Yes,No,50.5,450000000.0,0.35,Yes,Yes,Yes,Yes,Yes,Yes,Yes
1,Conn3x,C3X,,,,Unknown,72.0,10.0,2.3,No,No,Utility,1.0,No,No,No,0.0,70000000.0,,Yes,Yes,Yes,Yes,Yes,Yes,Yes
1,ConnectJob,CJT,,,,Gibraltar,77.0,72.0,3.7,Yes,Yes,Utility,0.283,No,No,No,17.5,1692000000.0,0.65,Yes,Yes,Yes,Yes,Yes,Yes,Yes
1,CopPay,COP,Deceased,23/12/2017,Scum,Belarus,31.0,,3.3,Yes,Yes,Utility,0.024,No,No,No,8.5,1250200000.0,,No,Yes,Yes,Yes,Yes,Yes,Yes
2,Copytrack,CPY,Scam,21/11/2018,Non existing product. Exit scam,Germany,62.0,,3.45,Yes,Yes,Utility,1.1775,Yes,No,No,7.0,100000000.0,0.4,No,No,Yes,Yes,Yes,Yes,Yes
1,Corion Platform,COR,,,,Switzerland,40.0,,3.3,No,No,Utility,0.75,No,No,No,18.0,,0.51,No,No,Yes,Yes,Yes,Yes,missingData
1,Covesting,COV,,,,Gibraltar,52.0,30.0,3.4,Yes,Yes,Utility,2.56,No,No,No,18.0,165000000.0,0.07,Yes,Yes,Yes,Yes,Yes,Yes,Yes
1,CrowdCoinage,CCOS,,,,Estonia,28.0,13.0,2.7,Yes,Yes,Utility,0.069,No,No,Yes,12.0,,0.5,No,Yes,Yes,Yes,Yes,Yes,Yes
1,Crowdholding,YUP,,,,UK,71.0,33.0,3.3,Yes,Yes,Utility,1.18,No,No,No,15.0,284000000.0,,No,Yes,Yes,Yes,Yes,Yes,Yes
1,Cruisebit,CRBT,,,,UK,61.0,,2.7,Yes,Yes,Utility,0.04,Yes,Yes,No,6.0,300000000.0,0.6,No,Yes,Yes,Yes,Yes,Yes,Yes
1,Crypto20,C20,,,,USA,45.0,7.0,3.6,Yes,Yes,Utility,1.1,No,No,No,18.0,75000000.0,0.87,No,Yes,Yes,Yes,Yes,Yes,No
1,CryptoKami,KAMI,Scam,04/08/2018,Raised 12mil during ICO and ran away . The webside has taken down.,Japan,30.0,28.0,2.0,No,No,Utility,0.0012,Yes,Yes,Yes,0.0,45000000.0,0.214,Yes,Yes,Yes,Yes,Yes,Yes,Yes
1,CryptoPing,PING,Deceased,12/11/2018,PING is the token used to pay on the cryptoping.tech platform. Deposits and withdrawals are frozen since july 2018 and social media accounts aren't updated anymore. Coin has been delisted from cryptopia and the documentation on the website hasn't been updated,Unknown,30.0,,1.7,No,No,Utility,0.278,No,No,No,0.0,,,Yes,No,Yes,Yes,Yes,No,missingData
1,Crystal Clear,CCT,,,,Russia,30.0,7.0,3.0,Yes,Yes,Utility,3.0949,No,No,No,4.5,6000000.0,0.6,Yes,Yes,Yes,Yes,Yes,Yes,missingData
1,DADI,DADI,,,,UK,0.0,7.0,3.0,Yes,Yes,Utility,0.5,No,No,No,16.0,100000000.0,0.65,Yes,Yes,Yes,Yes,Yes,Yes,Yes
1,DAO Playmarket 2.0,PMT,,,,Russia,30.0,,2.9,Yes,Yes,Utility,0.2,No,No,No,17.5,3000000.0,0.75,No,No,Yes,Yes,Yes,Yes,Yes
1,DAOstack,GEN,Deceased,30/11/2018,there is no daily volume and they spend money from ICO proceeds by going abroad and there is no progress in the development of their projects either their platform,Gibraltar,30.0,2.0,3.75,Yes,Yes,Utility,1.0,No,No,No,8.5,40000000.0,0.6667,Yes,Yes,Yes,Yes,Yes,Yes,Yes
1,DECENT,DCT,,,,Switzerland,56.0,,2.45,No,No,Utility,0.1424,No,No,No,44.0,,,No,No,Yes,No,Yes,Yes,missingData
3,DIMCOIN,DIM,Scam,02/12/2019,Platform that enables the purchase of global stocks through DimCoin. Works on top of NEM.,South Africa,57.0,,2.6,No,No,Utility,0.01,No,No,No,1.5,10000000.0,,No,Yes,Yes,Yes,Yes,Yes,missingData
1,DUO Network,DUO,,,,Singapore,0.0,,2.8,Yes,Yes,Utility,0.1196,Yes,Yes,Yes,9.0,40000000.0,0.4,Yes,Yes,Yes,Yes,Yes,Yes,Yes
1,Daneel,DAN,,,,Estonia,35.0,4.0,3.4,Yes,Yes,Utility,0.28,No,No,Yes,18.0,40000000.0,0.4,Yes,Yes,Yes,Yes,Yes,Yes,Yes
1,Darcrus,DAR,,,,USA,5.0,,2.3,No,No,Utility,0.02,No,No,No,3.0,50000000.0,,No,No,Yes,Yes,Yes,Yes,Yes
1,Datum,DAT,,,,Switzerland,31.0,31.0,3.0,Yes,Yes,Utility,0.017,No,No,No,16.5,1530000000.0,,Yes,Yes,Yes,Yes,Yes,Yes,Yes
1,Debitum Network,DEB,,,,Lithuania,31.0,,2.9,Yes,Yes,Utility,106.0,No,No,Yes,15.0,400000000.0,,No,Yes,Yes,Yes,Yes,Yes,Yes
1,Decentralized ID,DID,Scam,26/11/2018,Coin is now delisted from the only exchange its on Mercatox Exchange. Company Scammed investors.,UK,59.0,,3.4,Yes,Yes,Utility,0.001,No,No,No,11.5,16800000000.0,0.84,Yes,Yes,Yes,Yes,Yes,No,Yes
1,Deex,DEEX,,,,Russia,49.0,29.0,4.0,Yes,No,Utility,0.2,No,No,No,9.5,100000000.0,,No,No,Yes,Yes,Yes,Yes,Yes
1,Dentacoin,DCN,Scam,30/11/2018,pump and dump scheme,Netherlands,31.0,31.0,3.15,Yes,Yes,Utility,0.0001,No,No,No,12.0,240000000000.0,0.03,No,Yes,Yes,Yes,Yes,Yes,Yes
2,DigiPulse,DGPT,Deceased,31/01/2020,"The company decided to get delisted from any exchanges, all websites are offline.  The project's owner concluded: ""only two people had used the DGPT token for its intended purposes"" (sic!)",Latvia,30.0,16.0,3.4,Yes,Yes,Utility,1.2146,No,No,No,6.5,12700000.0,0.62,Yes,Yes,Yes,Yes,Yes,Yes,Yes
1,Digital Ticks,DTx,,,,Estonia,61.0,20.0,3.2,Yes,Yes,Utility,189.0,No,No,No,5.0,64000000.0,0.5,Yes,Yes,Yes,Yes,Yes,Yes,Yes
1,DigixDAO,DGD,,,,Singapore,1.0,,1.9,Yes,Yes,Utility,4.2,No,No,No,0.0,2000000.0,,No,No,Yes,Yes,Yes,Yes,missingData
1,Docademic,MTC,,,,Mexico,76.0,,4.0,Yes,Yes,Utility,0.0177,No,No,No,11.5,350000000.0,0.35,Yes,Yes,Yes,Yes,Yes,Yes,Yes
1,DomRaider,DRT,,,,France,27.0,26.0,3.5,Yes,Yes,Utility,0.1174,No,No,No,30.5,350000000.0,0.35,No,No,Yes,Yes,Yes,Yes,Yes
1,Dorado,DOR,Scam,29/11/2018,"Dorado ICO money was used to purchase another company from the same founder (Wooopit). Once purchased by Dorado, Wooopit was put out of business. The other company which was supposed to provide Dorado with technical expertise (FoodOut Group) just announced bankruptcy.According to LinkedIn, almost all human resources have already left Dorado.The project has not given any updates since August 2018 and the Telegram group channel is closing this week.",Switzerland,98.0,,3.45,Yes,Yes,Utility,0.1,No,No,Yes,22.0,510000000.0,0.51,Yes,Yes,Yes,Yes,Yes,No,Yes
1,Dragonchain,DRGN,Deceased,13/02/2020,"Project failed to deliver. Fired staff and closed down offices. No customers, and no funds left.",USA,31.0,,2.4,Yes,Yes,Utility,0.066,No,No,No,16.0,433494437.0,0.55,No,Yes,Yes,Yes,Yes,Yes,missingData
1,Dropil,DROP,Scam,30/11/2018,Bitconnect 2.0,Belize,28.0,13.0,3.4,Yes,Yes,Utility,0.0029,No,No,No,4.5,15000000000.0,0.5,Yes,Yes,Yes,Yes,Yes,Yes,Yes
1,DxChain,DX,,,,Singapore,3.0,,1.6,Yes,Yes,Utility,0.0014,Yes,Yes,No,16.0,,0.22,No,No,Yes,Yes,Yes,Yes,Yes
1,EOS,EOS,Scam,09/04/2019,"EOS is not a blockchain. Whiteblock calls it a distributed homogeneous database management system, which means that their transactions are not cryptographically validated.",USA,15.0,,4.1,Yes,Yes,Payment,0.99,No,No,No,4.0,,,No,No,Yes,Yes,Yes,Yes,Yes
1,ESR Wallet,ESR,Scam,02/01/2019,No reponse from support to emails since July 2018 and no response from chat AND NOT POSSIBLE TO WITHDRAW ESR TOKENS FROM THEIR ESR WALLET but balance goes down and no payouts,Russia,14.0,,3.0,Yes,Yes,Utility,10.0,No,No,No,14.0,10000000.0,,No,No,Yes,Yes,Yes,No,Yes
1,EasyMINE,EMT,,,,Poland,77.0,,2.8,Yes,Yes,Utility,0.2364,No,No,No,11.0,27000000.0,0.818,Yes,Yes,Yes,Yes,Yes,Yes,missingData
1,Egretia,EGT,,,,Singapore,0.0,,3.9,Yes,Yes,Utility,0.0083,Yes,Yes,Yes,6.0,,,No,Yes,Yes,Yes,Yes,Yes,Yes
1,Elastos,ELA,Scam,29/04/2019,Elastos team run out of funds they raised in  ICO after multiple unsuccessful pumps failed to stabilize price . Angel investors dumped it from $80 to $2 following an altercation with founders.  A lawsuit filed  on NewYork supreme court alleging mismanagement and fraud.https://iapps.courts.state.ny.us/nyscef/CaseDetails?docketId=wKgbxsNeM1JgtmSXXldBTw==,China,21.0,,2.9,No,No,Payment,18.09,No,No,No,59.0,,,No,No,Yes,Yes,Yes,Yes,Yes
1,Electrify.Asia,ELEC,Deceased,20/01/2019,No progress on product.,Singapore,16.0,,3.0,Yes,Yes,Utility,0.08,Yes,Yes,No,12.5,375000000.0,0.5,No,Yes,Yes,Yes,Yes,No,Yes
1,Electroneum,ETN,Scam,02/01/2019,SCAM,UK,36.0,,4.0,No,No,Payment,0.01,No,No,No,12.5,6300000000.0,,No,Yes,Yes,Yes,Yes,Yes,Yes
1,Encrypgen,DNA,,,,USA,47.0,,2.6,Yes,Yes,Utility,0.034,No,No,No,6.5,,,No,No,Yes,No,Yes,Yes,missingData
1,Enecuum,ENQ,,,,Hong Kong,193.0,,2.9,Yes,Yes,Utility,0.06,Yes,Yes,Yes,17.5,596756160.0,0.46,Yes,Yes,Yes,Yes,Yes,Yes,Yes
2,Ethbet,EBET,,,,Unknown,5.0,,2.1,Yes,Yes,Utility,0.262,No,No,No,0.0,7500000.0,0.75,No,Yes,Yes,Yes,Yes,Yes,missingData
1,EtherSportz,ESZ,,,,USA,1.0,,2.2,Yes,Yes,Utility,0.5,Yes,Yes,No,0.0,7000000.0,0.7,Yes,Yes,Yes,Yes,Yes,Yes,No
1,Etherparty,FUEL,,,,Canada,28.0,,2.9,Yes,Yes,Utility,0.1,No,No,No,15.0,50000000.0,,No,Yes,Yes,Yes,Yes,Yes,Yes
1,Ethorse,HORSE,,,,Cayman Islands,7.0,1.0,3.8,Yes,Yes,Utility,0.0409,No,No,No,0.0,100000000.0,0.8,Yes,Yes,Yes,Yes,Yes,Yes,Yes
1,Evedo,EVED,,,,Bulgaria,2.0,,3.0,Yes,Yes,Utility,0.0479,Yes,No,No,15.0,80000000.0,0.5,No,Yes,Yes,Yes,Yes,Yes,Yes
1,Everex,EVX,,,,Singapore,38.0,,3.4,Yes,Yes,Utility,2.13,No,No,No,6.5,,,No,Yes,Yes,Yes,Yes,Yes,No
1,Exosis,EXO,,,,India,29.0,,2.2,Yes,Yes,Utility,5.0,No,No,Yes,5.0,,0.78,Yes,Yes,Yes,Yes,No,Yes,Yes
1,Experty,EXY,,,,Switzerland,31.0,,3.5,Yes,Yes,Utility,0.829,No,No,No,31.0,33000000.0,0.33,No,Yes,Yes,Yes,Yes,Yes,Yes
1,FANTOM,FTM,Scam,07/04/2020,they only fool people with false promisesthen billions of ftm and casting in the hands of casting developers on the stock exchange like binance,Bahamas,1.0,,4.0,Yes,Yes,Utility,0.04,Yes,Yes,No,34.5,1420000000.0,0.4,No,Yes,Yes,Yes,Yes,Yes,Yes
1,FAPcoin,FAP,Deceased,27/04/2018,Price went to almost zero volume as well,Indonesia,46.0,,1.0,Yes,Yes,Utility,0.3036,No,No,No,0.0,100000000.0,0.2,Yes,Yes,Yes,No,No,No,No
1,Fabric Token,FT,,,,Estonia,45.0,,3.4,Yes,Yes,Utility,0.1125,Yes,Yes,No,9.0,71250000.0,0.7125,No,Yes,Yes,Yes,Yes,Yes,Yes
3,Farad,FRD,Deceased,04/07/2018,Was killed off with Chinese regulations. Valued tied to ultra-capacitor sales. Now a DOA community.,United Arab Emirates,30.0,36.0,2.9,Yes,Yes,Utility,125.0,No,No,No,10.0,1280000000.0,,No,Yes,Yes,Yes,Yes,Yes,Yes
1,Fashion Coin,FSHN,Scam,11/05/2019,"- Claims highly technical advancement with insufficient documentation to support (15k TPS, multi-blockchain interoperability.",France,49.0,,2.75,Yes,Yes,Utility,0.0002,No,No,No,8.5,1000000000000.0,0.1,No,Yes,Yes,Yes,Yes,No,Yes
2,Fidelium,FID,Scam,19/11/2018,Supposedly an arbitrage platform.Korean project that never really took off anyway.,USA,28.0,45.0,3.4,Yes,Yes,Utility,0.36,No,No,Yes,16.0,,0.3,Yes,Yes,Yes,Yes,Yes,Yes,Yes
1,Fire Lotto,FLOT,,,,Cyprus,31.0,31.0,3.6,Yes,Yes,Utility,0.5,No,No,No,14.0,,0.77,Yes,Yes,Yes,Yes,Yes,Yes,Yes
1,FirstBlood,1ST,,,,USA,1.0,,2.5,Yes,Yes,Utility,0.0758,No,No,No,13.0,,,No,No,Yes,Yes,Yes,Yes,No
1,Foresting,PTON,Scam,29/10/2019,Decentralize blockchain-based reward social network service,Singapore,30.0,,3.5,Yes,Yes,Utility,0.0068,No,Yes,Yes,53.0,9600000000.0,0.4,Yes,Yes,Yes,Yes,Yes,Yes,Yes
2,Formosa Financial,FMF,,,,Cayman Islands,46.0,,3.5,Yes,Yes,Utility,0.0384,Yes,No,No,6.5,600000000.0,0.3,Yes,Yes,Yes,Yes,Yes,Yes,Yes
1,Fructus,XFRC,,,,Netherlands,408.0,108.0,2.9,Yes,Yes,Utility,0.3,Yes,Yes,No,13.5,250000.0,0.3125,Yes,Yes,Yes,Yes,Yes,Yes,Yes
1,FundFantasy,FUNDZ,,,,Malta,28.0,,3.55,Yes,Yes,Utility,0.52,No,No,No,14.5,60000000.0,0.75,No,Yes,Yes,Yes,Yes,Yes,Yes
1,FundRequest,FND,,,,Belgium,11.0,41.0,3.2,Yes,Yes,Utility,0.2,No,No,No,9.0,75000000.0,,No,Yes,Yes,Yes,Yes,Yes,No
1,Future1Coin,F1C,,,,Singapore,31.0,164.0,3.0,Yes,Yes,Utility,0.09,No,No,No,4.0,250000000.0,0.84,Yes,Yes,Yes,Yes,Yes,Yes,Yes
1,GANA,GANA,,,,Estonia,61.0,,2.8,Yes,Yes,Utility,0.025,No,Yes,No,16.0,1200000000.0,0.5,No,Yes,Yes,Yes,Yes,Yes,Yes
1,GIFTO,GTO,,,,Hong Kong,0.0,,4.2,Yes,Yes,Utility,0.1,No,No,No,12.0,300000000.0,0.3,No,Yes,Yes,Yes,Yes,Yes,Yes
1,GPN COIN,GPN,,,,Israel,60.0,61.0,2.2,Yes,Yes,Utility,0.2,No,No,No,5.0,120000000.0,0.8,No,No,Yes,Yes,No,Yes,Yes
1,GRAFT Blockchain,GRFT,,,,USA,31.0,31.0,3.2,No,No,Utility,0.28,No,No,No,14.5,92233720.0,,No,Yes,Yes,Yes,Yes,Yes,Yes
1,Gagapay Network,GTA,,,,UK,76.0,1.0,3.1,No,No,Utility,0.05,Yes,Yes,Yes,10.0,690000000.0,0.69,Yes,Yes,Yes,Yes,Yes,Yes,Yes
1,Game Fanz,GFN,,,,Indonesia,83.0,,2.6,Yes,Yes,Utility,0.0,No,No,Yes,5.0,40000000000.0,0.5,No,Yes,Yes,Yes,Yes,Yes,Yes
1,Game Stars,GST,,,,Seychelles,60.0,7.0,3.3,Yes,Yes,Utility,0.035,No,No,Yes,1.0,325000000.0,0.65,Yes,Yes,Yes,Yes,Yes,Yes,Yes
2,GameCoin,GMC,Scam,10/07/2018,https://icobench.com/ico/gamecoinLost USD 400,Russia,18.0,,2.0,Yes,Yes,Utility,0.0293,No,No,No,12.0,462500000.0,0.74,No,No,Yes,No,Yes,No,Yes
1,GazeCoin,GZE,,,,Australia,11.0,,2.85,Yes,Yes,Utility,0.35,No,No,No,19.0,,0.7,Yes,Yes,Yes,Yes,Yes,Yes,Yes
3,Gimli,GIM,Scam,02/07/2018,Scam,Malta,34.0,,3.1,Yes,Yes,Utility,4.7627,No,No,No,5.0,80000000.0,0.53,No,No,Yes,Yes,Yes,Yes,Yes
3,Gladius,GLA,Deceased,13/12/2019,The Gladius platform aims to utilize the unused computing power and bandwidth in the world effectively in order to protect the businesses with an online presence from DDoS attacks through a decentralized solution.The Gladius network aims to reduce content loading times for websites and protect businesses from DDoS attacks.,USA,37.0,36.0,3.7,Yes,Yes,Utility,1.55,No,No,No,11.5,,0.6,Yes,Yes,Yes,Yes,Yes,Yes,Yes
2,Global Jobcoin,GJC,,,,Switzerland,39.0,20.0,3.3,Yes,Yes,Utility,1.314,No,No,No,6.0,70000000.0,,No,Yes,Yes,Yes,Yes,Yes,No
1,GoHelpFund,HELP,,,,Romania,59.0,28.0,2.7,Yes,Yes,Utility,0.139,No,Yes,Yes,6.0,25000000.0,0.5,Yes,Yes,Yes,Yes,Yes,Yes,No
1,GoldMint,MNTP,Deceased,07/12/2017,"Conducted ICO in November 2017, lost 80% of value instantly on EtherDelta. Till date, it has not even been listed on Coinmarketcap.",Russia,52.0,,3.0,Yes,Yes,Utility,7.0,No,No,No,15.0,7000000.0,0.7,No,Yes,Yes,Yes,Yes,Yes,Yes
1,HOQU,HQX,,,,UK,91.0,21.0,3.0,Yes,Yes,Utility,0.168,No,No,No,8.5,195555360.0,0.65,No,Yes,Yes,Yes,Yes,Yes,Yes
1,HYCON,HYC,,,,South Korea,42.0,,2.7,No,No,Payment,0.9,Yes,Yes,No,13.0,1000000000.0,0.1,Yes,Yes,Yes,Yes,Yes,Yes,Yes
1,Hacken,HKN,,,,Russia,30.0,,3.5,Yes,Yes,Utility,1.0,No,No,No,8.5,20000000.0,0.8,No,No,Yes,Yes,Yes,Yes,Yes
1,HashNet BitEco,HNB,,,,Singapore,0.0,0.0,2.8,Yes,Yes,Utility,0.095,Yes,Yes,No,8.0,22000000.0,0.25,No,Yes,Yes,Yes,Yes,Yes,Yes
1,HelloGold,HGT,,,,Malaysia,35.0,,3.3,Yes,Yes,Utility,0.0533,No,No,No,23.0,263034654.0,0.26,No,Yes,Yes,Yes,Yes,Yes,Yes
1,Hextracoin,HXT,Deceased,03/07/2018,Scam and Deceased,United Arab Emirates,29.0,,1.8,No,No,Utility,1.15,No,No,No,0.0,29000000.0,0.31,No,No,Yes,Yes,Yes,No,No
1,HireMatch,HIRE,,,,USA,137.0,30.0,3.3,Yes,Yes,Utility,0.1685,No,No,No,5.0,78000000.0,0.78,No,Yes,Yes,Yes,Yes,Yes,No
1,Humaniq,HMQ,,,,UK,21.0,,3.3,Yes,Yes,Utility,0.0631,No,No,No,5.5,,,No,No,Yes,Yes,Yes,Yes,No
1,IDA,IDA,,,,Singapore,31.0,,2.7,Yes,Yes,Utility,0.0262,No,No,No,10.0,,0.12,No,No,Yes,Yes,Yes,Yes,Yes
1,IUNGO,ING,,,,Lithuania,55.0,21.0,3.1,Yes,Yes,Utility,0.43440799,No,No,No,0.0,62500000.0,0.64,No,No,Yes,Yes,Yes,Yes,Yes
1,IZIChain,IZI,,,,Vietnam,5.0,,2.8,Yes,Yes,Utility,0.1,No,Yes,Yes,4.0,625000000.0,0.5,Yes,Yes,Yes,Yes,Yes,Yes,Yes
1,Ice Rock Mining,ROCK2,,,,Ireland,66.0,37.0,2.9,Yes,Yes,Utility,1.2,No,No,Yes,11.0,23000000.0,,No,Yes,Yes,Yes,Yes,Yes,Yes
1,IceChain,ICHX,,,,China,20.0,,3.3,Yes,Yes,Utility,0.0118,Yes,Yes,Yes,6.0,,0.6,No,Yes,Yes,Yes,Yes,Yes,Yes
1,Iconomi,ICN,Deceased,16/10/2018,Delisted from Binance. Co-founders went buying a hotel:,Slovenia,35.0,,2.6,Yes,Yes,Utility,105.0,No,No,No,23.5,100000000.0,,No,No,Yes,No,Yes,No,No
1,Imperium,MPRM,Deceased,28/12/2017,"no fee secure no-limit gambling marketplace, web site down, twitter account closed.",Switzerland,7.0,,1.0,Yes,Yes,Utility,0.1159,No,No,No,6.0,,,No,No,Yes,No,No,No,No
2,InMax,INX,Scam,05/08/2019,"Here's the bio on their supposed website/exchange: INMAX is A dependable digital asset exchange and financial system INMAX comes as a novel cryptocurrency trading platform with the abovementioned advantages. Founded by PT.HAFIZC KOIN ASIA – a company that has so much experience in cryptocurrency trading, INMAX offers a simpler but more advanced platform design and high-qualitay customer support. These made INMAX a dependable, faster, easier, and safer trading platform.We translate the missions into every aspect of our business strategies. Weknowthateverycustomerwantstobetreatedwithcare. Therefore, we attempt to provide the users with a responsive and caring trading platform, where every trader can learn and share each other. This allows us to create a system, where everyone contributes to the company’s success.Until now, price has plummeted down 95% and their exchange hasn't been up, none of their airdrops were distributed, but yet they keep having these ""big"" events around Indonesia, promoting their token and having fake accounts try and verify how ""good"" there coins are.",Indonesia,50.0,,2.6,Yes,Yes,Utility,1.8,No,No,No,7.0,3000000.0,0.43,Yes,Yes,Yes,Yes,Yes,Yes,Yes
1,Infinitus Token,INF,,,,Singapore,32.0,,2.6,Yes,Yes,Utility,0.1648,No,No,Yes,12.5,70000000.0,0.85,Yes,Yes,Yes,Yes,Yes,Yes,Yes
1,Ink Protocol,XNK,,,,USA,0.0,,4.1,Yes,Yes,Utility,0.1421,No,No,No,14.5,,0.3,No,Yes,Yes,Yes,Yes,Yes,Yes
1,InsurePal,IPL,,,,Liechtenstein,0.0,,3.85,Yes,Yes,Utility,0.1,No,No,No,23.0,201000000.0,0.67,Yes,Yes,Yes,Yes,Yes,Yes,Yes
1,Invictus Hyperion Fund,IHF,Scam,12/10/2019,"Invictus Hyperion Fund is a scam where the team tells the community the price that they MIGHT buy the token back from the community one day. Then speculators trade the token at around that price. If you buy Invictus Hyperion Fund IHF token, be prepared to loose all your money.",Cayman Islands,56.0,3.0,3.25,Yes,Yes,Utility,0.11,Yes,Yes,No,15.0,,0.975,Yes,Yes,Yes,Yes,Yes,No,No
1,Joint Ventures,JOINT,,,,Turkey,53.0,,3.6,Yes,Yes,Utility,0.071,No,No,No,16.0,100000000.0,0.162,No,Yes,Yes,Yes,Yes,Yes,Yes
2,KWHCoin,KWH,,,,USA,35.0,13.0,2.5,Yes,Yes,Utility,0.2281,No,Yes,Yes,7.0,,,No,No,Yes,Yes,Yes,Yes,Yes
2,Karma,KRM,,,,Russia,16.0,,2.8,Yes,Yes,Utility,0.01,No,No,No,11.0,3000000000.0,0.59,Yes,Yes,Yes,Yes,Yes,Yes,Yes
1,Kencoin,KCN,Scam,10/01/2018,Scammers collected ETH in an ICO and simply vanished. Never listed the coin on any exchange and hence no calue at all,Switzerland,31.0,,2.4,Yes,Yes,Utility,0.0657,No,No,No,3.0,600000000.0,,No,No,Yes,Yes,Yes,Yes,missingData
1,Kin,KIN,Deceased,04/02/2020,"Kin is money for the digital world. It is used to generate value through a shared, decentralized cryptocurrency in a digital ecosystem of apps and their users.",Canada,14.0,,3.2,Yes,Yes,Utility,0.0002,No,No,No,7.0,,,No,No,Yes,Yes,Yes,No,No
1,Krios,KRI,Scam,10/02/2019,"The Krios project is a scam, see more info on the bitcointalk thread:https://bitcointalk.org/index.php?topic=2334680.280",Belize,127.0,13.0,2.7,Yes,Yes,Utility,0.1,No,No,No,14.0,500000000.0,0.77,No,No,Yes,Yes,Yes,No,Yes
1,Kubera,KBR,Scam,30/05/2019,"Partially selffunded by sending ETH in a circle, delisted from all exchanges.",Japan,12.0,,2.1,Yes,Yes,Utility,0.0161,No,No,No,5.0,,,Yes,No,Yes,Yes,No,No,missingData
1,LAToken,LA,,,,Singapore,49.0,,3.3,Yes,Yes,Utility,0.2985,No,No,No,29.5,180000000.0,,No,Yes,Yes,Yes,Yes,Yes,Yes
2,LELEcoin,LELE,Deceased,01/08/2018,Suddenly their twitter account name changed into PUBG_media.,Indonesia,120.0,30.0,2.3,No,No,Utility,0.07,No,No,No,6.0,100000000.0,0.1,No,Yes,Yes,Yes,Yes,Yes,Yes
1,LEXIT,LXT,,,,Estonia,103.0,,3.4,Yes,Yes,Utility,0.1929,Yes,Yes,Yes,24.0,160000000.0,0.5,Yes,Yes,Yes,Yes,Yes,Yes,Yes
1,Lampix,PIX,,,,USA,9.0,,3.0,Yes,Yes,Utility,0.256,No,No,No,13.0,550000000.0,0.5,Yes,Yes,Yes,Yes,Yes,Yes,missingData
2,LeadCoin,LDC,Deceased,26/11/2018,lead sharing coin no activity since October,Gibraltar,10.0,,3.5,Yes,Yes,Utility,0.0453,No,Yes,No,16.5,,0.5,No,Yes,Yes,Yes,Yes,Yes,Yes
1,Ledgit,LDG,,,,Singapore,31.0,127.0,2.3,Yes,Yes,Utility,0.09,Yes,Yes,No,9.0,500000000.0,0.33,Yes,Yes,Yes,Yes,Yes,Yes,Yes
1,Lemmon,LMN,Deceased,11/03/2019,"Lemmon positioned itself as the first financial network to bring together a stable Lending system, an operational trading strategy and a physical device. The Lending platform was supposed to be based on exclusive ""DNA Trading strategy"" and offer realistic and stable interest rates.",Germany,30.0,,1.9,Yes,Yes,Utility,0.001,No,No,No,0.0,15960000.0,0.76,Yes,Yes,Yes,Yes,Yes,No,Yes
1,Lendingblock,LND,,,,UK,7.0,7.0,3.1,Yes,Yes,Utility,0.02,Yes,Yes,No,9.0,100000000.0,0.1,Yes,Yes,Yes,Yes,Yes,Yes,Yes
1,LevelApp,LVL,,,,Estonia,30.0,,2.9,Yes,Yes,Utility,0.0079,Yes,Yes,Yes,4.0,2601000000.0,0.51,Yes,Yes,Yes,Yes,Yes,Yes,Yes
2,Linkeye,LET,Deceased,16/01/2019,The operations team seems to be disbanding,Singapore,82.0,,2.2,Yes,Yes,Utility,0.0427,No,No,No,5.0,700000000.0,0.7,No,Yes,Yes,Yes,Yes,Yes,Yes
1,Live Stars,LIVE,Scam,27/02/2019,"Live Stars is the world’s first webcam platform in the online adult entertainment industry that is using blockchain technology to fundamentally upgrade the system and to solve its main problems.Live Stars is a fundamentally new platform with different business model based on the exclusion of intermediaries and automating all the processes.Implementation of the smart contracts in the business logic and financial platform segment provides for a more effective, safe, and convenient interaction between users, models, affiliates, and the platform itself.",Latvia,31.0,30.0,3.0,Yes,Yes,Utility,0.2,No,No,No,0.0,25000000.0,,Yes,Yes,Yes,Yes,Yes,Yes,Yes
1,Local World Forwarders,LWF,Deceased,25/11/2018,"Peer to Peer logistics over blockchain, lol",Italy,31.0,14.0,2.5,No,No,Utility,1.0,No,No,No,14.5,27000000.0,0.9,Yes,Yes,Yes,Yes,Yes,No,No
1,LockTrip,LOC,,,,Bulgaria,33.0,,3.1,Yes,Yes,Utility,0.522,No,No,No,20.0,,0.5,Yes,Yes,Yes,Yes,Yes,Yes,Yes
1,LoopX,LPX,Deceased,07/09/2018,"Scam lending platform, created erc20 token and post 'ico' sold in telegram scamming as many noobs as possible. FOMO classical lending platform scammers.",Germany,20.0,7.0,2.0,Yes,Yes,Utility,1.1,No,No,No,0.0,8200000.0,0.82,No,No,Yes,Yes,Yes,No,Yes
2,Lunyr,LUN,Deceased,14/01/2019,Developers do not contact the community. Communication channels are dead. Removed the roadmap from the site. The Lunyr app has been out of the air for weeks.,USA,30.0,,2.7,Yes,Yes,Utility,1.61,No,No,No,3.0,,,No,No,Yes,Yes,Yes,Yes,No
1,M2O,M2O,,,,Singapore,25.0,,2.4,Yes,Yes,Utility,1.6372,No,Yes,No,11.0,14000000000.0,0.4,Yes,Yes,Yes,Yes,Yes,Yes,Yes
1,MASS.cloud,MASS,Deceased,14/12/2018,refunded,China,13.0,,2.4,Yes,Yes,Utility,0.1566,No,No,No,4.0,13000000.0,,No,Yes,Yes,Yes,Yes,Yes,missingData
1,MCAP,MCAP,Scam,04/07/2018,this token was launched by Amit Bhardwaj. and scam with thousands people accross world,USA,10.0,,1.3,Yes,Yes,Utility,4.0,No,No,No,0.0,,,No,No,Yes,No,Yes,No,No
1,MFChain,MFX,Scam,19/03/2019,"No updates or answers of community questions through social media or email since ICO was finished in December 2018, their website is broken and you can't register, no exchanges, they turned telegram channel into announcements only.Unofficial MFChain telegram: https://t.me/ModernFinanceChain",Saint Kitts and Nevis,61.0,87.0,3.6,Yes,Yes,Utility,0.0247,Yes,Yes,No,16.5,251000000.0,0.57,Yes,Yes,Yes,Yes,Yes,Yes,Yes
1,MIB,MIB,,,,Singapore,90.0,6.0,2.0,No,No,Utility,0.5,Yes,Yes,No,9.0,85000.0,0.085,Yes,Yes,Yes,Yes,Yes,Yes,Yes
1,Maecenas,ART,,,,UK,31.0,,2.4,Yes,Yes,Utility,0.6448,No,No,No,8.0,30000000.0,,Yes,Yes,Yes,Yes,Yes,Yes,Yes
1,Magos,MAG,Scam,28/07/2019,A million dollar scam - raising money for AI enhanced sports betting.https://steemit.com/magos/@nighthawk888/the-million-dollar-magos-io-and-aio-network-scam,Unknown,45.0,,2.0,Yes,Yes,Utility,0.1518,No,No,No,7.0,38595000.0,0.77,No,Yes,Yes,No,No,No,Yes
1,Matchpool,GUP,,,,Israel,2.0,,2.9,Yes,Yes,Utility,0.095,No,No,No,7.0,,,No,No,Yes,Yes,Yes,Yes,Yes
1,Mediex,MDX,,,,UK,222.0,,2.2,Yes,Yes,Utility,0.011,No,No,No,5.5,370000000.0,0.74,Yes,Yes,Yes,No,Yes,Yes,missingData
1,MeeTip,MTIP,Deceased,01/07/2019,"MeeTip is a cryptocurrency that will be used into OutMySphere in order to offer drinks to your soulmate or to your friends and tip the employee of your choice. Out My Sphere is a mobile app allowing to know instantly the crowd in bars, restaurants, nightclubs, coffees, casinos and fitness gyms.But from 2017, this coin never give an update about their apps. They says error configutation on their blockchain app, but no prove about the proccess.",France,28.0,7.0,2.7,Yes,Yes,Utility,1.13,No,No,No,5.0,27000000.0,0.9,Yes,Yes,Yes,Yes,Yes,No,Yes
1,Menapay,MPAY,,,,United Arab Emirates,61.0,,3.7,Yes,Yes,Utility,0.165,Yes,Yes,Yes,45.0,256000000.0,0.64,Yes,Yes,Yes,Yes,No,Yes,Yes
1,MicroMoney,AMM,,,,Cambodia,31.0,,3.7,Yes,Yes,Utility,1.0,No,No,No,31.5,60000000.0,,Yes,Yes,Yes,Yes,Yes,Yes,Yes
1,Miracle Tele,TELE,,,,Czech Republic,365.0,,3.4,Yes,Yes,Utility,0.1502,No,No,Yes,10.5,150000000.0,0.5,Yes,Yes,Yes,Yes,Yes,Yes,Yes
1,MobileGo,MGO,Scam,30/07/2018,Confirmed scam operated by Sergey Sholom & Maxim Sholom. Exposed by Jack Kuveke in AMA: https://www.reddit.com/r/GameCredits/comments/92warz/jack_kuveke_july_30th_transparency_ama/,USA,30.0,,2.6,Yes,Yes,Utility,0.76,No,No,No,8.0,,,No,No,Yes,Yes,Yes,No,Yes
1,ModulTrade,MTRC,,,,UK,63.0,56.0,4.1,Yes,Yes,Utility,1.57,No,No,No,19.0,40000000.0,,Yes,Yes,Yes,Yes,Yes,Yes,Yes
1,Monetha,MTH,,,,Lithuania,0.0,,3.0,Yes,Yes,Utility,0.19,No,No,No,15.5,200000000.0,,Yes,Yes,Yes,Yes,Yes,Yes,Yes
1,Mossland,MOC,,,,Estonia,28.0,13.0,2.6,Yes,Yes,Utility,0.0513,Yes,Yes,No,16.5,250000000.0,0.3,No,Yes,Yes,Yes,Yes,Yes,Yes
1,Mothership,MSP,,,,Estonia,14.0,,2.3,Yes,Yes,Utility,0.0373,No,No,No,7.5,200000000.0,,No,No,Yes,Yes,No,Yes,No
1,Mycro,MYO,,,,Germany,9.0,180.0,4.1,Yes,Yes,Utility,0.25,No,Yes,Yes,25.0,11000000.0,0.11,No,Yes,Yes,Yes,Yes,Yes,Yes
1,NAGA,NGC,,,,USA,14.0,7.0,4.0,Yes,Yes,Utility,1.0,No,No,No,26.5,220000000.0,0.55,Yes,Yes,Yes,Yes,Yes,Yes,Yes
1,NPER,NPER,,,,South Korea,12.0,7.0,3.6,Yes,Yes,Utility,0.2,No,Yes,No,14.5,45000000.0,0.2,Yes,Yes,Yes,Yes,Yes,Yes,No
1,Nametoken,NAT,Deceased,24/03/2019,"No update since more then a year on Homepage. Hompage partly not working. FB no Newshttps://www.facebook.com/nametoken/https://etherscan.io/token/0x22467d25320dda37f254b0f56309c2bce673ba62https://www.linkedin.com/in/jens-peterssen-5704a928/ (Still CEOhttps://bitcointalk.org/index.php?topic=2060362.new#newIts not a scam, but just no work done anymore.",Seychelles,59.0,,2.9,Yes,Yes,Utility,1.0918,No,No,No,8.0,98000000.0,0.9,No,Yes,Yes,Yes,Yes,No,missingData
1,Nami.Trade,NAC,,,,Vietnam,58.0,91.0,2.4,Yes,Yes,Utility,0.175,No,No,No,6.0,,0.5,Yes,No,Yes,Yes,Yes,Yes,Yes
1,Napoleon X,NPX,,,,France,37.0,,3.75,Yes,Yes,Utility,0.87,No,No,No,18.5,50000000.0,0.7,Yes,Yes,Yes,Yes,Yes,Yes,Yes
2,Natcoin,NTC,,,,Indonesia,31.0,,1.1,Yes,Yes,Utility,0.8,No,No,No,0.0,5000000.0,,No,Yes,Yes,Yes,Yes,Yes,No
1,Natmin,NAT,,,,Australia,121.0,32.0,4.3,Yes,Yes,Utility,0.1,No,Yes,Yes,14.0,240000000.0,0.6,No,Yes,Yes,Yes,Yes,Yes,Yes
1,Naviaddress,NAVI,,,,Cayman Islands,30.0,30.0,4.0,Yes,Yes,Utility,0.05,No,No,No,18.0,400000000.0,0.4,No,Yes,Yes,Yes,Yes,Yes,Yes
1,Nebula AI,NBAI,,,,Canada,20.0,,3.25,Yes,Yes,Utility,0.0058,Yes,Yes,No,13.0,,,Yes,Yes,Yes,Yes,Yes,Yes,Yes
2,Nimfamoney,NIMFA,Deceased,29/05/2018,"Quoting the dev boy:So why to stop it?Because on practice the NIMFA-tokens cryptoleverage was working only on a bullish market & as a founder & CEO I want to build a sustainable organization with a business model that doesn’t depend on the market’s circumstances.Why start from the scratch?My bad: I haven’t used a vesting model and Nimfamoney’s developers were selling their NIMFA tokens as hell while I was spending all the funds on marketing (marketing which lead to the growth from $0.05 per 1 NIMFA in November 2017 to $20.13 on January, 14).""",Russia,32.0,,2.8,Yes,Yes,Utility,2.7525,No,No,No,2.5,,,No,No,Yes,Yes,Yes,Yes,Yes
1,Nimiq,NIM,Scam,13/01/2019,"Being an ICO investor and holding my coins for over a year and a half I decided to do some analyzes behind the nimiq. After reading some of the other users complains and some of their findings about NIMIQ project, I decided today to spend a couple of hours to create a comprehensive list of information that indicates that NIMIQ is doing a scam operation that sounds legit to some.1. Nimiq was not registered as a legal entity during the entire period of the Initial Token Offer (ITO). So, Nimiq Team was NOT registered during the fundraising with the Initial Coin Offering (although they were selling tokens). Moreover, during the entire ICO period, they didn't have any KYC. Only after the ICO ended, they created a foundation and hired a company to be in charge with the process of KYC to convert the NET (Nimiq Exchange Token) to NIM the coin. They have registered the foundation in a special place in Switzerland to allow them to move the funds without publishing any information about the foundation and in which ways they were incorporated. By this time, nobody except them doesn't know the board of the Nimiq Foundation. Information like who is in the foundation, who administrates the foundation, how many people are in the foundation, who is in charge, how much funds did they declare, who is paying who. Is the Costa Rican villa administrated by the Swiss Nimiq Foundation? All these questions were never answered by them. Everything is total shady about their foundation being registered in Switzerland. [u]I repeat again that the foundation was created a half a year after the ICO was ended and the 12.8 million dollars were collected[/u]Because the Foundation was registered after many months of the ICO period, and the KYC was started in January 2018, an ICO refunding can be done on Nimiq and SEC can commit Class actions against them individually. Basically, they ICO smart contract was developed by some individuals and the entire process was directly handled by these people: Robin Linus, Elion Chin (their investor), Philipp von Styp-Rekowsky,  Pascal Berrang, Marvin Wissfeld and Ricardo Barquero.Moreover the domain nimiq.com was a Real Estate company owned by Elion Chin and some users on telegram posted web archive proofs about this claim. They never explained how they got the domain nimiq.com [url]https://web.archive.org/web/20101001032656/http://www.nimiq.com:80/[/url]2. Beside the ICO, they even pre-mined about 7.5% of the entire network vesting it into 3 addresses.A) Foundation3. The biggest issue I see in the project is that they declare that 2.5% of the premine goes to ImpactX Charity Foundation. Nobody and they never published what is ImpatX Charity Foundation. We don't know if the ImpactX charity exists, who decided that the funds should go to ImpactX and not to OUR KIDS FOUNDATION. Is ImpactX Charity Foundation registered? Who administrated it ? I believe the 2.5% charity foundation was just another ""nice"" lie to hide the fact they will keep another 2.5% of the funds to themselves that this ""ImpactX Foundation"" doesn't exist and it will never exist. Moreover, they never explained who the Foundation, ImpactX and Early contributors own the vesting about? Is it a single owner or is it a multi-signature wallet? Is the private key owned by whom? Robin, Richy, Elion or by who?4. Another scam point is that they declared in their transparency report that they invested 1.1 million dollars into ""real estate"". They never explained this. It looks like the Foundation paid 1.1 million dollars from the ICO directly to Elion Chin  (who owned the Costa Rican villa and also had a Real Estate company called nimiq and the domain nimiq.com was owned by him). So, probably they paid Elion Chin over a million dollar for a 2 store mansion in Costa Rica. This is definitely not a wise direction, but they never explained what the 1.1 million dollar investment from the ICO money means.5. Another major lie was back in Jully when people started to question that Robin has left the project. After some time, Richy started to create a lie that Robin was ""starting to work on research about scalability"". Absolutely no news and no information was given by Robin for over 6 months. Robin Linus's last medium post and last video appearance are in May 2018. For over 7 months, they continued to lie and Robin was never seen in the project. A lot of concerns started to appear last week when people decided to question Richy lie that Robin Linus was indeed working in the project. They started to say that Robin was not the founder of the project and that his involvement was not that much as Nimiq was a team project. By using this message, their community admins and Richy was trying to remove Robin from the project forever.Last night Robin decided to write a message on telegram regarding his involvement in the project. It definitely shows that Nimiq has a internal ""fight"" over the leadership of the project and probably who is in charge of the project ICO money. Moreover, they also knew and acknowledged that the ICO investors lost more than 95% of the money. It looks that Robin decided after 7 months to whistleblow that the project is a total failure and they need to tell the truth to the ICO investors about their huge failure.[quote]So let’s face the truth: There have been lots of rumors around Nimiq and we understand the dissatisfaction. Since the ICO our investors have lost almost all their money. Even in comparison to BTC we are down 95%. According to the ranking on coinmarketcap we fell from ~250th to ~600th place in one year. Long story short: we failed to fulfill our potential.Now the best way forward is to be honest with ourselves and in particular with you.We are working hard on resolving internal disputes regarding necessary changes and our way forward. It has been quite a grind so far because lots of different opinions and emotions are involved. Now to terminate our process we commit to make an official statement by Sunday night.Let’s work together to unfold Nimiq’s full potential and let’s make 2019 the year of Nimiq![/quote]6. Another major problem of the team is that according to their team reports' without taking in consideration their 1.1 million dollar mansion in Costa Rica in July'18 they had about 10 million dollars. Their burning rate was only $250,000 per month in July'17.  Probably the burning rate at the moment is higher than $350,000 and they would have only 5 million USD. It means the project would have funds to survive just for another 12 months. When the project will become broke most (if not all) of the leave the project and probably the entire network will shut down and be closed. They argue it is a decentralized project. This is not true. If it would be a decentralized network it means they would not require to have a full time network guy to watch the network and maintain it. When the seed nodes were offline the nimiq.com network was also down for many hours. Transactions couldn't be processed and synchronization couldn't be done. If they run out of money, the NIM will be worthless of value 0 and the website nimiq.com will get closed. It will closed exactly like the previous Real Estate website nimiq.com6. Nimiq raised over 12 million dollar during the ICO period in the summer back then. During the ICO they were presenting Nimiq as a ""ready to go"" blockchain, but in fact, everything presented in their demo during the ICO period was totally broken. Their demo was not even a blockchain in the real sense and this is the reason why it took them another year to create a completely new blockchain from scratch. After the demo, initially, they were trying to clone cryptonite blockchain with Mini Blockchain, but after some time they discovered another paper called Non-Interactive Proofs of Proofs of work and they decided to stick with a complete model that was not developed or built by them.7. Nimiq never published any official white paper. Their only ""white paper"" is a medium article that described ""how cool would be a Browser based blockchain"", but intentionally forgetting about describing any kind of technology advantages or breakthrough. As explained in 2. they solutions of cloning the code of cryptonite was later discovered and then switched to NIPOPOW, although the entire team didn't have any kind of clue about the direction of the project or its technology. There is fundamentally no innovation into this project. Nim is just some good story marketing convinced a bunch of people to believe it is a ground-breaking technology while simply it is isn't.8. At the moment over 70% of the mining is centralized in a Chinese Mining Pool named SkyPool. The vulnerability of 50%+1 is real from the day of launch. Since day 1 of the Nimiq Blockchain SkyPool anytime can attack the network with 50%+1 attacks.9. ICO Investors lost over 95% of the investment. This lose is not to fiat, but even to Bitcoin parity. Interesting is that the entire Blockchain market is worth ~2 million dollars, while the project still has 8 million dollars from the ICO funds. Why are they not interested in their ecosystem while they have 4 times more money than their entire project and community.11. Most of the community is gone and they never look back. There are just barely 50 people involved in their project channel groups namely Telegram and Discord. Most of these are miners who are interesting to make some activity in their channels in order to dump the NIM coin on the market.12.  Censorship is at its high. You get an instant ban if you post a simple question about their foundation structure or about their funding. Immediately, like in seconds an ""admin"" on their telegram or discord will gonna ban you and remove all your messages. They call this a fight against FUD. They accuse users to be others and ban innocent people",Sweden,10.0,,2.75,Yes,Yes,Utility,1.4038,No,No,No,13.0,10500000.0,,No,Yes,Yes,Yes,Yes,Yes,No
2,Nitro,NOX,Scam,02/07/2018,A scam for spruiking up share price of company creating this.,Hong Kong,26.0,4.0,3.2,Yes,Yes,Utility,0.967,No,No,No,13.5,,,No,Yes,Yes,Yes,Yes,Yes,Yes
1,OLXA,OLXA,,,,Germany,85.0,16.0,2.5,Yes,Yes,Utility,0.012,No,No,No,8.0,1500000000.0,0.58,Yes,Yes,Yes,Yes,Yes,Yes,Yes
1,ONO,ONOT,,,,China,365.0,,2.2,Yes,Yes,Utility,0.00055,No,Yes,No,9.0,,,No,No,Yes,Yes,Yes,Yes,Yes
1,ONZ Coin,ONZ,,,,Hong Kong,27.0,,2.7,Yes,Yes,Utility,0.0414,No,No,No,10.0,,0.75,Yes,Yes,Yes,Yes,Yes,Yes,Yes
2,OX Fina,OX,,,,Belize,30.0,,2.4,Yes,Yes,Utility,0.0671,No,No,No,0.0,1000000000.0,0.5,No,Yes,Yes,Yes,Yes,Yes,No
2,Obsidian,ODN,Scam,07/06/2019,"The result of an elaborate ICO Scam. Perpetrated by the oroginal core team of Jordan Schneider aka Sagemark; after making money scamming people woth Worldcoin and Takcoin (DYOR) sagemark teamed up with a German developer name Claus (Blackstone) and a few other bad actors named Alan and Shad. They bilked investors with the promise of a blockchain based private messenger which none of them had the ability to build. After the successful ICO they quickly formed stratis (paid Dan Gershony massive amount cause again, they’re not blockchain devs) then proceeded to PUMP and shill for months. Never building anything but promises. The distribution from ICO have them 60% of the 100kk supply. CMC was given lies for supply that still to this day have not been corrected. And then after all this they went silent. Disappeared. Only sign of them was constantly dumping Odn in market sells on Cryptopia. Millions of dumps. Driving the price to less than nothing. All the investors were left with useless bags. ODN and the team behind it are the epitome of the ICO scams of 2017",UK,14.0,,2.9,No,No,Utility,0.1519,No,No,No,5.0,29400000.0,0.3,No,Yes,Yes,Yes,Yes,Yes,missingData
1,On.Live,ONL,,,,UK,31.0,37.0,3.7,Yes,Yes,Utility,0.676,No,No,Yes,14.0,73270000.0,0.55,Yes,Yes,Yes,Yes,Yes,Yes,Yes
2,Opus,OPT,Scam,22/01/2019,ripped off everbody.Currently enjoying profits in London while winding down company(Nextrope) which recived ico monies,United Arab Emirates,31.0,,2.9,Yes,Yes,Utility,0.04,No,No,No,11.0,900000000.0,,No,Yes,Yes,Yes,Yes,Yes,missingData
1,Origami Network,ORI,,,,France,31.0,7.0,3.55,Yes,Yes,Utility,0.086,Yes,Yes,No,3.0,30000000.0,0.7,Yes,Yes,Yes,Yes,Yes,Yes,Yes
1,PARKGENE,GENE,Scam,03/07/2018,"This is a pure SCAM. They say the have users but no one has used it. After doing some research to ""participating"" car parks in Greece none of them have received ANY bookings from ParkGene or ParkGuru. I actually called them and asked them. The partnership has been ""running"" for 1 year and they have received 0 bookings.They also did an ICO with 0,1 USD / coin and right after the price dropped 90%. Classic example of pump and dump.But again the most important thing is they have 0 business while claiming 50K users. They also claim to have millions of parking spaces while they use an API from parkopedia to show that data.Anyone who invested in them should loose their money as with the simplest due diligence you could spot them. In any case there you have it. Consider yourselves warned.",Singapore,63.0,,3.3,Yes,Yes,Utility,0.1,No,Yes,Yes,11.0,350000000.0,0.35,No,Yes,Yes,Yes,Yes,Yes,Yes
1,PARQ,PARQ,,,,Netherlands,303.0,92.0,3.8,Yes,Yes,Utility,0.08,No,Yes,No,17.0,250000000.0,0.3,Yes,Yes,Yes,Yes,Yes,Yes,Yes
1,PM7,PM7,Scam,05/08/2018,"It´s a ponzi scheme, tthey tell people to invest, then they promise a bonus if the person get more people to invest, and at the end they just run with the money",UK,77.0,,3.2,Yes,Yes,Utility,0.05,No,No,No,12.0,500000000.0,0.5,No,Yes,Yes,Yes,Yes,No,Yes
1,PORNX,PORNX,Scam,28/08/2018,Scam Scam Scam,Singapore,60.0,14.0,3.1,Yes,Yes,Utility,0.224537659,Yes,No,No,12.5,238000000.0,0.7,Yes,Yes,Yes,Yes,Yes,Yes,Yes
1,PUBLISH,NEWS,,,,Unknown,4.0,,2.55,Yes,Yes,Utility,0.01,No,No,No,37.5,3000000000.0,0.6,Yes,Yes,Yes,Yes,Yes,Yes,Yes
2,PayFair,PFR,Deceased,04/07/2018,"Payfair tried to be a decentralized Escrow platform and p2p exchange but volume is 0 or very small for a huge period of time now. Team is from Russia and nobody on the team speaks solid English, it dropped almost 90%. It is dead or barely alive",Russia,29.0,29.0,1.8,Yes,Yes,Utility,,No,No,No,5.5,66000000.0,0.66,Yes,No,Yes,Yes,Yes,Yes,Yes
2,Paycent,PYN,Deceased,28/08/2018,Coin does nothing,Singapore,28.0,,3.0,Yes,Yes,Utility,0.757,No,No,No,23.5,,,No,Yes,Yes,Yes,Yes,Yes,Yes
1,Pecunio,PCO,,,,United Arab Emirates,31.0,,4.2,Yes,Yes,Utility,1.5,No,Yes,No,13.0,30000000.0,0.3,No,Yes,Yes,Yes,Yes,Yes,Yes
1,Perlin,PERL,,,,Singapore,1.0,18.0,3.7,Yes,Yes,Utility,0.0774,No,Yes,No,7.0,580968360.0,0.5623,No,Yes,Yes,Yes,Yes,Yes,Yes
1,Pibble,PIB,,,,Singapore,14.0,12.0,3.0,Yes,Yes,Utility,0.0026,Yes,Yes,Yes,21.0,9000000000.0,0.3,No,Yes,Yes,Yes,Yes,Yes,Yes
1,PingPaid,PPD,Deceased,19/03/2019,"Well, don't know for sure if  it's dead or not, but on their website it's still saying the Q3 of 2018 is their ""Current"" period.  Also it's worth almost less than nothing.",Bahamas,91.0,,2.6,Yes,Yes,Utility,0.2054,Yes,Yes,Yes,9.0,60000000.0,,Yes,Yes,Yes,Yes,Yes,No,Yes
2,Plancoin,PLAN,Deceased,23/11/2018,Exit Scam- Lending ICO.,Singapore,30.0,5.0,2.3,No,No,Utility,0.6,Yes,Yes,No,0.0,6100000.0,0.17,No,No,Yes,Yes,Yes,Yes,Yes
1,Play2Live,LUC,Scam,15/02/2019,fud. scamers!,Malta,21.0,14.0,4.1,Yes,Yes,Utility,0.05,No,No,No,19.0,1308800000.0,0.625,Yes,Yes,Yes,Yes,Yes,No,Yes
1,PlayChip,PLA,Deceased,25/11/2018,Dead on arrival.https://insolvencynotices.asic.gov.au/browsesearch-notices/notice-details?notice=1851916c-e07a-4c67-9825-b40de1d72bf4,Australia,1.0,152.0,3.7,Yes,Yes,Utility,0.01,No,Yes,Yes,0.0,3750000000.0,0.5,Yes,Yes,Yes,Yes,Yes,Yes,Yes
1,PlayCoin,PLY,,,,Hong Kong,37.0,87.0,2.75,No,No,Utility,0.33,Yes,Yes,No,17.0,100000000.0,0.1,Yes,Yes,Yes,Yes,Yes,Yes,Yes
2,Playkey,PKT,Scam,14/01/2019,Playkey is constantly expanding deadlines. Alfa version of playkey decentralized platform that should be in place early 2018 is not there yet. PKT token has lost 97% of its ICO value. One of the examples proving that PKT is scam https://www.reddit.com/r/Playkey/comments/ab5d2q/roadmap_have_changed_again_anyone_is_impressed/,Russia,30.0,24.0,3.25,Yes,Yes,Utility,1.76,No,No,No,13.0,60000000.0,0.6,No,Yes,Yes,Yes,Yes,Yes,Yes
1,Po.et,POE,,,,Singapore,28.0,,2.85,Yes,Yes,Utility,0.0032,No,No,No,9.0,3141592653.0,0.5,Yes,Yes,Yes,Yes,Yes,Yes,No
1,Polybius,PLBT,Scam,03/07/2018,polybius is a scam. Its price is on the floor. Many of us can not even move our tokens to any of the 2 exchanges that have it listed. Get away from this coin since your team is related to emercoin and hashcoin.,Estonia,30.0,,2.8,Yes,Yes,Utility,10.0,No,No,No,11.0,20000000.0,,No,No,Yes,Yes,Yes,No,Yes
2,Populous,PPT,,,,UK,0.0,30.0,2.6,Yes,Yes,Utility,248.0,No,No,No,5.0,53252246.0,,No,Yes,Yes,Yes,Yes,Yes,missingData
1,Primas,PST,,,,Singapore,14.0,,3.4,Yes,Yes,Utility,0.3758,No,No,No,5.5,100000000.0,0.29,No,Yes,Yes,Yes,Yes,Yes,Yes
1,Privatix,PRIX,,,,Israel,28.0,14.0,3.2,Yes,Yes,Utility,3.3032,No,No,No,12.5,10000000.0,0.8,Yes,Yes,Yes,Yes,Yes,Yes,Yes
1,Prover,PROOF,,,,British Virgin Islands,60.0,,2.9,Yes,Yes,Utility,0.01,No,No,Yes,8.0,2.26e+16,0.5,Yes,No,Yes,Yes,Yes,Yes,Yes
2,Publica,PBL,Deceased,12/03/2019,Daily volume hovering around zero.,USA,15.0,12.0,3.4,Yes,Yes,Utility,0.1,No,No,No,25.0,510000000.0,0.51,Yes,Yes,Yes,Yes,Yes,Yes,Yes
1,Pylon Network,PYLNT,,,,Spain,20.0,8.0,2.8,Yes,Yes,Utility,1.7877,No,No,No,20.0,3250000.0,0.87,No,No,Yes,Yes,Yes,Yes,Yes
1,QWASDER,QWS,Deceased,21/07/2018,"Failed and exitscam. This was the relaunch of the styras ICO. After ICO no development at all, they used all collected funds to pay for Yobit listing and then disappeared (all social media removed), only leaving a note on their website stating the project failed. Instead of refunding ICO investors, Team went for Yobit listing and then probably dumped all tokens they had.",Switzerland,41.0,32.0,3.0,Yes,Yes,Utility,0.1719,No,Yes,Yes,8.0,130000000.0,0.65,Yes,Yes,Yes,Yes,Yes,No,Yes
2,Qvolta,QVT,Deceased,24/10/2018,Team mismanaged product launch and their product didn't work properly. Coin value then travelled to effectively $0 and was delisted from almost all exchanges. Their product (P2P exchange) was later taken offline and replaced with a marketing landing page for a completely different concept that had no relation to their coin any more.No word from team in months and no activity on social media in months either.Coin never had an effective use case and never will. Completely dead.,Singapore,10.0,14.0,2.9,Yes,Yes,Utility,0.3031,No,No,No,4.0,18000000.0,0.8,No,Yes,Yes,Yes,Yes,Yes,Yes
1,RAVELOUS,RAVE,,,,Netherlands,28.0,,2.9,Yes,Yes,Utility,0.1981,No,No,No,6.5,50000000.0,0.5,Yes,Yes,Yes,Yes,Yes,Yes,Yes
1,REDi,REDi,,,,Singapore,,,3.05,Yes,Yes,Utility,3229.17602,Yes,Yes,No,22.0,,0.3,Yes,Yes,Yes,Yes,Yes,Yes,Yes
1,REGA,RST,,,,Russia,71.0,29.0,3.5,Yes,Yes,Utility,73.39,No,No,No,8.0,1500001.0,0.5,Yes,Yes,Yes,Yes,Yes,Yes,Yes
1,Rapidz,RPZX,,,,Switzerland,30.0,,2.6,No,No,Utility,,No,No,No,13.5,,,No,Yes,Yes,Yes,Yes,Yes,Yes
1,Redchain,RCH,Scam,18/01/2018,"After ICO was over, twitter, website and all connections were shut down, all money stolen.",Serbia,7.0,,2.0,Yes,Yes,Utility,0.3863,No,No,No,0.0,12000000.0,0.375,No,Yes,Yes,Yes,Yes,No,Yes
1,RefToken,REF,,,,Malta,30.0,15.0,2.8,Yes,Yes,Utility,14.0,No,No,No,8.0,21000000.0,0.42,Yes,Yes,Yes,Yes,Yes,Yes,Yes
1,Refereum,RFR,Scam,23/06/2018,Scam coin,USA,28.0,,3.25,Yes,Yes,Utility,0.01,Yes,Yes,No,12.0,2500000000.0,0.5,No,No,Yes,Yes,Yes,No,Yes
1,Relest,REST,Deceased,14/12/2018,Dead. No activity since jan 2018. https://bitcointalk.org/index.php?topic=2059832.920,Kazakhstan,61.0,,2.9,Yes,Yes,Utility,1.06,No,No,No,3.0,,0.7,Yes,No,Yes,Yes,Yes,Yes,Yes
1,Render Payment,RPM,,,,USA,46.0,,2.4,Yes,Yes,Utility,0.25,No,No,No,7.0,400000000.0,0.4,No,No,Yes,Yes,Yes,Yes,missingData
1,Request Network,REQ,Deceased,08/01/2019,Absolute dogsh*t. whole team abandoned development and marketing. Bagholders gripping for dear life. team does nothing but eat and travel on investor funds.would like to see a class action.,Germany,4.0,,3.65,Yes,Yes,Utility,0.0632,No,No,No,7.0,500000000.0,,No,Yes,Yes,Yes,Yes,Yes,Yes
1,RightMesh,RMESH,,,,Switzerland,1.0,,2.95,Yes,Yes,Utility,1.0,Yes,Yes,No,23.0,38850000.0,,No,Yes,Yes,Yes,Yes,Yes,Yes
2,Royal Kingdom Coin,RKC,,,,United Arab Emirates,32.0,,3.0,Yes,Yes,Utility,0.1,No,No,No,9.0,3000000.0,0.2,No,Yes,Yes,Yes,Yes,Yes,missingData
1,RusGas,RGS,,,,Russia,55.0,13.0,2.7,Yes,Yes,Utility,0.03,No,No,Yes,6.0,6000000000.0,0.6,Yes,Yes,Yes,Yes,Yes,Yes,Yes
1,SAMFIns,SAM,Scam,03/01/2019,"Never was listed on an exchange, team stopped posting on twitter.",Unknown,29.0,1.0,2.3,Yes,Yes,Utility,0.3,No,No,No,0.0,200000000.0,0.5,No,No,Yes,Yes,Yes,Yes,Yes
2,SENSE,SENSE,Scam,31/05/2019,They took Etherium from people and sent Sense tokes which will be used in the future on their platform.https://sensetoken.com/,USA,14.0,19.0,3.45,Yes,Yes,Utility,0.1,No,No,No,11.0,,0.25,No,No,Yes,Yes,Yes,Yes,Yes
1,SESSIA,KICKS,,,,USA,3.0,137.0,4.1,Yes,Yes,Utility,,No,Yes,Yes,15.5,94684513.0,0.75,Yes,Yes,Yes,Yes,Yes,Yes,Yes
1,SGPay,SGP,,,,Singapore,30.0,13.0,2.7,Yes,Yes,Utility,0.5,No,Yes,No,12.0,8000000.0,,Yes,Yes,Yes,Yes,Yes,Yes,Yes
2,SISA,SISA,Deceased,06/07/2018,Strategic Investments in Significant Areas (SISA) is a platorm built on a unique business model which enables individual investors to participate in a pooled fund to make strategic investments in interesting new projects in diversified fields.,India,30.0,30.0,3.0,Yes,Yes,Utility,0.225,No,No,No,4.5,50000000.0,,No,No,Yes,Yes,Yes,Yes,No
1,SKinCoin,SKIN,,,,Russia,30.0,,1.5,Yes,Yes,Utility,0.0361,No,No,No,6.0,600000000.0,,Yes,Yes,Yes,No,Yes,Yes,Yes
1,SONDER,SNR,,,,Lithuania,39.0,72.0,3.0,Yes,Yes,Utility,0.03,No,No,Yes,9.0,168000000.0,0.7,No,Yes,Yes,Yes,Yes,Yes,Yes
2,SONM,SNM,Deceased,26/09/2019,Exit scam. Proof can be found on reddit.,Russia,4.0,,2.95,Yes,Yes,Utility,0.5911,No,No,No,10.5,165680000.0,,No,Yes,Yes,Yes,Yes,Yes,Yes
1,SPINDLE,SPD,,,,UK,6.0,,3.75,Yes,Yes,Utility,0.23,Yes,Yes,No,11.5,6500000000.0,0.65,Yes,Yes,Yes,Yes,Yes,Yes,Yes
1,STK,STK,,,,Canada,14.0,13.0,2.6,Yes,Yes,Payment,0.2,No,No,No,14.5,550000000.0,0.55,Yes,Yes,Yes,Yes,Yes,Yes,Yes
1,Saifu,SFU,,,,Czech Republic,105.0,27.0,3.2,Yes,Yes,Utility,0.94,No,Yes,No,5.0,200000000.0,0.65,Yes,Yes,Yes,Yes,Yes,Yes,Yes
2,SandCoin,SND,Deceased,14/02/2018,Project is dead.,Russia,30.0,,2.6,Yes,Yes,Utility,1.35,No,No,No,4.0,3170000.0,,No,No,Yes,Yes,Yes,Yes,Yes
1,Save Environment Token,SET,,,,Netherlands,59.0,45.0,3.4,Yes,Yes,Utility,0.9,Yes,Yes,No,16.5,17000000.0,0.6,Yes,No,Yes,Yes,Yes,Yes,Yes
1,Scorum,SCR,,,,Belarus,28.0,,3.95,No,No,Utility,1.0,Yes,Yes,Yes,29.0,,0.93,No,Yes,Yes,Yes,Yes,Yes,Yes
1,Sentinel Chain,SENC,,,,Singapore,9.0,,4.0,Yes,Yes,Utility,0.08,No,Yes,No,22.0,200000000.0,0.4,Yes,Yes,Yes,Yes,Yes,Yes,Yes
1,Serenity,SRNT,,,,Estonia,41.0,15.0,2.7,Yes,Yes,Utility,0.081,No,No,No,22.0,3500000.0,0.85,Yes,Yes,Yes,Yes,Yes,Yes,Yes
1,Sharpe Capital,SHP,Deceased,22/10/2019,Team ran out of funds after they gambled away remaining funds,UK,83.0,7.0,3.4,Yes,Yes,Utility,0.47,No,No,No,13.0,,,No,Yes,Yes,Yes,Yes,Yes,Yes
1,Shipowner.io,SHIP,Scam,15/06/2019,They created a lot of marketing noise. claimed that they sold a million tokens and wiped off almost all their social media presence. They deleted their Telegram group. No activity anywhere since April 2018,UK,77.0,,2.8,Yes,Yes,Utility,1.47,Yes,Yes,No,14.0,825000000.0,0.55,Yes,Yes,Yes,Yes,Yes,No,Yes
2,Shivers,SHVR,Scam,05/07/2018,"No dev team, no github, no updates for months, promised a platform, no sign of any progress being made, no updates on twitter.",USA,58.0,,2.4,Yes,Yes,Utility,0.9658,No,No,No,3.5,160000000.0,0.8,No,Yes,Yes,Yes,Yes,Yes,missingData
1,Shping,SHPING,,,,Australia,29.0,9.0,4.1,Yes,Yes,Utility,0.01,Yes,Yes,No,20.5,,0.5,No,No,Yes,Yes,Yes,Yes,Yes
1,Skraps,SKRP,,,,British Virgin Islands,18.0,,2.9,Yes,Yes,Utility,0.45,No,No,Yes,12.0,66000000.0,0.6,Yes,Yes,Yes,Yes,Yes,Yes,Yes
1,SmartMesh,SMT,,,,Singapore,29.0,28.0,2.4,Yes,Yes,Utility,0.017,No,No,No,9.0,3141592653.0,,No,No,Yes,Yes,Yes,Yes,Yes
1,Sola,SOL,Deceased,01/07/2018,"The platform no longer disperses coins, still advertises as such. They stopped distribution so the coin value would stop falling; https://medium.com/solaplatform/changes-in-sol-model-e368d5973289",Lithuania,25.0,,3.7,Yes,Yes,Utility,0.1,No,No,No,12.0,50000000.0,0.6,Yes,Yes,Yes,Yes,Yes,No,Yes
1,SophiaTX,SPHTX,,,,Switzerland,10.0,,2.9,Yes,Yes,Utility,0.457,No,No,No,20.0,150000000.0,0.3,No,Yes,Yes,Yes,Yes,Yes,Yes
1,SpankChain,SPANK,,,,USA,1.0,,3.2,Yes,Yes,Utility,0.019,No,No,No,9.0,600000000.0,0.6,No,No,Yes,Yes,Yes,Yes,No
1,Spectiv,SIG,,,,USA,23.0,21.0,2.6,Yes,Yes,Utility,0.5,No,No,No,7.5,,0.6,No,Yes,Yes,Yes,Yes,Yes,No
1,Speed Mining Service,SMS,,,,Japan,14.0,25.0,2.2,Yes,Yes,Utility,237.488,No,No,No,4.0,150000.0,0.5,No,Yes,Yes,Yes,Yes,Yes,No
1,Starbase,STAR,,,,Japan,15.0,7.0,3.1,Yes,Yes,Utility,0.1,No,No,No,10.0,125000000.0,,No,Yes,Yes,Yes,Yes,Yes,No
1,Stockchain,SCC,,,,Singapore,3.0,,3.0,Yes,Yes,Utility,0.0107,Yes,Yes,Yes,18.0,10000000000.0,,No,Yes,Yes,Yes,Yes,Yes,Yes
1,StopTheFakes,STF,Scam,28/08/2018,"A dramatic story about a fresh scam from Moscow’s “silicon valley” with a whitepaper in Russian, a fake team and an undisguised attempt to cheat the Howey Test.",Czech Republic,31.0,19.0,4.0,Yes,Yes,Utility,0.23,Yes,Yes,Yes,17.5,20271000.0,0.7,Yes,Yes,Yes,Yes,Yes,Yes,Yes
2,Storiqa,STQ,Scam,03/01/2019,Scam,Hong Kong,62.0,,3.1,Yes,Yes,Utility,0.003,No,No,No,8.5,,,Yes,Yes,Yes,Yes,Yes,Yes,Yes
1,Storm,STORM,,,,USA,31.0,,2.1,Yes,Yes,Utility,0.0113,No,No,No,12.5,7500000000.0,,No,Yes,Yes,Yes,Yes,Yes,missingData
1,Stox,STX,Scam,31/10/2018,"ceo was resigined, there are no mod in the official telegram channel, team dump all their tokens. https://medium.com/@peretz.y",Gibraltar,2.0,,2.6,Yes,Yes,Utility,1.103,No,No,No,17.0,29600000.0,0.5,No,Yes,Yes,Yes,Yes,No,missingData
1,StuffGoGo,SGG,,,,USA,27.0,,2.7,Yes,Yes,Utility,0.0307,No,No,No,3.0,1000000000.0,,Yes,Yes,Yes,Yes,Yes,Yes,missingData
1,Suapp,SUT,,,,Nigeria,116.0,9.0,3.7,Yes,Yes,Utility,0.025,No,No,Yes,8.5,500000000.0,0.5,Yes,Yes,Yes,Yes,Yes,Yes,Yes
1,Substratum,SUB,Deceased,15/02/2019,Another network to allocate spare computing resources,USA,31.0,,2.5,Yes,Yes,Utility,0.0744,No,No,No,3.5,,,Yes,Yes,Yes,Yes,Yes,No,No
1,Suretly,SUR,,,,Russia,31.0,,2.1,Yes,Yes,Utility,30.932,No,No,No,4.0,,0.15,No,No,Yes,Yes,Yes,Yes,missingData
1,Sweetbridge,SWC,,,,Gibraltar,224.0,,2.6,Yes,Yes,Utility,3.99,Yes,Yes,No,24.5,65000000.0,0.65,No,Yes,Yes,Yes,Yes,Yes,Yes
1,SynchroLife,SYC,,,,China,28.0,,3.35,Yes,Yes,Utility,0.0022,No,No,No,7.0,55000000.0,,No,Yes,Yes,Yes,Yes,Yes,missingData
1,Synereo,AMP,,,,Israel,30.0,,1.9,No,No,Utility,0.19,No,No,No,0.0,,,Yes,No,Yes,Yes,Yes,Yes,No
1,TOKENOMY,TEN,,,,Indonesia,21.0,,3.25,Yes,Yes,Utility,0.2037,No,No,No,18.0,110000000.0,,No,No,Yes,Yes,Yes,Yes,Yes
2,TOKIA,TKA,,,,UK,101.0,,3.0,Yes,Yes,Utility,1.0,No,No,No,6.0,50000000.0,,No,No,Yes,Yes,Yes,Yes,Yes
1,TaTaTu,TTU,Scam,22/10/2018,Seems to be a scam. Airdrop was probably faked and trading volume appears to be fake.,Cayman Islands,19.0,,3.4,Yes,Yes,Utility,0.25,Yes,Yes,No,11.5,3700000000.0,0.57,Yes,Yes,Yes,Yes,Yes,No,Yes
2,Target Coin,TGT,Deceased,01/01/2019,Garbage Coin that promised to pay ETH Dividends and did for the first few months then had to become a utility coin and then faded away.,India,47.0,,2.4,Yes,Yes,Utility,0.0518,No,No,No,5.0,1340000000.0,0.67,No,Yes,Yes,Yes,Yes,Yes,missingData
1,Taylor,TAY,Scam,28/01/2019,A trading coin. First they said got 'hacked' and lost everyones Ethereum from the ICO and then they resurrected the coin but have since disappeared.,Estonia,29.0,,3.2,Yes,Yes,Utility,0.3928,Yes,Yes,Yes,19.0,7600000.0,0.76,Yes,Yes,Yes,Yes,Yes,Yes,Yes
1,TenX,PAY,Deceased,03/07/2018,"This project is doomed to fail. After a successful ICO, the project and promises made by the team failed miserably. The PAY token has completely no use other than speculating with it on exchanges. TENX is dead!",Singapore,0.0,,3.2,Yes,Yes,Utility,0.8701,No,No,No,7.0,,,No,Yes,Yes,Yes,Yes,No,No
2,TerraMiner,TRM,Scam,05/09/2018,"russian mining ico , scammed people took all money from during ico and paid nothing to the trm token holders",Bulgaria,30.0,,1.8,Yes,Yes,Utility,8.4,No,No,No,6.0,,,No,No,Yes,No,Yes,No,missingData
1,The Freedom Coin,TFC,,,,Thailand,29.0,23.0,3.5,No,No,Utility,2.875,No,Yes,No,7.0,6656250.0,0.26625,Yes,Yes,Yes,Yes,Yes,Yes,Yes
1,TheKEY,TKY,Scam,24/07/2019,"CEO Xueli Li,  is supposed to be Chinese Most outstanding entrepreneur in China 2017, however no 3rd Party confirmation exists.Mainnet and the ""1st real world usecase"" was supposed to be delivered December 2018 - until today ( July 2019 ) no smart contract execution on the NEO network, no blockchain, no wallet.Since ""new roadmap""  no milestone was achieved, or the milestones have been claimed to be achieved by ""paid for submission articles""  or ""awards"" neither awarded to THEKEY nor to Ebaonet (supposed to be the mother company). For none of the claims exists any 3rd party confirmation, only ""paid for submission articles""Until September 2018, the Telegram was handled by Africans. From September onwards, they disappeared.team wallet:Token holders are left behind with the wildest claims and speculation of government partnerships and the dream of becoming a millionaire by holding worthless token for which no use-case exists.Until today no development or other roadmap milestones for this blockchain were achieved!THEKEY is the textbook China Hustle in Crypto and a very creative fundraising Scam.",China,0.0,75.0,3.4,No,No,Utility,0.0426,Yes,Yes,No,12.0,5100000000.0,0.51,No,Yes,Yes,Yes,Yes,Yes,Yes
1,Thrive,THRT,,,,Malta,26.0,5.0,3.4,Yes,Yes,Utility,0.28,Yes,Yes,Yes,15.0,106000000.0,0.53,No,Yes,Yes,Yes,Yes,Yes,Yes
1,Tierion,TNT,,,,USA,1.0,,3.05,Yes,Yes,Utility,0.071,No,No,No,6.0,350000000.0,0.35,No,Yes,Yes,Yes,Yes,Yes,missingData
1,Time New Bank,TNB,,,,Singapore,5.0,,2.25,Yes,Yes,Utility,0.0203,No,No,No,9.0,2220000000.0,0.37,Yes,Yes,Yes,Yes,Yes,Yes,Yes
1,Tipper,TIPR,Scam,06/02/2019,know one has ever known who the founders are on any level.  CEO had no linked in profile.  Pure Exit SCAM,Panama,58.0,,2.2,Yes,Yes,Utility,0.25,No,Yes,No,14.0,200000000.0,,Yes,Yes,Yes,Yes,No,No,Yes
2,TokenPay,TPAY,Scam,13/10/2019,This is pure scam not paid to there bounty hunters and still doing scam you can search all details on bitcointalk forum.,British Virgin Islands,41.0,,3.2,No,No,Payment,6.0,No,No,No,10.5,14250000.0,0.648,No,Yes,Yes,Yes,Yes,Yes,Yes
1,TrakInvest,TRAK,,,,Singapore,27.0,50.0,3.7,Yes,Yes,Utility,0.8884,Yes,Yes,No,22.0,66000000.0,0.425,No,Yes,Yes,Yes,Yes,Yes,Yes
1,Tranium,TRM,,,,Nigeria,45.0,9.0,2.9,Yes,Yes,Utility,9.3e-06,No,No,Yes,8.5,6450000000.0,0.43,Yes,Yes,Yes,Yes,Yes,Yes,Yes
1,Transcodium,TNS,,,,UK,60.0,52.0,3.65,Yes,Yes,Utility,376.0,No,No,No,11.0,86400000.0,0.72,Yes,Yes,Yes,Yes,Yes,Yes,Yes
1,TravelBlock,TRVL,Scam,04/09/2019,Exit scam,Canada,30.0,42.0,3.35,Yes,Yes,Utility,0.14,No,No,No,14.0,600000000.0,0.4,Yes,Yes,Yes,Yes,Yes,No,Yes
1,TravelNote,TVNT,,,,Indonesia,12.0,7.0,3.0,Yes,Yes,Utility,0.1528,No,No,No,6.0,2000000.0,0.4,Yes,Yes,Yes,Yes,Yes,Yes,Yes
1,Traxia,TMT,,,,Switzerland,32.0,36.0,2.2,Yes,Yes,Utility,0.055,Yes,Yes,Yes,0.0,400000000.0,0.4,No,Yes,Yes,Yes,Yes,Yes,Yes
1,Typerium,TYPE,,,,UK,27.0,35.0,3.85,Yes,Yes,Utility,0.05,No,Yes,Yes,11.0,1000000000.0,0.5,Yes,Yes,Yes,Yes,Yes,Yes,Yes
1,UTRUST,UTK,,,,Switzerland,18.0,0.0,3.9,Yes,Yes,Utility,0.065,No,No,No,29.5,500000000.0,0.6,No,Yes,Yes,Yes,Yes,Yes,Yes
1,UUNIO,UUNIO,,,,Hong Kong,60.0,60.0,2.9,Yes,Yes,Utility,0.08,No,Yes,Yes,4.5,313750000.0,0.3486,No,Yes,Yes,Yes,Yes,Yes,Yes
1,Ubricoin,UBN,,,,Kenya,7.0,,2.8,Yes,Yes,Utility,0.0005,No,Yes,No,23.5,,,Yes,Yes,Yes,Yes,Yes,Yes,Yes
3,Umbrella Coin,UMC,Scam,03/05/2018,"I have only just discovered that this coin, in which I participated in their ICO September 2017, has disappeared. There is no longer a website or Twitter account. Funnily enough, the CEO's surname is Tata which I believe was now a joke as it's another way of saying goodbye.",USA,61.0,,1.3,Yes,Yes,Utility,0.5051,No,No,No,9.0,68000000.0,0.688,Yes,Yes,Yes,No,No,Yes,No
2,Upfiring,UFR,Deceased,05/01/2018,scam,Unknown,28.0,,2.35,Yes,Yes,Utility,0.0207,No,No,No,0.0,,,No,No,Yes,Yes,Yes,Yes,missingData
1,Usechain,USE,,,,Singapore,5.0,13.0,3.8,Yes,Yes,Utility,0.0052,Yes,Yes,Yes,13.5,9000000000.0,0.45,Yes,Yes,Yes,Yes,Yes,Yes,Yes
3,Useless Ethereum Token,UET,Parody,14/03/2018,"This coin was created as a joke so it should go into the parody column. The creator was very honest about the fact that he is selling a useless coin, I believe he wanted to make a point about how easy it is to get people to buy into an ICO. This is an excert from his website:",Unknown,7.0,,1.0,Yes,Yes,Utility,0.02,No,No,No,0.0,,,No,No,Yes,No,Yes,Yes,No
1,Uservice,UST,,,,Hong Kong,45.0,27.0,3.05,Yes,Yes,Utility,0.553,No,No,No,22.0,600000000.0,0.6,Yes,Yes,Yes,Yes,Yes,Yes,Yes
1,Utrum,OOT,,,,India,71.0,,3.2,No,No,Utility,0.12,Yes,No,Yes,6.5,49680000.0,0.23,Yes,Yes,Yes,Yes,Yes,Yes,Yes
1,VETRI,VLD,,,,Switzerland,21.0,0.0,3.3,Yes,Yes,Utility,0.065,No,Yes,No,23.5,449848163.0,0.5,Yes,Yes,Yes,Yes,Yes,Yes,Yes
2,VOISE,VOISE,Deceased,21/11/2018,Decentrelized music platform who's development team up and left when the market crashed.,Spain,31.0,,1.7,Yes,Yes,Utility,,No,No,No,0.0,,,No,No,Yes,Yes,Yes,No,Yes
1,Vectorium Plus,VCTP,,,,Estonia,107.0,183.0,3.8,No,No,Utility,1.0,No,No,No,15.0,330000000.0,0.66,Yes,Yes,Yes,Yes,Yes,Yes,Yes
1,Vena Network,Vena,,,,Singapore,10.0,,3.5,Yes,Yes,Utility,0.0201,No,No,No,8.0,300000000.0,0.3,No,Yes,Yes,Yes,Yes,Yes,Yes
1,VenjoCoin,VJC,,,,UK,58.0,,2.6,Yes,Yes,Utility,0.5,Yes,No,No,4.0,500000000.0,0.5,No,No,Yes,Yes,Yes,Yes,Yes
2,Veritaseum,VERI,Scam,15/05/2019,"promises to reduce the costs of exchanging precious metals, which only buy and sell and buy again and lose as 25% in commissions",USA,31.0,,1.5,Yes,Yes,Utility,12.0,No,No,No,3.0,,,No,No,Yes,No,Yes,Yes,No
1,Vezt,VZT,,,,USA,29.0,,2.8,Yes,Yes,Utility,0.5,No,No,No,20.0,,0.5,No,Yes,Yes,Yes,Yes,Yes,No
1,Viewly,VIEW,,,,Slovenia,30.0,7.0,2.6,Yes,Yes,Utility,0.14,Yes,Yes,No,4.5,,0.4,No,Yes,Yes,Yes,No,Yes,Yes
1,WANDX,WAND,,,,Singapore,25.0,,2.7,Yes,Yes,Utility,0.0896,No,No,No,14.0,55000000.0,,No,Yes,Yes,Yes,Yes,Yes,Yes
1,WELL,WELL,,,,USA,45.0,29.0,3.5,Yes,Yes,Utility,0.1,Yes,Yes,No,10.5,600000000.0,,Yes,Yes,Yes,Yes,Yes,Yes,Yes
1,Waves,WAVES,Parody,29/12/2019,"wavesplatform has activated neutrino token (USD-N), and bond neutrino token (USD-NB). With these they want to turn waves into a stablecoin. ATTENTION all the volume they have now in the exchanges is totally false. Through a script that uses waves, USD-N and USD-NB increase the price and volume of trades artificially.",Switzerland,49.0,,4.3,No,No,Payment,188.0,No,No,No,25.0,85000000.0,0.85,No,No,Yes,Yes,Yes,Yes,Yes
1,Webcoin,WEB,Deceased,07/09/2017,,Bulgaria,30.0,20.0,3.1,Yes,Yes,Utility,0.6667,No,Yes,No,18.5,25000000.0,0.36,Yes,Yes,Yes,Yes,Yes,Yes,Yes
1,Welltrado,WTL,,,,Lithuania,56.0,,3.9,Yes,Yes,Utility,0.458,Yes,Yes,No,18.0,65000000.0,0.65,No,Yes,Yes,Yes,Yes,Yes,Yes
1,Xenoverse,XENO,,,,South Korea,1.0,,2.3,Yes,Yes,Utility,0.005,No,No,No,10.0,,,No,Yes,Yes,Yes,Yes,Yes,Yes
1,YGGDRASH,YEED,,,,Singapore,4.0,,2.8,Yes,No,missingData,0.008,No,Yes,No,16.0,5000000000.0,0.5,missingData,missingData,Yes,Yes,missingData,Yes,missingData
1,ZPER,ZPR,,,,Singapore,19.0,3.0,3.65,Yes,Yes,Utility,0.0429,Yes,Yes,No,19.0,2200000000.0,0.5,Yes,Yes,Yes,Yes,Yes,Yes,Yes
1,Zebi,ZCO,Deceased,27/04/2019,Indian based coin similar ti icon.,Singapore,26.0,7.0,2.25,Yes,Yes,Utility,0.0284,Yes,Yes,No,16.0,213000000.0,0.21,Yes,Yes,Yes,Yes,Yes,No,Yes
1,Zeepin,ZPT,,,,Unknown,0.0,,2.4,Yes,No,missingData,0.17,No,No,Yes,3.0,,0.5,missingData,missingData,Yes,Yes,missingData,Yes,missingData
1,Zynecoin,ZYN,Scam,18/12/2019,The first crypto for Africa. x1000 InchAllah.,France,153.0,1.0,3.45,Yes,Yes,Utility,0.43,No,No,No,15.0,,,No,Yes,Yes,Yes,Yes,No,Yes
1,adToken,ADT,,,,USA,0.0,,1.9,Yes,Yes,Utility,0.02,No,No,No,0.0,735999990.0,0.73,No,No,Yes,Yes,Yes,Yes,Yes
1,bitJob,STU,,,,Israel,31.0,,3.0,Yes,Yes,Utility,0.39,No,No,No,25.5,,,No,No,Yes,Yes,Yes,Yes,missingData
1,blockarray,ARY,,,,USA,22.0,,2.2,Yes,Yes,Utility,0.18,Yes,Yes,No,3.5,,0.6,No,Yes,Yes,Yes,Yes,Yes,Yes
2,bounty0x,BNTY,Deceased,25/06/2019,all submissions bounty are rejected. support is suck.,Unknown,14.0,5.0,1.95,Yes,Yes,Utility,0.04,No,No,No,7.0,250000000.0,0.5,Yes,Yes,Yes,Yes,Yes,No,missingData
2,carVertical,cV,Parody,16/06/2019,"carVertical is driven by the idea of data decentralisation and giving power to consumers. Our goal is to enable every car buyer around the globe to get authentic, reliable information about specific vehicles to help them make informed decisions.",Estonia,99.0,,3.8,Yes,Yes,Utility,0.0016,No,No,No,20.0,4289400000.0,0.43,Yes,Yes,Yes,Yes,Yes,Yes,Yes
1,carboneum,C8,,,,Singapore,12.0,45.0,4.0,Yes,Yes,Utility,0.1,Yes,Yes,Yes,6.0,120000000.0,0.6,Yes,Yes,Yes,Yes,Yes,Yes,Yes
1,district0x,DNT,Scam,07/07/2019,Coin hires a team to make it seem like they have updates and progress. But the original team is gone and cashed out already with ICO money. Team soft-exit scammed.,USA,14.0,,3.45,Yes,Yes,Utility,0.0168,No,No,No,8.0,,,Yes,Yes,Yes,Yes,Yes,Yes,No
1,eCoinomic,CNC,,,,Estonia,115.0,18.0,4.0,Yes,Yes,Utility,0.05,Yes,Yes,Yes,20.0,1550000000.0,0.74,Yes,Yes,Yes,Yes,Yes,Yes,Yes
1,envion,EVN,Scam,10/12/2018,Exit scam ICO. The CEO generated 40M token only for him.,Switzerland,30.0,,2.8,Yes,Yes,Utility,1.0,Yes,Yes,No,10.0,124500000.0,0.85,No,No,Yes,Yes,Yes,No,Yes
1,harmony,ONE,Scam,19/03/2020,"The project organizes the  giveaways of tokens, but does not pay them, explaining this with a  third-party contractor error.",USA,1.0,,3.1,No,No,Utility,0.0065,No,Yes,No,18.0,1575000000.0,0.249,No,Yes,Yes,Yes,Yes,No,Yes
1,iFan,iFan,Scam,05/12/2018,This is the biggest SCAM COIN in Vietnam.,Bangladesh,30.0,,1.7,Yes,Yes,Utility,2.6,No,No,No,5.0,,0.0476,No,No,Yes,Yes,No,No,Yes
2,indaHash,IDH,Scam,13/08/2018,https://www.spidersweb.pl/e/indahash-praca-opinie-pracownikow,Poland,21.0,7.0,3.95,Yes,Yes,Utility,0.24,No,No,No,15.5,320000000.0,0.8,Yes,Yes,Yes,Yes,Yes,Yes,Yes
1,intimate,ITM,,,,Malta,42.0,,3.6,Yes,Yes,Utility,997.0,No,Yes,No,17.0,60000000.0,0.6,Yes,Yes,Yes,Yes,Yes,Yes,Yes
1,investFeed,IFT,,,,USA,15.0,,2.7,Yes,Yes,Utility,0.0027,No,No,No,15.0,335000000.0,,No,Yes,Yes,Yes,Yes,Yes,No
1,ioeX,IOEX,,,,Taiwan,0.0,,3.5,Yes,Yes,Utility,0.570027931,No,No,No,23.0,,0.2,No,No,Yes,Yes,Yes,Yes,Yes
1,modum,MOD,,,,Switzerland,21.0,,1.8,Yes,Yes,Utility,1.0,No,No,No,21.0,27266200.0,0.6,No,Yes,Yes,Yes,Yes,Yes,Yes
1,rotharium,RTH,,,,Austria,32.0,26.0,2.9,Yes,Yes,Payment,6.6017,No,No,No,7.0,57900000.0,0.579,No,Yes,Yes,Yes,Yes,Yes,Yes
1,savedroid,SVD,,,,Germany,28.0,14.0,3.4,Yes,Yes,Utility,0.0116,Yes,Yes,No,30.0,6000000000.0,0.6,Yes,Yes,Yes,Yes,Yes,Yes,Yes
1,shelterDAO,SHEL,,,,USA,,,2.4,No,No,missingData,,No,No,No,6.0,,,missingData,missingData,Yes,Yes,missingData,Yes,missingData
1,777.Bingo,777,,,,Hong Kong,50.0,,1.9,Yes,No,missingData,0.0513,No,Yes,No,,2500000000.0,0.25,missingData,missingData,Yes,Yes,missingData,Yes,missingData
2,ALAX,ALX,Deceased,09/08/2018,"Scam - The business partner, Dragonfly, does not has 100MAU as claimed, the number is more probably closer to 0.",Cayman Islands,6.0,,3.3,Yes,No,missingData,0.0503,No,Yes,No,20.0,300000000.0,0.3,missingData,missingData,Yes,Yes,missingData,No,missingData
1,ALZA,ALZA,,,,USA,,,2.7,Yes,No,missingData,0.024,Yes,Yes,No,6.0,1000000000.0,0.25,missingData,missingData,Yes,Yes,missingData,Yes,missingData
1,ATN,ATN,,,,Singapore,,,2.2,Yes,No,missingData,0.01,No,No,No,7.0,,0.6,missingData,missingData,Yes,Yes,missingData,Yes,missingData
1,Aditus,ADI,,,,Singapore,,,1.9,Yes,No,missingData,0.05,No,No,No,16.0,450000000.0,0.45,missingData,missingData,Yes,Yes,missingData,Yes,missingData
1,Agora,VOTE,,,,Unknown,,,2.6,Yes,No,missingData,0.051,No,No,No,15.0,,0.5,missingData,missingData,Yes,Yes,missingData,Yes,missingData
1,Aion,AION,Scam,24/07/2019,Project no longer supported by team (originally outsourced to cheap chinese / indian labor)Class action lawsuit filed in canada.,Canada,0.0,,1.6,Yes,No,missingData,1.0,No,No,Yes,,,,missingData,missingData,Yes,No,missingData,Yes,missingData
2,All For One Business,AFO,Scam,13/12/2019,"This scammer, want to buy their coins,  they are about 3 weeks in ""ico"" and ""masternode"" preseller, but in the exchange you can not trade, they show ""the trade is more than 10 millon dollar"" and now, in youtube their video explain how to earn 400$ in 24 hour, with afo masternode",Venezuela,31.0,,,No,No,missingData,1.5020535,No,No,No,2.0,10000000.0,0.05,missingData,missingData,Yes,Yes,missingData,No,missingData
1,BIZpaye,CRYPTO,,,,Hong Kong,13.0,,,No,No,missingData,0.2,No,Yes,Yes,11.0,,,missingData,missingData,No,Yes,missingData,Yes,missingData
1,Bezop,BEZ,,,,UK,21.0,,,No,No,missingData,0.545703179,Yes,No,Yes,4.0,105178921.0,0.65,missingData,missingData,No,Yes,missingData,Yes,missingData
1,BiNeuro,BNR,Deceased,22/04/2019,AI advertising coin,UK,278.0,,3.8,Yes,No,missingData,0.045,No,No,Yes,7.0,850000000.0,,missingData,missingData,Yes,Yes,missingData,Yes,missingData
1,Bitcoin,BTC,Deceased,16/01/2020,No longer active project.  Development ceased in 2016.,Unknown,,,,No,No,missingData,,No,No,No,,,,missingData,missingData,Yes,No,missingData,No,missingData
1,Bizkey,BZKY,,,,Singapore,32.0,,2.1,Yes,No,missingData,0.0212,Yes,Yes,No,11.0,20000000000.0,0.2,missingData,missingData,Yes,Yes,missingData,Yes,missingData
1,Blockpool,BPL,,,,UK,60.0,,,No,No,missingData,0.4,No,No,Yes,4.0,20000000.0,0.8,missingData,missingData,No,Yes,missingData,Yes,missingData
1,Boontech,BOON,Deceased,02/07/2018,"Here is a coin for your list, Boon Tech (BOON)The value is near zero, never been on a decent exchange. No volume even IDEX. The CEO has no team and seems to be solo act. Announced a office in Dubai which turned out to be a sham. Infrequent if any updates. Telegram is full of bot members and only interactions are by destitute investors. CEO turns out has a alias KELVIN BOON, linked to numerous businesses with Boon in the business name. One is a tacky model/escort agency called Boon Models. Their has been no investment in the project, especially marketing. CEO is reticent and evasive to disclose how the $8m ICO funds are being utilised. Many ICO investors are now barred from the Telegram for voicing serious concerns.Coin looks Dead 💀",USA,,,2.6,Yes,No,missingData,0.04,No,No,No,11.0,,0.5,missingData,missingData,Yes,Yes,missingData,No,missingData
2,Boule,BOU,Scam,07/02/2018,"Voting Platform coin. Great idea, but apparently didn't reach cap so they refunded some and scammed others. Anyone who bought in the pre-sale had their ethereum stolen and got nothing in return but worthless, untradeable coins.",Italy,31.0,,,No,No,missingData,0.297924988,No,No,Yes,5.0,,0.5,missingData,missingData,Yes,Yes,missingData,No,missingData
1,BrickBlock,BBK,,,,Gibraltar,6.0,,,No,No,missingData,0.6,No,No,No,22.0,75500000.0,,missingData,missingData,No,Yes,missingData,Yes,missingData
1,Buddy,BUD,,,,Poland,58.0,61.0,2.9,Yes,No,missingData,0.0591,Yes,Yes,Yes,,470000000.0,0.6,missingData,missingData,No,Yes,missingData,Yes,missingData
1,Centaure,CEN,,,,Azerbaijan,61.0,,3.5,Yes,No,missingData,581.8215824,Yes,No,Yes,4.0,30000000.0,0.6,missingData,missingData,Yes,Yes,missingData,Yes,missingData
1,CoinUs,CNUS,,,,South Korea,14.0,,3.4,Yes,No,missingData,0.0181,No,Yes,No,6.0,1000000000.0,0.5,missingData,missingData,Yes,Yes,missingData,Yes,missingData
1,Connectome,CNTM,,,,Singapore,,,2.0,No,No,missingData,0.015,No,No,No,,750000000.0,0.75,missingData,missingData,Yes,Yes,missingData,Yes,missingData
1,Cotton Coin,COTN,Scam,05/09/2018,"DEV prohibited the deposit of the exchange, sold a coin, delete twitter , and disappeared.",Unknown,,,2.4,No,No,missingData,1.15,No,No,No,,2000000.0,0.1,missingData,missingData,Yes,Yes,missingData,Yes,missingData
1,Cryptolux,CLX,,,,UK,,,2.2,Yes,No,missingData,0.5,No,No,Yes,,7000000.0,0.17,missingData,missingData,Yes,Yes,missingData,Yes,missingData
1,Cryptonity,XNY,Scam,14/02/2019,Cryptonity SCAM!,France,60.0,,3.3,Yes,No,missingData,0.23,No,Yes,Yes,14.0,,0.6,missingData,missingData,Yes,Yes,missingData,Yes,missingData
1,DOVU,DOV,,,,UK,14.0,25.0,,No,No,missingData,0.11,No,Yes,No,6.0,300000000.0,0.25,missingData,missingData,No,Yes,missingData,Yes,missingData
1,DREP,DREP,,,,Singapore,0.0,,3.1,Yes,No,missingData,0.0077,Yes,Yes,No,9.0,3000000000.0,0.3,missingData,missingData,Yes,Yes,missingData,Yes,missingData
1,DocTailor,DOCT,,,,UK,,,2.6,Yes,No,missingData,0.2887,No,No,Yes,13.0,300000000.0,0.6,missingData,missingData,Yes,Yes,missingData,Yes,missingData
2,EXIMCHAIN,EXC,Scam,03/10/2019,Supply Chains built on Blockchain,USA,30.0,,2.4,Yes,No,missingData,0.33,No,No,No,14.0,,0.4,missingData,missingData,Yes,Yes,missingData,Yes,missingData
1,Endor,EDR,,,,Israel,,,2.2,Yes,No,missingData,0.267,No,No,No,23.0,,,missingData,missingData,Yes,Yes,missingData,Yes,missingData
1,Equitybase,BASE,,,,Hong Kong,48.0,13.0,,No,No,missingData,0.2165,Yes,Yes,No,7.0,180000000.0,0.5,missingData,missingData,No,Yes,missingData,Yes,missingData
1,Escrowblock,ESCB,,,,Russia,,,2.8,Yes,No,missingData,0.1,No,No,No,,66000000.0,0.66,missingData,missingData,Yes,Yes,missingData,Yes,missingData
1,Ethersocial,ESN,,,,South Korea,21.0,,2.6,Yes,No,missingData,573.7035482,No,Yes,No,,,,missingData,missingData,Yes,Yes,missingData,Yes,missingData
2,Fitrova,FRV,Scam,03/06/2018,Exit scamhttps://steemit.com/cryptocurrency/@creatovert/fitrova-scam-investigation-the-saga-reached-it-s-final-confirmation,Australia,,,1.2,Yes,No,missingData,0.0051,No,No,No,,,,missingData,missingData,Yes,Yes,missingData,No,missingData
1,FuzeX,FXT,,,,Switzerland,,,2.6,Yes,No,missingData,0.091,No,No,No,9.0,,,missingData,missingData,Yes,Yes,missingData,Yes,missingData
1,Gems,GEM,Scam,27/08/2018,No monthly/weekly report,Unknown,35.0,,2.5,Yes,No,missingData,0.000129,No,No,No,,,,missingData,missingData,Yes,Yes,missingData,No,missingData
1,Gizer,GZR,,,,USA,26.0,10.0,,No,No,missingData,0.398,No,No,No,15.0,8000000.0,0.8,missingData,missingData,No,Yes,missingData,Yes,missingData
1,GoByte,GBX,Deceased,28/05/2018,Shitcoin,Malaysia,,,3.0,Yes,No,missingData,0.8,No,No,No,8.0,,,missingData,missingData,Yes,Yes,missingData,Yes,missingData
1,Gravel Coin,GRVC,,,,Brazil,,,2.9,Yes,No,missingData,0.08,Yes,Yes,No,15.0,75550000.0,0.8,missingData,missingData,Yes,Yes,missingData,Yes,missingData
1,HireGo,HGO,,,,UK,39.0,31.0,,No,No,missingData,0.145010758,No,Yes,No,7.0,,0.6,missingData,missingData,No,Yes,missingData,Yes,missingData
1,Humanscape,HUM,,,,Hong Kong,379.0,7.0,3.3,Yes,No,missingData,0.01,Yes,Yes,Yes,23.0,377540317.0,0.4,missingData,missingData,Yes,Yes,missingData,Yes,missingData
1,HyperQuant,HQT,,,,Estonia,9.0,9.0,3.9,Yes,No,missingData,0.130268083,Yes,Yes,Yes,15.0,70000000.0,0.35,missingData,missingData,Yes,Yes,missingData,Yes,missingData
0,INCX,INCX,,,,Singapore,4.0,0.0,2.8,Yes,Yes,Utility,0.0167,Yes,Yes,No,13.0,434285714.0,0.4343,No,Yes,Yes,Yes,Yes,No,Yes
0,INCX,INCX,,,,Singapore,17.0,3.5,2.7,Yes,Yes,Utility,0.0167,Yes,Yes,No,11.0,434259598.0,0.4343,No,Yes,Yes,Yes,Yes,No,Yes
1,Insolar,INS,Scam,27/01/2020,They increased the total supply x20 but investors get only x10 with 3 years vesting.,Russia,21.0,,,No,No,missingData,1.5658,No,No,No,4.0,30000000.0,0.6,missingData,missingData,No,Yes,missingData,No,missingData
1,Insureum,ISR,,,,South Korea,0.0,,3.9,Yes,No,missingData,1.0,No,No,No,23.0,193050000.0,0.65,missingData,missingData,Yes,Yes,missingData,Yes,missingData
1,IonChain,IONC,,,,Finland,7.0,,,No,No,missingData,0.00374,No,No,No,9.0,200000000.0,,missingData,missingData,No,Yes,missingData,Yes,missingData
1,Jarvis+,JAR,,,,Unknown,0.0,,2.1,Yes,No,missingData,0.0303,No,No,Yes,8.0,270000000.0,0.35,missingData,missingData,Yes,Yes,missingData,Yes,missingData
1,Kingcuan,CUAN,,,,Indonesia,21.0,8.0,2.9,Yes,No,missingData,0.00021,No,No,No,4.0,4800000000.0,0.4,missingData,missingData,Yes,Yes,missingData,Yes,missingData
1,Kizuna Global Token,KGT,,,,Japan,11.0,89.0,,No,No,missingData,0.3235,No,Yes,No,,35000000.0,0.23,missingData,missingData,No,No,missingData,Yes,missingData
1,Lightyears,LYS,,,,Unknown,97.0,47.0,,No,No,missingData,0.0306,No,No,No,1.0,,,missingData,missingData,No,Yes,missingData,Yes,missingData
1,Lionsea,LST,Scam,16/07/2018,SCAM,Singapore,,,1.8,Yes,No,missingData,,No,No,Yes,,20000000.0,0.5,missingData,missingData,Yes,Yes,missingData,No,missingData
1,Loligo,LLG,Scam,02/10/2018,Scam project,France,96.0,,4.1,Yes,No,missingData,0.2871,Yes,Yes,Yes,11.0,11200000.0,0.7,missingData,missingData,Yes,Yes,missingData,Yes,missingData
1,MakeMyCoin,MMCO,,,,Unknown,,10.0,,No,No,missingData,,No,No,No,,,,missingData,missingData,No,Yes,missingData,Yes,missingData
1,Marcelo,MRL,,,,UK,,,2.7,Yes,No,missingData,,No,No,No,4.0,,,missingData,missingData,Yes,Yes,missingData,Yes,missingData
1,Mass Vehicle Ledger,MVL,,,,Singapore,,,2.9,Yes,No,missingData,0.0028,No,Yes,No,18.0,8700000000.0,0.29,missingData,missingData,Yes,Yes,missingData,Yes,missingData
1,MaxiMine,MXM,,,,Singapore,45.0,,,No,No,missingData,0.011,Yes,Yes,No,,8000000000.0,0.5,missingData,missingData,No,Yes,missingData,Yes,missingData
1,Mithril Ore,MORE,,,,Hong Kong,,,2.2,Yes,No,missingData,,No,No,No,8.0,465000.0,0.93,missingData,missingData,Yes,Yes,missingData,Yes,missingData
1,Musiconomi,MCI,,,,Unknown,368.0,,,No,No,missingData,,No,No,No,14.0,,,missingData,missingData,No,Yes,missingData,Yes,missingData
1,NEXT.exchange,NEXT,,,,Netherlands,41.0,,,No,No,missingData,0.366730011,No,No,No,4.0,76000000.0,,missingData,missingData,No,Yes,missingData,Yes,missingData
2,Nexo,NEXO,Hack,28/01/2020,Withdraws fails sometimes. Than the team do not answer the tickets registered in their own site.,Switzerland,0.0,15.0,,No,No,missingData,0.1,Yes,Yes,No,16.0,525000000.0,0.525,missingData,missingData,Yes,Yes,missingData,Yes,missingData
1,Noah Coin,NOAH,,,,Japan,31.0,,3.6,Yes,No,missingData,0.0375,No,No,No,7.0,27693461202.0,0.1282,missingData,missingData,Yes,Yes,missingData,Yes,missingData
1,Noku,NOKU,,,,Switzerland,395.0,,,No,No,missingData,,No,Yes,No,,15000000.0,0.15,missingData,missingData,No,Yes,missingData,Yes,missingData
2,ODYSSEY,OCN,Scam,11/02/2019,Team left project and Yİ Shi in Prison,Singapore,22.0,,2.4,Yes,No,missingData,0.00966,Yes,Yes,No,,,,missingData,missingData,Yes,Yes,missingData,Yes,missingData
1,OpenGift,GIFT,Deceased,05/08/2019,ICO presale never happened. The team could not raise money from private investors. All the project listed on the website are not active. There are no updates. https://icoholder.com/en/opengift-pre-ico-18247,British Virgin Islands,,,2.7,Yes,No,missingData,,No,No,Yes,7.0,65625000.0,0.625,missingData,missingData,Yes,Yes,missingData,Yes,missingData
1,Owndata,OWN,,,,UK,90.0,,3.2,Yes,No,missingData,1.813956832,Yes,No,Yes,7.0,,,missingData,missingData,Yes,Yes,missingData,Yes,missingData
1,Oyster,PRL,Scam,29/10/2018,"""Store data in the IOTA tangle"" was the catchphrase for this coin which exit scammed on October 30th, 2018.",Unknown,,,2.0,Yes,No,missingData,0.0824,No,No,No,10.0,,,missingData,missingData,Yes,Yes,missingData,Yes,missingData
1,POCAGA,PCG,Scam,14/10/2018,"Coin for a new type of online gambling. Fake project, did an exit scam",USA,78.0,,,No,No,missingData,0.7,No,No,No,,70000000.0,0.65,missingData,missingData,Yes,Yes,missingData,No,missingData
1,PRASM,PSM,,,,Unknown,29.0,,2.4,Yes,No,missingData,0.035,No,No,No,,4000000000.0,,missingData,missingData,Yes,Yes,missingData,Yes,missingData
1,Pareto,PARETO,Parody,13/01/2019,Fake project,USA,47.0,76.0,2.6,Yes,No,missingData,0.066,No,No,No,9.0,166200000.0,,missingData,missingData,Yes,Yes,missingData,Yes,missingData
1,Petro,PTR,Scam,11/12/2018,Venezuelan drug cartel-run regime SCAM coin,Venezuela,,,1.6,No,No,missingData,60.0,No,No,No,,8240000.0,0.824,missingData,missingData,Yes,Yes,missingData,No,missingData
1,Potentiam,PTM,,,,UK,,,2.7,Yes,No,missingData,,No,No,Yes,8.0,60000000.0,0.6,missingData,missingData,Yes,Yes,missingData,Yes,missingData
1,PumaPay,PMA,,,,Gibraltar,6.0,87.0,,No,No,missingData,0.0265,No,No,No,13.0,,,missingData,missingData,No,Yes,missingData,Yes,missingData
2,QuickX Protocol,QCX,Scam,19/07/2019,"EXIT SCAM, FAKE PROFILE OF ADMINS AND CEO",Malta,41.0,,4.0,Yes,No,missingData,0.0366,Yes,Yes,Yes,21.0,300000000.0,0.6,missingData,missingData,Yes,Yes,missingData,Yes,missingData
1,Quinads,QUIN,,,,Indonesia,28.0,,2.6,Yes,No,missingData,0.002,No,No,No,1.0,12000000000.0,0.6,missingData,missingData,Yes,Yes,missingData,Yes,missingData
1,Redpill,RPIL,,,,USA,19.0,,2.8,Yes,No,missingData,0.2,Yes,No,Yes,6.0,50000000.0,0.5,missingData,missingData,Yes,Yes,missingData,Yes,missingData
1,Rublix,RBLX,,,,Canada,31.0,,2.6,Yes,No,missingData,0.0408,No,No,Yes,8.0,,0.2,missingData,missingData,Yes,Yes,missingData,Yes,missingData
1,Saske,SXAS,Scam,29/11/2017,"Didn't follow coin distribution in white paper, people invested, started producing a ton more coins than promised. Deleted all social media.",USA,,,2.1,No,No,missingData,,No,No,No,,,,missingData,missingData,Yes,Yes,missingData,No,missingData
1,Selfsell,SSC,,,,Singapore,10.0,,2.8,Yes,No,missingData,0.1,No,No,No,,,0.3,missingData,missingData,Yes,Yes,missingData,Yes,missingData
1,Senno,SENNO,,,,Hong Kong,31.0,3.0,2.8,No,No,missingData,0.01,Yes,No,No,15.0,29000000.0,,missingData,missingData,Yes,Yes,missingData,Yes,missingData
2,ShipChain,SHIP,Scam,10/10/2018,"ShipChain - Coin, shilled by the famous scammer and pseudo trader WolfOfPoloniex. They ran funding through his discord, selling to clueless paying members of his. Coin is useless moneygrab. Daily volume is 500 bucks - less than the price of Huawei phone. It is just dead!",USA,4.0,,2.2,Yes,No,missingData,0.34,No,No,No,11.0,,,missingData,missingData,Yes,Yes,missingData,No,missingData
1,Simmitri,SIM,,,,USA,31.0,,2.3,Yes,No,missingData,0.017,No,No,No,15.0,,,missingData,missingData,Yes,Yes,missingData,Yes,missingData
1,Sponsy,SPONS,Deceased,28/03/2019,"""First Failed ICO On Ebay For Sale""This failed ICO made headlines for being the first known failed project to end up on sale on Ebay.  [1,2]Sponsy is a failed ICO that attempted to launch in the summer of 2018, according to the Financial Times. The proprietor of the crypto project currently has it listed on eBay for a price of $60,000 and says the firm’s biggest mistake was building a product first. Sponsy was intended to be a decentralized sponsorship platform, but the proprietor also openly says that the decentralized aspect isn’t critical. [3]Ivan Komar, the founder of the Sponsy said:""We hired a lawyer and that was a big mistake for us. Because our lawyer basically told us that we should not launch any ICO before we built a real product that might have some users. And I asked him why, because I saw so many ICOs out there who did not have any idea for any product, yet they managed to raise tens of millions of dollars."" [4]Courtesy of a bounty campaign from BountyHub.io [5], the project claims to have a “solid social presence,” with over 10,000 likes on Facebook and 8,000 subscribers on Twitter. However, the Twitter page has only been updated twice a month since the company announced its forthcoming token sale last December, and the posts have around ten likes on average. Sponsy has a similar presence on Facebook, with posts randomly commented on by several seemingly bot-like users. [6][1.] https://archive.fo/Llvzu - Archived Ebay listing",Unknown,,,2.4,Yes,No,missingData,0.1,No,No,No,15.0,200000000.0,0.7,missingData,missingData,Yes,Yes,missingData,No,missingData
1,SuperSkynet,SSN,,,,China,29.0,,2.2,Yes,No,missingData,,No,No,Yes,,22500000000.0,0.5,missingData,missingData,Yes,Yes,missingData,Yes,missingData
1,SwissRealCoin,SRC,Scam,22/07/2019,"They deceived thousands of people to advertise their campaign, with the promise of giving them coins, but they never did. They are scammers from before they started.",Switzerland,,,,No,No,missingData,1.0,No,Yes,No,10.0,160500000.0,0.92,missingData,missingData,Yes,Yes,missingData,No,missingData
1,TAGZ,TAGZ,,,,Australia,41.0,,,No,No,missingData,0.1375,No,No,No,12.0,40000000.0,0.65,missingData,missingData,No,Yes,missingData,Yes,missingData
1,Telcoin,TEL,,,,Japan,19.0,,3.4,Yes,No,missingData,0.0013,No,No,No,18.0,20000000000.0,,missingData,missingData,Yes,Yes,missingData,Yes,missingData
1,Tkeycoin,TCD,Scam,23/07/2019,"There is no source code, it does not bargain on exchanges, it cannot be exchanged for money.",United Arab Emirates,243.0,,,No,No,missingData,1.0,No,No,Yes,19.0,100000000.0,0.95,missingData,missingData,Yes,Yes,missingData,No,missingData
1,TraXion,TXN,,,,Philippines,31.0,30.0,4.3,Yes,No,missingData,0.1981,Yes,Yes,Yes,22.0,250000000.0,0.5,missingData,missingData,Yes,Yes,missingData,Yes,missingData
1,Traid,TRAID,,,,Czech Republic,29.0,,1.5,No,No,missingData,0.09,No,No,Yes,,13860000.0,0.55,missingData,missingData,Yes,Yes,missingData,Yes,missingData
1,TravelFlex,TRF,Scam,17/03/2019,scam ceo delet account,Hong Kong,,,2.1,No,No,missingData,0.28,Yes,No,No,,95000000.0,,missingData,missingData,Yes,Yes,missingData,No,missingData
2,Trendit,TND,Deceased,28/05/2018,Social media that pays users.,Canada,35.0,,2.8,Yes,No,missingData,0.0909,No,No,No,,,0.45,missingData,missingData,Yes,Yes,missingData,No,missingData
2,Triaconta,TRIA,,,,Netherlands,17.0,,0.9,Yes,No,missingData,0.01,No,No,No,,,,missingData,missingData,Yes,No,missingData,Yes,missingData
3,Trinity,TNC,Scam,14/04/2018,,China,0.0,,1.7,No,No,missingData,0.06,No,No,No,,,,missingData,missingData,Yes,Yes,missingData,Yes,missingData
1,UltraChain,ULTRA,Scam,25/03/2020,This project has just made a scam exit. Every social media accounts for this project is now suspended.Abit and Hotbit exchange has already cancelled the agreements made with this project.,USA,90.0,,,No,No,missingData,3.0,No,No,No,,,0.75,missingData,missingData,Yes,Yes,missingData,No,missingData
1,Uranus,URAC,,,,China,10.0,,3.0,Yes,No,missingData,0.0193,Yes,Yes,No,23.0,,,missingData,missingData,Yes,No,missingData,Yes,missingData
1,VendiCoins,VENDI,Scam,07/05/2019,"Vendio implements a proprietary tagging algorithm appended to a piece of video content at specific times during a specific video duration, selected by the publisher. These tags accurately describe the visual content being displayed during the specific duration of time selected. The data within the tags and asset information is then shared with potential advertisers of the publisher’s choice, who then select the best advertisement to match the specific content tagged by the publisher.",Belize,56.0,15.0,,No,No,missingData,1.25,No,Yes,No,7.0,5500000.0,0.55,missingData,missingData,Yes,Yes,missingData,No,missingData
2,Verify,CRED,,,,Singapore,7.0,,2.9,Yes,No,missingData,0.166,No,No,No,8.0,,,missingData,missingData,Yes,Yes,missingData,Yes,missingData
1,Verity,VTY,,,,Gibraltar,,,2.8,Yes,No,missingData,,No,No,Yes,14.0,250000000.0,0.5,missingData,missingData,Yes,Yes,missingData,Yes,missingData
1,Victorieum,VTM,,,,Belize,92.0,,,No,No,missingData,0.21,No,No,Yes,18.0,765000000.0,0.765,missingData,missingData,No,Yes,missingData,Yes,missingData
1,VideoCoin,VID,,,,Cayman Islands,120.0,,2.7,Yes,No,missingData,1.0,Yes,Yes,No,,723130000.0,0.81,missingData,missingData,Yes,Yes,missingData,Yes,missingData
2,Viuly,VIU,Deceased,09/07/2019,The Youtube of the Blockchain or at least they wanted to do it. The 2 official sites published in coinmarketcap are no longer available. The price of the currency has lost all its value.,Moldova,14.0,3.0,,No,No,missingData,0.145847,No,No,No,4.0,550000000.0,,missingData,missingData,Yes,Yes,missingData,Yes,missingData
