{
  "model_info": {
    "model_name": "xgboost",
    "model_type": "binary_classification",
    "hyperparameters": {
      "max_depth": [
        2,
        3,
        4,
        5
      ],
      "eta": [
        0.01,
        0.1,
        0.3
      ],
      "alpha": [
        0.1,
        1.0,
        10.0
      ],
      "lambda": [
        0.1,
        1.0,
        10.0
      ]
    },
    "training_time": "2025-08-06T14:52:48.652365"
  },
  "experimental_setup": {
    "dataset_name": "ico",
    "n_features": 21,
    "classification_type": "binary"
  },
  "results_by_shot_size": {
    "4": {
      "precision": {
        "mean": 0.0,
        "std": 0.0,
        "raw_values": [
          0.0,
          0.0,
          0.0,
          0.0,
          0.0
        ],
        "count": 5
      },
      "recall": {
        "mean": 0.0,
        "std": 0.0,
        "raw_values": [
          0.0,
          0.0,
          0.0,
          0.0,
          0.0
        ],
        "count": 5
      },
      "f1_score": {
        "mean": 0.0,
        "std": 0.0,
        "raw_values": [
          0.0,
          0.0,
          0.0,
          0.0,
          0.0
        ],
        "count": 5
      },
      "auprc": {
        "mean": 0.023209428830462377,
        "std": 0.0015807430438950765,
        "raw_values": [
          0.022665457842248413,
          0.024478694469628286,
          0.025385312783318223,
          0.022665457842248413,
          0.02085222121486854
        ],
        "count": 5
      }
    },
    "8": {
      "precision": {
        "mean": 0.025252959321631362,
        "std": 0.005953728745264247,
        "raw_values": [
          0.026022304832713755,
          0.035416666666666666,
          0.018518518518518517,
          0.02005730659025788,
          0.02625
        ],
        "count": 5
      },
      "recall": {
        "mean": 0.49910605014952847,
        "std": 0.2431807360449471,
        "raw_values": [
          0.28,
          0.6296296296296297,
          0.39285714285714285,
          0.28,
          0.9130434782608695
        ],
        "count": 5
      },
      "f1_score": {
        "mean": 0.04770318568149416,
        "std": 0.011343813778955289,
        "raw_values": [
          0.047619047619047616,
          0.0670611439842209,
          0.03536977491961415,
          0.0374331550802139,
          0.05103280680437424
        ],
        "count": 5
      },
      "auprc": {
        "mean": 0.025074877576761485,
        "std": 0.003399614554072524,
        "raw_values": [
          0.02360537499957871,
          0.03136556585294875,
          0.0226876436078612,
          0.021935175491691064,
          0.025780627931727695
        ],
        "count": 5
      }
    },
    "16": {
      "precision": {
        "mean": 0.022726958165163607,
        "std": 0.003652134705233342,
        "raw_values": [
          0.028225806451612902,
          0.020689655172413793,
          0.0256797583081571,
          0.02074688796680498,
          0.018292682926829267
        ],
        "count": 5
      },
      "recall": {
        "mean": 0.4805783298826777,
        "std": 0.0872865969557789,
        "raw_values": [
          0.56,
          0.4444444444444444,
          0.6071428571428571,
          0.4,
          0.391304347826087
        ],
        "count": 5
      },
      "f1_score": {
        "mean": 0.043391213535994,
        "std": 0.006977118209039617,
        "raw_values": [
          0.053742802303262956,
          0.039538714991762765,
          0.04927536231884058,
          0.03944773175542406,
          0.03495145631067961
        ],
        "count": 5
      },
      "auprc": {
        "mean": 0.0332040319021842,
        "std": 0.01491250677198767,
        "raw_values": [
          0.02878476730038588,
          0.019352524551725307,
          0.024086707387738583,
          0.06176987584563642,
          0.03202628442543482
        ],
        "count": 5
      }
    },
    "32": {
      "precision": {
        "mean": 0.04044550778324109,
        "std": 0.007310946349765985,
        "raw_values": [
          0.0392156862745098,
          0.04103671706263499,
          0.03968253968253968,
          0.05263157894736842,
          0.029661016949152543
        ],
        "count": 5
      },
      "recall": {
        "mean": 0.7173370140326661,
        "std": 0.0735546364383383,
        "raw_values": [
          0.72,
          0.7037037037037037,
          0.7142857142857143,
          0.84,
          0.6086956521739131
        ],
        "count": 5
      },
      "f1_score": {
        "mean": 0.0765482831922946,
        "std": 0.013516556748232985,
        "raw_values": [
          0.0743801652892562,
          0.07755102040816327,
          0.07518796992481203,
          0.09905660377358491,
          0.05656565656565657
        ],
        "count": 5
      },
      "auprc": {
        "mean": 0.043404888836400965,
        "std": 0.009932100191857864,
        "raw_values": [
          0.031713928394448136,
          0.0577722961739687,
          0.04930432766252002,
          0.04538415568270724,
          0.032849736268360755
        ],
        "count": 5
      }
    },
    "64": {
      "precision": {
        "mean": 0.040610103925246756,
        "std": 0.011848816519717297,
        "raw_values": [
          0.0410958904109589,
          0.03763440860215054,
          0.03790613718411552,
          0.06153846153846154,
          0.024875621890547265
        ],
        "count": 5
      },
      "recall": {
        "mean": 0.5886602254428341,
        "std": 0.10713828986762321,
        "raw_values": [
          0.6,
          0.5185185185185185,
          0.75,
          0.64,
          0.43478260869565216
        ],
        "count": 5
      },
      "f1_score": {
        "mean": 0.07572059785139482,
        "std": 0.020990359188931725,
        "raw_values": [
          0.07692307692307693,
          0.07017543859649122,
          0.07216494845360824,
          0.11228070175438597,
          0.047058823529411764
        ],
        "count": 5
      },
      "auprc": {
        "mean": 0.05583373786800836,
        "std": 0.024016737466667295,
        "raw_values": [
          0.10285459730743853,
          0.047638135328751316,
          0.037783920188039596,
          0.05111540595119638,
          0.039776630564615945
        ],
        "count": 5
      }
    },
    "128": {
      "precision": {
        "mean": 0.046033341496513204,
        "std": 0.010383628003255001,
        "raw_values": [
          0.054285714285714284,
          0.03323262839879154,
          0.04960835509138381,
          0.05864197530864197,
          0.0343980343980344
        ],
        "count": 5
      },
      "recall": {
        "mean": 0.6429348976305498,
        "std": 0.1306322803163844,
        "raw_values": [
          0.76,
          0.4074074074074074,
          0.6785714285714286,
          0.76,
          0.6086956521739131
        ],
        "count": 5
      },
      "f1_score": {
        "mean": 0.08584841375682535,
        "std": 0.019178181166937144,
        "raw_values": [
          0.10133333333333333,
          0.061452513966480445,
          0.09245742092457421,
          0.10888252148997135,
          0.06511627906976744
        ],
        "count": 5
      },
      "auprc": {
        "mean": 0.06703121527437235,
        "std": 0.021194399181528725,
        "raw_values": [
          0.09861669203423809,
          0.04188310638123119,
          0.0702133002516518,
          0.07894797173086253,
          0.04549500597387811
        ],
        "count": 5
      }
    },

    "all": {
      "precision": {
        "mean": 0.2,
        "std": 0.4000000000000001,
        "raw_values": [
          0.0,
          1.0,
          0.0,
          0.0,
          0.0
        ],
        "count": 5
      },
      "recall": {
        "mean": 0.007407407407407407,
        "std": 0.014814814814814814,